timeH,eventCode,eAvailableMWh,eSourceUsedMWh,eElectricityInputMWh,eHydrogenInputMWh,eFlexibleComputeInputMWh,eCableReceivedMWh,h2ProducedKg,h2PipeDeliveredKg,h2ShipDeliveredKg,h2DeliveredKg,h2InventoryDeltaKg,eComputeServiceMWhCS,eCurtailmentMWh,ensMWh,outputRevenueCNY,operatingCostCNY,economicNetCostCNY,exitflag,auditPass,runStatus,strictPass,relaxedPass,strategyId,realizedElectricityShare,realizedHydrogenShare,realizedComputeShare,ratioActive,forecastMode,priorAvailableMW,posteriorAvailableMW,forecastSigmaMW,planningAvailableMW,forecastErrorMW,planningWindowH,plannedFirstHourAllocatedMW,plannedFirstHourHydrogenMW,plannedWindowHydrogenMWh,plannedMinimumAllocatedInputMW,plannedElectricityShare,plannedHydrogenShare,plannedComputeShare,rawPlannedElectricityShare,rawPlannedHydrogenShare,rawPlannedComputeShare,plannedRatioActive,planHeldByDeadband,planShareChangeL1,eventRiskLevel,riskQuantile,bessReserveTargetSOC,h2ReserveTargetKg,bessReserveShortfallMWh,h2ReserveShortfallKg,reserveMode,planStatus,planFallbackUsed,planFallbackMessage,reserveConstraintRelaxationUsed,reliabilityRelaxationUsed,minimumFeasibleENSMWh,reserveTargetEnforced,reserveTargetFallbackUsed,normalStateFloorEnforced,normalBessFloorShortfallMWh,normalH2FloorShortfallKg,surplusRedispatchUsed,surplusRedispatchHydrogenMWh,surplusRedispatchCurtailmentReductionMWh,surplusRedispatchTriggerMW,mainConclusionEligible,mainConclusionStatus,pSourceAvailableMW,pSourceUsedMW,pCurtailmentMW,pBessChargeMW,pBessDischargeMW,bessSOC,pElectrolyzerMW,h2InventoryKg,pH2PowerMW,pCableSendMW,pComputeFacilityMW,pComputeBaseUnservedMW,pMarineUnservedMW,pInternalUnservedMW,pWindAvailableMW,pPVAvailableMW,pTidalAvailableMW
0,NORMAL,327.969049616543,287.805789473684,200,0,0,184,0,0,0,0,0,0,40.1632601428591,0,49560,5756.11578947368,-65664.8842105263,1,1,PASS_STRICT,1,0,baseline_E_asset_only,1,0,0,1,CURRENT_OBSERVATION,NaN,NaN,NaN,NaN,NaN,1,NaN,NaN,NaN,0,NaN,NaN,NaN,NaN,NaN,NaN,0,0,NaN,0,0.5,NaN,NaN,NaN,NaN,NONE,NOT_APPLICABLE_CURRENT_OBSERVATION,0,,0,0,NaN,0,0,0,NaN,NaN,0,NaN,NaN,40.1632601428591,1,MAIN_CONCLUSION_ELIGIBLE,327.969049616543,287.805789473684,40.1632601428591,66.3157894736842,0,0.89375,0,0,0,200,0,0,0,0,314.3056,13.0214041862257,0.642045430317657
1,NORMAL,314.917570879358,221.49,200,0,0,184,0,0,0,0,0,0,93.427570879358,0,49560,4429.8,-45130.2,1,1,PASS_STRICT,1,0,baseline_E_asset_only,1,0,0,1,CURRENT_OBSERVATION,NaN,NaN,NaN,NaN,NaN,1,NaN,NaN,NaN,0,NaN,NaN,NaN,NaN,NaN,NaN,0,0,NaN,0,0.5,NaN,NaN,NaN,NaN,NONE,NOT_APPLICABLE_CURRENT_OBSERVATION,0,,0,0,NaN,0,0,0,NaN,NaN,0,NaN,NaN,93.427570879358,1,MAIN_CONCLUSION_ELIGIBLE,314.917570879358,221.49,93.427570879358,0,0,0.89375,0,0,0,200,0,0,0,0,286.3756,27.2092983259927,1.33267255336529
2,NORMAL,291.840438733695,221.49,200,0,0,184,0,0,0,0,0,0,70.3504387336953,0,49560,4429.8,-45130.2,1,1,PASS_STRICT,1,0,baseline_E_asset_only,1,0,0,1,CURRENT_OBSERVATION,NaN,NaN,NaN,NaN,NaN,1,NaN,NaN,NaN,0,NaN,NaN,NaN,NaN,NaN,NaN,0,0,NaN,0,0.5,NaN,NaN,NaN,NaN,NONE,NOT_APPLICABLE_CURRENT_OBSERVATION,0,,0,0,NaN,0,0,0,NaN,NaN,0,NaN,NaN,70.3504387336953,1,MAIN_CONCLUSION_ELIGIBLE,291.840438733695,221.49,70.3504387336953,0,0,0.89375,0,0,0,200,0,0,0,0,249.508,40.1699680641617,2.16247066953362
3,NORMAL,232.456082987042,221.49,200,0,0,184,0,0,0,0,0,0,10.9660829870421,0,49560,4429.8,-45130.2,1,1,PASS_STRICT,1,0,baseline_E_asset_only,1,0,0,1,CURRENT_OBSERVATION,NaN,NaN,NaN,NaN,NaN,1,NaN,NaN,NaN,0,NaN,NaN,NaN,NaN,NaN,NaN,0,0,NaN,0,0.5,NaN,NaN,NaN,NaN,NONE,NOT_APPLICABLE_CURRENT_OBSERVATION,0,,0,0,NaN,0,0,0,NaN,NaN,0,NaN,NaN,10.9660829870421,1,MAIN_CONCLUSION_ELIGIBLE,232.456082987042,221.49,10.9660829870421,0,0,0.89375,0,0,0,200,0,0,0,0,176.89,52.2046676557883,3.36141533125378
4,NORMAL,189.034659350842,189.034659350842,167.544659350842,0,0,154.141086602775,0,0,0,0,0,0,0,0,42393.8607846659,3780.69318701684,-38613.1675976491,1,1,PASS_STRICT,1,0,baseline_E_asset_only,1,0,0,1,CURRENT_OBSERVATION,NaN,NaN,NaN,NaN,NaN,1,NaN,NaN,NaN,0,NaN,NaN,NaN,NaN,NaN,NaN,0,0,NaN,0,0.5,NaN,NaN,NaN,NaN,NONE,NOT_APPLICABLE_CURRENT_OBSERVATION,0,,0,0,NaN,0,0,0,NaN,NaN,0,NaN,NaN,0,1,MAIN_CONCLUSION_ELIGIBLE,189.034659350842,189.034659350842,0,0,0,0.89375,0,0,0,167.544659350842,0,0,0,0,123.088,61.1244315922755,4.82222775856656
5,NORMAL,158.383746939714,158.383746939714,136.893746939714,0,0,125.942247184537,0,0,0,0,0,0,0,0,35626.1393242888,3167.67493879428,-32458.4643854945,1,1,PASS_STRICT,1,0,baseline_E_asset_only,1,0,0,1,CURRENT_OBSERVATION,NaN,NaN,NaN,NaN,NaN,1,NaN,NaN,NaN,0,NaN,NaN,NaN,NaN,NaN,NaN,0,0,NaN,0,0.5,NaN,NaN,NaN,NaN,NONE,NOT_APPLICABLE_CURRENT_OBSERVATION,0,,0,0,NaN,0,0,0,NaN,NaN,0,NaN,NaN,0,1,MAIN_CONCLUSION_ELIGIBLE,158.383746939714,158.383746939714,0,0,0,0.89375,0,0,0,136.893746939714,0,0,0,0,94.864,57.0362761655473,6.48347077416645
6,NORMAL,149.704634262795,149.704634262795,128.214634262795,0,0,117.957463521771,0,0,0,0,0,0,0,0,33709.791245225,2994.09268525589,-30715.6985599691,1,1,PASS_STRICT,1,0,baseline_E_asset_only,1,0,0,1,CURRENT_OBSERVATION,NaN,NaN,NaN,NaN,NaN,1,NaN,NaN,NaN,0,NaN,NaN,NaN,NaN,NaN,NaN,0,0,NaN,0,0.5,NaN,NaN,NaN,NaN,NONE,NOT_APPLICABLE_CURRENT_OBSERVATION,0,,0,0,NaN,0,0,0,NaN,NaN,0,NaN,NaN,0,1,MAIN_CONCLUSION_ELIGIBLE,149.704634262795,149.704634262795,0,0,0,0.89375,0,0,0,128.214634262795,0,0,0,0,87.808,45.4923059270679,16.4043283357266
7,NORMAL,158.133331487122,158.133331487122,136.643331487122,0,0,125.711864968152,0,0,0,0,0,0,0,0,50656.2713885347,3162.66662974243,-47493.6047587922,1,1,PASS_STRICT,1,0,baseline_E_asset_only,1,0,0,1,CURRENT_OBSERVATION,NaN,NaN,NaN,NaN,NaN,1,NaN,NaN,NaN,0,NaN,NaN,NaN,NaN,NaN,NaN,0,0,NaN,0,0.5,NaN,NaN,NaN,NaN,NONE,NOT_APPLICABLE_CURRENT_OBSERVATION,0,,0,0,NaN,0,0,0,NaN,NaN,0,NaN,NaN,0,1,MAIN_CONCLUSION_ELIGIBLE,158.133331487122,158.133331487122,0,0,0,0.89375,0,0,0,136.643331487122,0,0,0,0,104.86,33.6866159852672,19.5867155018544
8,NORMAL,179.434951368027,179.434951368027,157.944951368027,0,0,145.309355258585,0,0,0,0,0,0,0,0,57711.3678930906,3588.69902736055,-54122.6688657301,1,1,PASS_STRICT,1,0,baseline_E_asset_only,1,0,0,1,CURRENT_OBSERVATION,NaN,NaN,NaN,NaN,NaN,1,NaN,NaN,NaN,0,NaN,NaN,NaN,NaN,NaN,NaN,0,0,NaN,0,0.5,NaN,NaN,NaN,NaN,NONE,NOT_APPLICABLE_CURRENT_OBSERVATION,0,,0,0,NaN,0,0,0,NaN,NaN,0,NaN,NaN,0,1,MAIN_CONCLUSION_ELIGIBLE,179.434951368027,179.434951368027,0,0,0,0.89375,0,0,0,157.944951368027,0,0,0,0,138.376,18.3243180237534,22.7346333442739
9,NORMAL,204.820843804893,204.820843804893,183.330843804893,0,0,168.664376300501,0,0,0,0,0,0,0,0,66119.1754681804,4096.41687609785,-62022.7585920826,1,1,PASS_STRICT,1,0,baseline_E_asset_only,1,0,0,1,CURRENT_OBSERVATION,NaN,NaN,NaN,NaN,NaN,1,NaN,NaN,NaN,0,NaN,NaN,NaN,NaN,NaN,NaN,0,0,NaN,0,0.5,NaN,NaN,NaN,NaN,NONE,NOT_APPLICABLE_CURRENT_OBSERVATION,0,,0,0,NaN,0,0,0,NaN,NaN,0,NaN,NaN,0,1,MAIN_CONCLUSION_ELIGIBLE,204.820843804893,204.820843804893,0,0,0,0.89375,0,0,0,183.330843804893,0,0,0,0,174.6556,4.18158389889633,25.9836599059962
10,NORMAL,233.9947898688,221.49,200,0,0,184,0,0,0,0,0,0,12.5047898688002,0,71640,4429.8,-67210.2,1,1,PASS_STRICT,1,0,baseline_E_asset_only,1,0,0,1,CURRENT_OBSERVATION,NaN,NaN,NaN,NaN,NaN,1,NaN,NaN,NaN,0,NaN,NaN,NaN,NaN,NaN,NaN,0,0,NaN,0,0.5,NaN,NaN,NaN,NaN,NONE,NOT_APPLICABLE_CURRENT_OBSERVATION,0,,0,0,NaN,0,0,0,NaN,NaN,0,NaN,NaN,12.5047898688002,1,MAIN_CONCLUSION_ELIGIBLE,233.9947898688,221.49,12.5047898688002,0,0,0.89375,0,0,0,200,0,0,0,0,204.82,0,29.1747898688002
11,NORMAL,254.1043898688,221.49,200,0,0,184,0,0,0,0,0,0,32.6143898688001,0,71640,4429.8,-67210.2,1,1,PASS_STRICT,1,0,baseline_E_asset_only,1,0,0,1,CURRENT_OBSERVATION,NaN,NaN,NaN,NaN,NaN,1,NaN,NaN,NaN,0,NaN,NaN,NaN,NaN,NaN,NaN,0,0,NaN,0,0.5,NaN,NaN,NaN,NaN,NONE,NOT_APPLICABLE_CURRENT_OBSERVATION,0,,0,0,NaN,0,0,0,NaN,NaN,0,NaN,NaN,32.6143898688001,1,MAIN_CONCLUSION_ELIGIBLE,254.1043898688,221.49,32.6143898688001,0,0,0.89375,0,0,0,200,0,0,0,0,224.9296,0,29.1747898688002
12,NORMAL,221.578,221.13,200,0,0,184,0,0,0,0,0,0,0.448000000000064,0,71640,4422.6,-67217.4,1,1,PASS_STRICT,1,0,baseline_E_asset_only,1,0,0,1,CURRENT_OBSERVATION,NaN,NaN,NaN,NaN,NaN,1,NaN,NaN,NaN,0,NaN,NaN,NaN,NaN,NaN,NaN,0,0,NaN,0,0.5,NaN,NaN,NaN,NaN,NONE,NOT_APPLICABLE_CURRENT_OBSERVATION,0,,0,0,NaN,0,0,0,NaN,NaN,0,NaN,NaN,0.448000000000064,1,MAIN_CONCLUSION_ELIGIBLE,221.578,221.13,0.448000000000064,0,0,0.89375,0,0,0,200,0,0,0,0,221.578,0,0
13,NORMAL,196.9996,196.9996,175.8696,0,0,161.800032,0,0,0,0,0,0,0,0,63648.01152,3939.992,-59708.01952,1,1,PASS_STRICT,1,0,baseline_E_asset_only,1,0,0,1,CURRENT_OBSERVATION,NaN,NaN,NaN,NaN,NaN,1,NaN,NaN,NaN,0,NaN,NaN,NaN,NaN,NaN,NaN,0,0,NaN,0,0.5,NaN,NaN,NaN,NaN,NONE,NOT_APPLICABLE_CURRENT_OBSERVATION,0,,0,0,NaN,0,0,0,NaN,NaN,0,NaN,NaN,0,1,MAIN_CONCLUSION_ELIGIBLE,196.9996,196.9996,0,0,0,0.89375,0,0,0,175.8696,0,0,0,0,196.9996,0,0
14,NORMAL,159.0148,159.0148,137.8848,0,0,126.854016,0,0,0,0,0,0,0,0,51067.44576,3180.296,-47887.14976,1,1,PASS_STRICT,1,0,baseline_E_asset_only,1,0,0,1,CURRENT_OBSERVATION,NaN,NaN,NaN,NaN,NaN,1,NaN,NaN,NaN,0,NaN,NaN,NaN,NaN,NaN,NaN,0,0,NaN,0,0.5,NaN,NaN,NaN,NaN,NONE,NOT_APPLICABLE_CURRENT_OBSERVATION,0,,0,0,NaN,0,0,0,NaN,NaN,0,NaN,NaN,0,1,MAIN_CONCLUSION_ELIGIBLE,159.0148,159.0148,0,0,0,0.89375,0,0,0,137.8848,0,0,0,0,159.0148,0,0
15,NORMAL,135.436,135.436,114.306,0,0,105.16152,0,0,0,0,0,0,0,0,43258.1472,2708.72,-40549.4272,1,1,PASS_STRICT,1,0,baseline_E_asset_only,1,0,0,1,CURRENT_OBSERVATION,NaN,NaN,NaN,NaN,NaN,1,NaN,NaN,NaN,0,NaN,NaN,NaN,NaN,NaN,NaN,0,0,NaN,0,0.5,NaN,NaN,NaN,NaN,NONE,NOT_APPLICABLE_CURRENT_OBSERVATION,0,,0,0,NaN,0,0,0,NaN,NaN,0,NaN,NaN,0,1,MAIN_CONCLUSION_ELIGIBLE,135.436,135.436,0,0,0,0.89375,0,0,0,114.306,0,0,0,0,135.436,0,0
16,NORMAL,124.074470669534,124.074470669534,102.584470669534,0,0,94.3777130159709,0,0,0,0,0,0,0,0,39375.9766857495,2481.48941339067,-36894.4872723589,1,1,PASS_STRICT,1,0,baseline_E_asset_only,1,0,0,1,CURRENT_OBSERVATION,NaN,NaN,NaN,NaN,NaN,1,NaN,NaN,NaN,0,NaN,NaN,NaN,NaN,NaN,NaN,0,0,NaN,0,0.5,NaN,NaN,NaN,NaN,NONE,NOT_APPLICABLE_CURRENT_OBSERVATION,0,,0,0,NaN,0,0,0,NaN,NaN,0,NaN,NaN,0,1,MAIN_CONCLUSION_ELIGIBLE,124.074470669534,124.074470669534,0,0,0,0.89375,0,0,0,102.584470669534,0,0,0,0,121.912,0,2.16247066953362
17,NORMAL,115.865415331254,115.865415331254,169.375415331254,0,0,155.825382104753,0,0,0,0,0,0,0,0,102011.736904947,4567.30830662507,-70049.6917562168,1,1,PASS_STRICT,1,0,baseline_E_asset_only,1,0,0,1,CURRENT_OBSERVATION,NaN,NaN,NaN,NaN,NaN,1,NaN,NaN,NaN,0,NaN,NaN,NaN,NaN,NaN,NaN,0,0,NaN,0,0.5,NaN,NaN,NaN,NaN,NONE,NOT_APPLICABLE_CURRENT_OBSERVATION,0,,0,0,NaN,0,0,0,NaN,NaN,0,NaN,NaN,0,1,MAIN_CONCLUSION_ELIGIBLE,115.865415331254,115.865415331254,0,0,75,0.400328947368421,0,0,0,169.375415331254,0,0,0,0,112.504,0,3.36141533125378
18,NORMAL,111.446227758567,111.446227758567,134.656227758567,0,0,123.883729537881,0,0,0,0,0,0,0,0,82207.9123134864,3569.92455517133,-62310.7246004203,1,1,PASS_STRICT,1,0,baseline_E_asset_only,1,0,0,1,CURRENT_OBSERVATION,NaN,NaN,NaN,NaN,NaN,1,NaN,NaN,NaN,0,NaN,NaN,NaN,NaN,NaN,NaN,0,0,NaN,0,0.5,NaN,NaN,NaN,NaN,NONE,NOT_APPLICABLE_CURRENT_OBSERVATION,0,,0,0,NaN,0,0,0,NaN,NaN,0,NaN,NaN,0,1,MAIN_CONCLUSION_ELIGIBLE,111.446227758567,111.446227758567,0,0,44.7,0.10625,0,0,0,134.656227758567,0,0,0,0,106.624,0,4.82222775856656
19,NORMAL,110.167470774166,110.167470774166,88.6774707741665,0,0,81.5832731122332,0,0,0,0,0,0,0,0,55981.6293295846,2203.34941548333,-53778.2799141012,1,1,PASS_STRICT,1,0,baseline_E_asset_only,1,0,0,1,CURRENT_OBSERVATION,NaN,NaN,NaN,NaN,NaN,1,NaN,NaN,NaN,0,NaN,NaN,NaN,NaN,NaN,NaN,0,0,NaN,0,0.5,NaN,NaN,NaN,NaN,NONE,NOT_APPLICABLE_CURRENT_OBSERVATION,0,,0,0,NaN,0,0,0,NaN,NaN,0,NaN,NaN,0,1,MAIN_CONCLUSION_ELIGIBLE,110.167470774166,110.167470774166,0,0,0,0.10625,0,0,0,88.6774707741665,0,0,0,0,103.684,0,6.48347077416645
20,NORMAL,109.854633421327,109.854633421327,88.3646334213275,0,0,81.2954627476213,0,0,0,0,0,0,0,0,55803.1869035252,2197.09266842655,-53606.0942350986,1,1,PASS_STRICT,1,0,baseline_E_asset_only,1,0,0,1,CURRENT_OBSERVATION,NaN,NaN,NaN,NaN,NaN,1,NaN,NaN,NaN,0,NaN,NaN,NaN,NaN,NaN,NaN,0,0,NaN,0,0.5,NaN,NaN,NaN,NaN,NONE,NOT_APPLICABLE_CURRENT_OBSERVATION,0,,0,0,NaN,0,0,0,NaN,NaN,0,NaN,NaN,0,1,MAIN_CONCLUSION_ELIGIBLE,109.854633421327,109.854633421327,0,0,0,0.10625,0,0,0,88.3646334213275,0,0,0,0,101.332,0,8.52263342132742
21,NORMAL,120.438633421327,120.438633421327,98.9486334213274,0,0,91.0327427476213,0,0,0,0,0,0,0,0,61840.3005035252,2408.77266842655,-59431.5278350986,1,1,PASS_STRICT,1,0,baseline_E_asset_only,1,0,0,1,CURRENT_OBSERVATION,NaN,NaN,NaN,NaN,NaN,1,NaN,NaN,NaN,0,NaN,NaN,NaN,NaN,NaN,NaN,0,0,NaN,0,0.5,NaN,NaN,NaN,NaN,NONE,NOT_APPLICABLE_CURRENT_OBSERVATION,0,,0,0,NaN,0,0,0,NaN,NaN,0,NaN,NaN,0,1,MAIN_CONCLUSION_ELIGIBLE,120.438633421327,120.438633421327,0,0,0,0.10625,0,0,0,98.9486334213274,0,0,0,0,111.916,0,8.52263342132742
22,NORMAL,135.451470774166,135.451470774166,113.961470774166,0,0,104.844553112233,0,0,0,0,0,0,0,0,43144.0391204039,2709.02941548333,-40435.0097049206,1,1,PASS_STRICT,1,0,baseline_E_asset_only,1,0,0,1,CURRENT_OBSERVATION,NaN,NaN,NaN,NaN,NaN,1,NaN,NaN,NaN,0,NaN,NaN,NaN,NaN,NaN,NaN,0,0,NaN,0,0.5,NaN,NaN,NaN,NaN,NONE,NOT_APPLICABLE_CURRENT_OBSERVATION,0,,0,0,NaN,0,0,0,NaN,NaN,0,NaN,NaN,0,1,MAIN_CONCLUSION_ELIGIBLE,135.451470774166,135.451470774166,0,0,0,0.10625,0,0,0,113.961470774166,0,0,0,0,128.968,0,6.48347077416645
23,NORMAL,149.660359508325,149.660359508325,128.170359508325,0,0,117.916730747659,0,0,0,0,0,0,0,0,47850.0230691573,2993.2071901665,-44856.8158789908,1,1,PASS_STRICT,1,0,baseline_E_asset_only,1,0,0,1,CURRENT_OBSERVATION,NaN,NaN,NaN,NaN,NaN,1,NaN,NaN,NaN,0,NaN,NaN,NaN,NaN,NaN,NaN,0,0,NaN,0,0.5,NaN,NaN,NaN,NaN,NONE,NOT_APPLICABLE_CURRENT_OBSERVATION,0,,0,0,NaN,0,0,0,NaN,NaN,0,NaN,NaN,0,1,MAIN_CONCLUSION_ELIGIBLE,149.660359508325,149.660359508325,0,0,0,0.10625,0,0,0,128.170359508325,0,0,0,0,143.668,1.1701317497587,4.82222775856656
24,NORMAL,176.716251931771,176.716251931771,80.5862519317706,0,0,74.139351777229,0,0,0,0,0,0,0,0,23193.444426535,3534.32503863541,-44382.8693878995,1,1,PASS_STRICT,1,0,baseline_E_asset_only,1,0,0,1,CURRENT_OBSERVATION,NaN,NaN,NaN,NaN,NaN,1,NaN,NaN,NaN,0,NaN,NaN,NaN,NaN,NaN,NaN,0,0,NaN,0,0.5,NaN,NaN,NaN,NaN,NONE,NOT_APPLICABLE_CURRENT_OBSERVATION,0,,0,0,NaN,0,0,0,NaN,NaN,0,NaN,NaN,0,1,MAIN_CONCLUSION_ELIGIBLE,176.716251931771,176.716251931771,0,75,0,0.5515625,0,0,0,80.5862519317706,0,0,0,0,161.2492,15.4670519317706,0
25,NORMAL,211.253226442193,211.253226442193,132.491647494824,0,0,121.892315695238,0,0,0,0,0,0,0,0,34654.1557668572,4225.06452884385,-49427.3412380133,1,1,PASS_STRICT,1,0,baseline_E_asset_only,1,0,0,1,CURRENT_OBSERVATION,NaN,NaN,NaN,NaN,NaN,1,NaN,NaN,NaN,0,NaN,NaN,NaN,NaN,NaN,NaN,0,0,NaN,0,0.5,NaN,NaN,NaN,NaN,NONE,NOT_APPLICABLE_CURRENT_OBSERVATION,0,,0,0,NaN,0,0,0,NaN,NaN,0,NaN,NaN,0,1,MAIN_CONCLUSION_ELIGIBLE,211.253226442193,211.253226442193,0,57.6315789473684,0,0.89375,0,0,0,132.491647494824,0,0,0,0,175.7728,35.4804264421927,0
26,NORMAL,234.917611746144,221.13,200,0,0,184,0,0,0,0,0,0,13.7876117461439,0,49560,4422.6,-45137.4,1,1,PASS_STRICT,1,0,baseline_E_asset_only,1,0,0,1,CURRENT_OBSERVATION,NaN,NaN,NaN,NaN,NaN,1,NaN,NaN,NaN,0,NaN,NaN,NaN,NaN,NaN,NaN,0,0,NaN,0,0.5,NaN,NaN,NaN,NaN,NONE,NOT_APPLICABLE_CURRENT_OBSERVATION,0,,0,0,NaN,0,0,0,NaN,NaN,0,NaN,NaN,13.7876117461439,1,MAIN_CONCLUSION_ELIGIBLE,234.917611746144,221.13,13.7876117461439,0,0,0.89375,0,0,0,200,0,0,0,0,182.476,52.4416117461439,0
27,NORMAL,235.344559933185,221.13,200,0,0,184,0,0,0,0,0,0,14.2145599331846,0,49560,4422.6,-45137.4,1,1,PASS_STRICT,1,0,baseline_E_asset_only,1,0,0,1,CURRENT_OBSERVATION,NaN,NaN,NaN,NaN,NaN,1,NaN,NaN,NaN,0,NaN,NaN,NaN,NaN,NaN,NaN,0,0,NaN,0,0.5,NaN,NaN,NaN,NaN,NONE,NOT_APPLICABLE_CURRENT_OBSERVATION,0,,0,0,NaN,0,0,0,NaN,NaN,0,NaN,NaN,14.2145599331846,1,MAIN_CONCLUSION_ELIGIBLE,235.344559933185,221.13,14.2145599331846,0,0,0.89375,0,0,0,200,0,0,0,0,176.89,58.4545599331846,0
28,NORMAL,209.956409748643,209.956409748643,188.826409748643,0,0,173.720296968752,0,0,0,0,0,0,0,0,47092.8712725004,4199.12819497286,-42893.7430775275,1,1,PASS_STRICT,1,0,baseline_E_asset_only,1,0,0,1,CURRENT_OBSERVATION,NaN,NaN,NaN,NaN,NaN,1,NaN,NaN,NaN,0,NaN,NaN,NaN,NaN,NaN,NaN,0,0,NaN,0,0.5,NaN,NaN,NaN,NaN,NONE,NOT_APPLICABLE_CURRENT_OBSERVATION,0,,0,0,NaN,0,0,0,NaN,NaN,0,NaN,NaN,0,1,MAIN_CONCLUSION_ELIGIBLE,209.956409748643,209.956409748643,0,0,0,0.89375,0,0,0,188.826409748643,0,0,0,0,148.96,60.996409748643,0
29,NORMAL,173.53876448071,173.53876448071,152.40876448071,0,0,140.216063322253,0,0,0,0,0,0,0,0,39051.8551973407,3470.77528961419,-35581.0799077265,1,1,PASS_STRICT,1,0,baseline_E_asset_only,1,0,0,1,CURRENT_OBSERVATION,NaN,NaN,NaN,NaN,NaN,1,NaN,NaN,NaN,0,NaN,NaN,NaN,NaN,NaN,NaN,0,0,NaN,0,0.5,NaN,NaN,NaN,NaN,NONE,NOT_APPLICABLE_CURRENT_OBSERVATION,0,,0,0,NaN,0,0,0,NaN,NaN,0,NaN,NaN,0,1,MAIN_CONCLUSION_ELIGIBLE,173.53876448071,173.53876448071,0,0,0,0.89375,0,0,0,152.40876448071,0,0,0,0,124.852,48.6867644807095,0
30,NORMAL,149.387038948077,149.387038948077,128.257038948077,0,0,117.996475832231,0,0,0,0,0,0,0,0,33719.1541997354,2987.74077896154,-30731.4134207739,1,1,PASS_STRICT,1,0,baseline_E_asset_only,1,0,0,1,CURRENT_OBSERVATION,NaN,NaN,NaN,NaN,NaN,1,NaN,NaN,NaN,0,NaN,NaN,NaN,NaN,NaN,NaN,0,0,NaN,0,0.5,NaN,NaN,NaN,NaN,NONE,NOT_APPLICABLE_CURRENT_OBSERVATION,0,,0,0,NaN,0,0,0,NaN,NaN,0,NaN,NaN,0,1,MAIN_CONCLUSION_ELIGIBLE,149.387038948077,149.387038948077,0,0,0,0.89375,0,0,0,128.257038948077,0,0,0,0,103.684,45.703038948077,0
31,NORMAL,119.828151936921,119.828151936921,98.6981519369206,0,0,90.802299781967,0,0,0,0,0,0,0,0,38088.8279215081,2396.56303873841,-35692.2648827697,1,1,PASS_STRICT,1,0,baseline_E_asset_only,1,0,0,1,CURRENT_OBSERVATION,NaN,NaN,NaN,NaN,NaN,1,NaN,NaN,NaN,0,NaN,NaN,NaN,NaN,NaN,NaN,0,0,NaN,0,0.5,NaN,NaN,NaN,NaN,NONE,NOT_APPLICABLE_CURRENT_OBSERVATION,0,,0,0,NaN,0,0,0,NaN,NaN,0,NaN,NaN,0,1,MAIN_CONCLUSION_ELIGIBLE,119.828151936921,119.828151936921,0,0,0,0.89375,0,0,0,98.6981519369206,0,0,0,0,90.748,29.0801519369206,0
32,NORMAL,103.495924044676,103.495924044676,82.3659240446763,0,0,75.7766501211022,0,0,0,0,0,0,0,0,32679.5940435968,2069.91848089353,-30609.6755627033,1,1,PASS_STRICT,1,0,baseline_E_asset_only,1,0,0,1,CURRENT_OBSERVATION,NaN,NaN,NaN,NaN,NaN,1,NaN,NaN,NaN,0,NaN,NaN,NaN,NaN,NaN,NaN,0,0,NaN,0,0.5,NaN,NaN,NaN,NaN,NONE,NOT_APPLICABLE_CURRENT_OBSERVATION,0,,0,0,NaN,0,0,0,NaN,NaN,0,NaN,NaN,0,1,MAIN_CONCLUSION_ELIGIBLE,103.495924044676,103.495924044676,0,0,0,0.89375,0,0,0,82.3659240446763,0,0,0,0,86.044,17.4519240446763,0
33,NORMAL,99.4747257814166,99.4747257814166,78.3447257814166,0,0,72.0771477189032,0,0,0,0,0,0,0,0,31347.7731788052,1989.49451562833,-29358.2786631768,1,1,PASS_STRICT,1,0,baseline_E_asset_only,1,0,0,1,CURRENT_OBSERVATION,NaN,NaN,NaN,NaN,NaN,1,NaN,NaN,NaN,0,NaN,NaN,NaN,NaN,NaN,NaN,0,0,NaN,0,0.5,NaN,NaN,NaN,NaN,NONE,NOT_APPLICABLE_CURRENT_OBSERVATION,0,,0,0,NaN,0,0,0,NaN,NaN,0,NaN,NaN,0,1,MAIN_CONCLUSION_ELIGIBLE,99.4747257814166,99.4747257814166,0,0,0,0.89375,0,0,0,78.3447257814166,0,0,0,0,94.276,5.19872578141655,0
34,NORMAL,111.328,111.328,90.198,0,0,82.98216,0,0,0,0,0,0,0,0,35273.5776,2226.56,-33047.0176,1,1,PASS_STRICT,1,0,baseline_E_asset_only,1,0,0,1,CURRENT_OBSERVATION,NaN,NaN,NaN,NaN,NaN,1,NaN,NaN,NaN,0,NaN,NaN,NaN,NaN,NaN,NaN,0,0,NaN,0,0.5,NaN,NaN,NaN,NaN,NONE,NOT_APPLICABLE_CURRENT_OBSERVATION,0,,0,0,NaN,0,0,0,NaN,NaN,0,NaN,NaN,0,1,MAIN_CONCLUSION_ELIGIBLE,111.328,111.328,0,0,0,0.89375,0,0,0,90.198,0,0,0,0,111.328,0,0
35,NORMAL,129.11085859082,129.11085859082,107.62085859082,0,0,99.0111899035544,0,0,0,0,0,0,0,0,41044.0283652796,2582.2171718164,-38461.8111934632,1,1,PASS_STRICT,1,0,baseline_E_asset_only,1,0,0,1,CURRENT_OBSERVATION,NaN,NaN,NaN,NaN,NaN,1,NaN,NaN,NaN,0,NaN,NaN,NaN,NaN,NaN,NaN,0,0,NaN,0,0.5,NaN,NaN,NaN,NaN,NONE,NOT_APPLICABLE_CURRENT_OBSERVATION,0,,0,0,NaN,0,0,0,NaN,NaN,0,NaN,NaN,0,1,MAIN_CONCLUSION_ELIGIBLE,129.11085859082,129.11085859082,0,0,0,0.89375,0,0,0,107.62085859082,0,0,0,0,128.968,0,0.142858590820011
36,NORMAL,139.385415331254,139.385415331254,117.895415331254,0,0,108.463782104754,0,0,0,0,0,0,0,0,44446.9615577113,2787.70830662508,-41659.2532510862,1,1,PASS_STRICT,1,0,baseline_E_asset_only,1,0,0,1,CURRENT_OBSERVATION,NaN,NaN,NaN,NaN,NaN,1,NaN,NaN,NaN,0,NaN,NaN,NaN,NaN,NaN,NaN,0,0,NaN,0,0.5,NaN,NaN,NaN,NaN,NONE,NOT_APPLICABLE_CURRENT_OBSERVATION,0,,0,0,NaN,0,0,0,NaN,NaN,0,NaN,NaN,0,1,MAIN_CONCLUSION_ELIGIBLE,139.385415331254,139.385415331254,0,0,0,0.89375,0,0,0,117.895415331254,0,0,0,0,136.024,0,3.36141533125378
37,NORMAL,139.082227758567,139.082227758567,117.592227758567,0,0,108.184849537881,0,0,0,0,0,0,0,0,44346.5458336372,2781.64455517133,-41564.9012784659,1,1,PASS_STRICT,1,0,baseline_E_asset_only,1,0,0,1,CURRENT_OBSERVATION,NaN,NaN,NaN,NaN,NaN,1,NaN,NaN,NaN,0,NaN,NaN,NaN,NaN,NaN,NaN,0,0,NaN,0,0.5,NaN,NaN,NaN,NaN,NONE,NOT_APPLICABLE_CURRENT_OBSERVATION,0,,0,0,NaN,0,0,0,NaN,NaN,0,NaN,NaN,0,1,MAIN_CONCLUSION_ELIGIBLE,139.082227758567,139.082227758567,0,0,0,0.89375,0,0,0,117.592227758567,0,0,0,0,134.26,0,4.82222775856656
38,NORMAL,137.803470774166,137.803470774166,116.313470774166,0,0,107.008393112233,0,0,0,0,0,0,0,0,43923.0215204039,2756.06941548333,-41166.9521049206,1,1,PASS_STRICT,1,0,baseline_E_asset_only,1,0,0,1,CURRENT_OBSERVATION,NaN,NaN,NaN,NaN,NaN,1,NaN,NaN,NaN,0,NaN,NaN,NaN,NaN,NaN,NaN,0,0,NaN,0,0.5,NaN,NaN,NaN,NaN,NONE,NOT_APPLICABLE_CURRENT_OBSERVATION,0,,0,0,NaN,0,0,0,NaN,NaN,0,NaN,NaN,0,1,MAIN_CONCLUSION_ELIGIBLE,137.803470774166,137.803470774166,0,0,0,0.89375,0,0,0,116.313470774166,0,0,0,0,131.32,0,6.48347077416645
39,NORMAL,123.966633421327,123.966633421327,102.476633421327,0,0,94.2785027476212,0,0,0,0,0,0,0,0,39340.2609891436,2479.33266842655,-36860.9283207171,1,1,PASS_STRICT,1,0,baseline_E_asset_only,1,0,0,1,CURRENT_OBSERVATION,NaN,NaN,NaN,NaN,NaN,1,NaN,NaN,NaN,0,NaN,NaN,NaN,NaN,NaN,NaN,0,0,NaN,0,0.5,NaN,NaN,NaN,NaN,NONE,NOT_APPLICABLE_CURRENT_OBSERVATION,0,,0,0,NaN,0,0,0,NaN,NaN,0,NaN,NaN,0,1,MAIN_CONCLUSION_ELIGIBLE,123.966633421327,123.966633421327,0,0,0,0.89375,0,0,0,102.476633421327,0,0,0,0,115.444,0,8.52263342132742
40,NORMAL,100.171470774166,100.171470774166,78.6814707741664,0,0,72.3869531122331,0,0,0,0,0,0,0,0,31459.3031204039,2003.42941548333,-29455.8737049206,1,1,PASS_STRICT,1,0,baseline_E_asset_only,1,0,0,1,CURRENT_OBSERVATION,NaN,NaN,NaN,NaN,NaN,1,NaN,NaN,NaN,0,NaN,NaN,NaN,NaN,NaN,NaN,0,0,NaN,0,0.5,NaN,NaN,NaN,NaN,NONE,NOT_APPLICABLE_CURRENT_OBSERVATION,0,,0,0,NaN,0,0,0,NaN,NaN,0,NaN,NaN,0,1,MAIN_CONCLUSION_ELIGIBLE,100.171470774166,100.171470774166,0,0,0,0.89375,0,0,0,78.6814707741664,0,0,0,0,93.688,0,6.48347077416645
41,NORMAL,79.9974153312537,79.9974153312537,133.507415331254,0,0,122.826822104753,0,0,0,0,0,0,0,0,81552.6297049471,3849.94830662507,-50307.9445562168,1,1,PASS_STRICT,1,0,baseline_E_asset_only,1,0,0,1,CURRENT_OBSERVATION,NaN,NaN,NaN,NaN,NaN,1,NaN,NaN,NaN,0,NaN,NaN,NaN,NaN,NaN,NaN,0,0,NaN,0,0.5,NaN,NaN,NaN,NaN,NONE,NOT_APPLICABLE_CURRENT_OBSERVATION,0,,0,0,NaN,0,0,0,NaN,NaN,0,NaN,NaN,0,1,MAIN_CONCLUSION_ELIGIBLE,79.9974153312537,79.9974153312537,0,0,75,0.400328947368421,0,0,0,133.507415331254,0,0,0,0,76.636,0,3.36141533125378
42,NORMAL,70.756,70.756,94.326,0,0,86.77992,0,0,0,0,0,0,0,0,59203.5504,2756.12,-40120.1672421053,1,1,PASS_STRICT,1,0,baseline_E_asset_only,1,0,0,1,CURRENT_OBSERVATION,NaN,NaN,NaN,NaN,NaN,1,NaN,NaN,NaN,0,NaN,NaN,NaN,NaN,NaN,NaN,0,0,NaN,0,0.5,NaN,NaN,NaN,NaN,NONE,NOT_APPLICABLE_CURRENT_OBSERVATION,0,,0,0,NaN,0,0,0,NaN,NaN,0,NaN,NaN,0,1,MAIN_CONCLUSION_ELIGIBLE,70.756,70.756,0,0,44.7,0.10625,0,0,0,94.326,0,0,0,0,70.756,0,0
43,NORMAL,81.34,81.34,60.21,0,0,55.3932,0,0,0,0,0,0,0,0,39743.784,1626.8,-38116.984,1,1,PASS_STRICT,1,0,baseline_E_asset_only,1,0,0,1,CURRENT_OBSERVATION,NaN,NaN,NaN,NaN,NaN,1,NaN,NaN,NaN,0,NaN,NaN,NaN,NaN,NaN,NaN,0,0,NaN,0,0.5,NaN,NaN,NaN,NaN,NONE,NOT_APPLICABLE_CURRENT_OBSERVATION,0,,0,0,NaN,0,0,0,NaN,NaN,0,NaN,NaN,0,1,MAIN_CONCLUSION_ELIGIBLE,81.34,81.34,0,0,0,0.10625,0,0,0,60.21,0,0,0,0,81.34,0,0
44,NORMAL,111.328,111.328,90.198,0,0,82.98216,0,0,0,0,0,0,0,0,56848.9392,2226.56,-54622.3792,1,1,PASS_STRICT,1,0,baseline_E_asset_only,1,0,0,1,CURRENT_OBSERVATION,NaN,NaN,NaN,NaN,NaN,1,NaN,NaN,NaN,0,NaN,NaN,NaN,NaN,NaN,NaN,0,0,NaN,0,0.5,NaN,NaN,NaN,NaN,NONE,NOT_APPLICABLE_CURRENT_OBSERVATION,0,,0,0,NaN,0,0,0,NaN,NaN,0,NaN,NaN,0,1,MAIN_CONCLUSION_ELIGIBLE,111.328,111.328,0,0,0,0.10625,0,0,0,90.198,0,0,0,0,111.328,0,0
45,NORMAL,186.9448,186.9448,165.8148,0,0,152.549616,0,0,0,0,0,0,0,0,99980.76192,3738.896,-96241.86592,1,1,PASS_STRICT,1,0,baseline_E_asset_only,1,0,0,1,CURRENT_OBSERVATION,NaN,NaN,NaN,NaN,NaN,1,NaN,NaN,NaN,0,NaN,NaN,NaN,NaN,NaN,NaN,0,0,NaN,0,0.5,NaN,NaN,NaN,NaN,NONE,NOT_APPLICABLE_CURRENT_OBSERVATION,0,,0,0,NaN,0,0,0,NaN,NaN,0,NaN,NaN,0,1,MAIN_CONCLUSION_ELIGIBLE,186.9448,186.9448,0,0,0,0.10625,0,0,0,165.8148,0,0,0,0,186.9448,0,0
46,NORMAL,364.5796,296.13,200,0,0,184,0,0,0,0,0,0,68.4495999999999,0,71640,5922.6,-90441.15,1,1,PASS_STRICT,1,0,baseline_E_asset_only,1,0,0,1,CURRENT_OBSERVATION,NaN,NaN,NaN,NaN,NaN,1,NaN,NaN,NaN,0,NaN,NaN,NaN,NaN,NaN,NaN,0,0,NaN,0,0.5,NaN,NaN,NaN,NaN,NONE,NOT_APPLICABLE_CURRENT_OBSERVATION,0,,0,0,NaN,0,0,0,NaN,NaN,0,NaN,NaN,68.4495999999999,1,MAIN_CONCLUSION_ELIGIBLE,364.5796,296.13,68.4495999999999,75,0,0.5515625,0,0,0,200,0,0,0,0,364.5796,0,0
47,NORMAL,576.31054904882,278.761578947368,200,0,0,184,0,0,0,0,0,0,297.548970101452,0,71640,5575.23157894737,-85063.0184210526,1,1,PASS_STRICT,1,0,baseline_E_asset_only,1,0,0,1,CURRENT_OBSERVATION,NaN,NaN,NaN,NaN,NaN,1,NaN,NaN,NaN,0,NaN,NaN,NaN,NaN,NaN,NaN,0,0,NaN,0,0.5,NaN,NaN,NaN,NaN,NONE,NOT_APPLICABLE_CURRENT_OBSERVATION,0,,0,0,NaN,0,0,0,NaN,NaN,0,NaN,NaN,297.548970101452,1,MAIN_CONCLUSION_ELIGIBLE,576.31054904882,278.761578947368,297.548970101452,57.6315789473684,0,0.89375,0,0,0,200,0,0,0,0,576.142,0.168549048820404,0
0,NORMAL,327.969049616543,87.8057894736842,0,-7.105427357601e-15,0,0,0,0,0,0,-1.25161658580254e-13,0,240.163260142859,0,5400,1756.11578947368,-25504.8842105263,1,1,PASS_STRICT,1,0,baseline_H_asset_only,0,0,0,0,CURRENT_OBSERVATION,NaN,NaN,NaN,NaN,NaN,1,NaN,NaN,NaN,0,NaN,NaN,NaN,NaN,NaN,NaN,0,0,NaN,0,0.5,NaN,NaN,NaN,NaN,NONE,NOT_APPLICABLE_CURRENT_OBSERVATION,0,,0,0,NaN,0,0,0,NaN,NaN,0,NaN,NaN,240.163260142859,1,MAIN_CONCLUSION_ELIGIBLE,327.969049616543,87.8057894736842,240.163260142859,66.3157894736842,0,0.89375,-7.105427357601e-15,-1.25161658580254e-13,0,0,0,0,0,0,314.3056,13.0214041862257,0.642045430317657
1,NORMAL,314.917570879358,21.49,0,0,0,0,0,0,0,0,0,0,293.427570879358,0,5400,429.8,-4970.2,1,1,PASS_STRICT,1,0,baseline_H_asset_only,0,0,0,0,CURRENT_OBSERVATION,NaN,NaN,NaN,NaN,NaN,1,NaN,NaN,NaN,0,NaN,NaN,NaN,NaN,NaN,NaN,0,0,NaN,0,0.5,NaN,NaN,NaN,NaN,NONE,NOT_APPLICABLE_CURRENT_OBSERVATION,0,,0,0,NaN,0,0,0,NaN,NaN,0,NaN,NaN,293.427570879358,1,MAIN_CONCLUSION_ELIGIBLE,314.917570879358,21.49,293.427570879358,0,0,0.89375,0,0,0,0,0,0,0,0,286.3756,27.2092983259927,1.33267255336529
2,NORMAL,291.840438733695,21.49,0,0,0,0,0,0,0,0,0,0,270.350438733695,0,5400,429.8,-4970.2,1,1,PASS_STRICT,1,0,baseline_H_asset_only,0,0,0,0,CURRENT_OBSERVATION,NaN,NaN,NaN,NaN,NaN,1,NaN,NaN,NaN,0,NaN,NaN,NaN,NaN,NaN,NaN,0,0,NaN,0,0.5,NaN,NaN,NaN,NaN,NONE,NOT_APPLICABLE_CURRENT_OBSERVATION,0,,0,0,NaN,0,0,0,NaN,NaN,0,NaN,NaN,270.350438733695,1,MAIN_CONCLUSION_ELIGIBLE,291.840438733695,21.49,270.350438733695,0,0,0.89375,0,0,0,0,0,0,0,0,249.508,40.1699680641617,2.16247066953362
3,NORMAL,232.456082987042,21.49,0,0,0,0,0,0,0,0,0,0,210.966082987042,0,5400,429.8,-4970.2,1,1,PASS_STRICT,1,0,baseline_H_asset_only,0,0,0,0,CURRENT_OBSERVATION,NaN,NaN,NaN,NaN,NaN,1,NaN,NaN,NaN,0,NaN,NaN,NaN,NaN,NaN,NaN,0,0,NaN,0,0.5,NaN,NaN,NaN,NaN,NONE,NOT_APPLICABLE_CURRENT_OBSERVATION,0,,0,0,NaN,0,0,0,NaN,NaN,0,NaN,NaN,210.966082987042,1,MAIN_CONCLUSION_ELIGIBLE,232.456082987042,21.49,210.966082987042,0,0,0.89375,0,0,0,0,0,0,0,0,176.89,52.2046676557883,3.36141533125378
4,NORMAL,189.034659350842,21.49,0,0,0,0,0,0,0,0,0,0,167.544659350842,0,5400,429.8,-4970.2,1,1,PASS_STRICT,1,0,baseline_H_asset_only,0,0,0,0,CURRENT_OBSERVATION,NaN,NaN,NaN,NaN,NaN,1,NaN,NaN,NaN,0,NaN,NaN,NaN,NaN,NaN,NaN,0,0,NaN,0,0.5,NaN,NaN,NaN,NaN,NONE,NOT_APPLICABLE_CURRENT_OBSERVATION,0,,0,0,NaN,0,0,0,NaN,NaN,0,NaN,NaN,167.544659350842,1,MAIN_CONCLUSION_ELIGIBLE,189.034659350842,21.49,167.544659350842,0,0,0.89375,0,0,0,0,0,0,0,0,123.088,61.1244315922755,4.82222775856656
5,NORMAL,158.383746939714,21.49,0,0,0,0,0,0,0,0,0,0,136.893746939714,0,5400,429.8,-4970.2,1,1,PASS_STRICT,1,0,baseline_H_asset_only,0,0,0,0,CURRENT_OBSERVATION,NaN,NaN,NaN,NaN,NaN,1,NaN,NaN,NaN,0,NaN,NaN,NaN,NaN,NaN,NaN,0,0,NaN,0,0.5,NaN,NaN,NaN,NaN,NONE,NOT_APPLICABLE_CURRENT_OBSERVATION,0,,0,0,NaN,0,0,0,NaN,NaN,0,NaN,NaN,136.893746939714,1,MAIN_CONCLUSION_ELIGIBLE,158.383746939714,21.49,136.893746939714,0,0,0.89375,0,0,0,0,0,0,0,0,94.864,57.0362761655473,6.48347077416645
6,NORMAL,149.704634262795,21.49,0,0,0,0,0,0,0,0,0,0,128.214634262795,0,5400,429.8,-4970.2,1,1,PASS_STRICT,1,0,baseline_H_asset_only,0,0,0,0,CURRENT_OBSERVATION,NaN,NaN,NaN,NaN,NaN,1,NaN,NaN,NaN,0,NaN,NaN,NaN,NaN,NaN,NaN,0,0,NaN,0,0.5,NaN,NaN,NaN,NaN,NONE,NOT_APPLICABLE_CURRENT_OBSERVATION,0,,0,0,NaN,0,0,0,NaN,NaN,0,NaN,NaN,128.214634262795,1,MAIN_CONCLUSION_ELIGIBLE,149.704634262795,21.49,128.214634262795,0,0,0.89375,0,0,0,0,0,0,0,0,87.808,45.4923059270679,16.4043283357266
7,NORMAL,158.133331487122,21.49,0,0,0,0,0,0,0,0,0,0,136.643331487122,0,5400,429.8,-4970.2,1,1,PASS_STRICT,1,0,baseline_H_asset_only,0,0,0,0,CURRENT_OBSERVATION,NaN,NaN,NaN,NaN,NaN,1,NaN,NaN,NaN,0,NaN,NaN,NaN,NaN,NaN,NaN,0,0,NaN,0,0.5,NaN,NaN,NaN,NaN,NONE,NOT_APPLICABLE_CURRENT_OBSERVATION,0,,0,0,NaN,0,0,0,NaN,NaN,0,NaN,NaN,136.643331487122,1,MAIN_CONCLUSION_ELIGIBLE,158.133331487122,21.49,136.643331487122,0,0,0.89375,0,0,0,0,0,0,0,0,104.86,33.6866159852672,19.5867155018544
8,NORMAL,179.434951368027,21.49,0,0,0,0,0,0,0,0,0,0,157.944951368027,0,5400,429.8,-4970.2,1,1,PASS_STRICT,1,0,baseline_H_asset_only,0,0,0,0,CURRENT_OBSERVATION,NaN,NaN,NaN,NaN,NaN,1,NaN,NaN,NaN,0,NaN,NaN,NaN,NaN,NaN,NaN,0,0,NaN,0,0.5,NaN,NaN,NaN,NaN,NONE,NOT_APPLICABLE_CURRENT_OBSERVATION,0,,0,0,NaN,0,0,0,NaN,NaN,0,NaN,NaN,157.944951368027,1,MAIN_CONCLUSION_ELIGIBLE,179.434951368027,21.49,157.944951368027,0,0,0.89375,0,0,0,0,0,0,0,0,138.376,18.3243180237534,22.7346333442739
9,NORMAL,204.820843804893,21.49,0,0,0,0,0,0,0,0,0,0,183.330843804893,0,5400,429.8,-4970.2,1,1,PASS_STRICT,1,0,baseline_H_asset_only,0,0,0,0,CURRENT_OBSERVATION,NaN,NaN,NaN,NaN,NaN,1,NaN,NaN,NaN,0,NaN,NaN,NaN,NaN,NaN,NaN,0,0,NaN,0,0.5,NaN,NaN,NaN,NaN,NONE,NOT_APPLICABLE_CURRENT_OBSERVATION,0,,0,0,NaN,0,0,0,NaN,NaN,0,NaN,NaN,183.330843804893,1,MAIN_CONCLUSION_ELIGIBLE,204.820843804893,21.49,183.330843804893,0,0,0.89375,0,0,0,0,0,0,0,0,174.6556,4.18158389889633,25.9836599059962
10,NORMAL,233.9947898688,21.49,0,0,0,0,0,0,0,0,0,0,212.5047898688,0,5400,429.8,-4970.2,1,1,PASS_STRICT,1,0,baseline_H_asset_only,0,0,0,0,CURRENT_OBSERVATION,NaN,NaN,NaN,NaN,NaN,1,NaN,NaN,NaN,0,NaN,NaN,NaN,NaN,NaN,NaN,0,0,NaN,0,0.5,NaN,NaN,NaN,NaN,NONE,NOT_APPLICABLE_CURRENT_OBSERVATION,0,,0,0,NaN,0,0,0,NaN,NaN,0,NaN,NaN,212.5047898688,1,MAIN_CONCLUSION_ELIGIBLE,233.9947898688,21.49,212.5047898688,0,0,0.89375,0,0,0,0,0,0,0,0,204.82,0,29.1747898688002
11,NORMAL,254.1043898688,21.49,0,0,0,0,0,0,0,0,0,0,232.6143898688,0,5400,429.8,-4970.2,1,1,PASS_STRICT,1,0,baseline_H_asset_only,0,0,0,0,CURRENT_OBSERVATION,NaN,NaN,NaN,NaN,NaN,1,NaN,NaN,NaN,0,NaN,NaN,NaN,NaN,NaN,NaN,0,0,NaN,0,0.5,NaN,NaN,NaN,NaN,NONE,NOT_APPLICABLE_CURRENT_OBSERVATION,0,,0,0,NaN,0,0,0,NaN,NaN,0,NaN,NaN,232.6143898688,1,MAIN_CONCLUSION_ELIGIBLE,254.1043898688,21.49,232.6143898688,0,0,0.89375,0,0,0,0,0,0,0,0,224.9296,0,29.1747898688002
12,NORMAL,221.578,21.13,0,0,0,0,0,0,0,0,0,0,200.448,0,5400,422.6,-4977.4,1,1,PASS_STRICT,1,0,baseline_H_asset_only,0,0,0,0,CURRENT_OBSERVATION,NaN,NaN,NaN,NaN,NaN,1,NaN,NaN,NaN,0,NaN,NaN,NaN,NaN,NaN,NaN,0,0,NaN,0,0.5,NaN,NaN,NaN,NaN,NONE,NOT_APPLICABLE_CURRENT_OBSERVATION,0,,0,0,NaN,0,0,0,NaN,NaN,0,NaN,NaN,200.448,1,MAIN_CONCLUSION_ELIGIBLE,221.578,21.13,200.448,0,0,0.89375,0,0,0,0,0,0,0,0,221.578,0,0
13,NORMAL,196.9996,21.13,0,0,0,0,0,0,0,0,0,0,175.8696,0,5400,422.6,-4977.4,1,1,PASS_STRICT,1,0,baseline_H_asset_only,0,0,0,0,CURRENT_OBSERVATION,NaN,NaN,NaN,NaN,NaN,1,NaN,NaN,NaN,0,NaN,NaN,NaN,NaN,NaN,NaN,0,0,NaN,0,0.5,NaN,NaN,NaN,NaN,NONE,NOT_APPLICABLE_CURRENT_OBSERVATION,0,,0,0,NaN,0,0,0,NaN,NaN,0,NaN,NaN,175.8696,1,MAIN_CONCLUSION_ELIGIBLE,196.9996,21.13,175.8696,0,0,0.89375,0,0,0,0,0,0,0,0,196.9996,0,0
14,NORMAL,159.0148,21.13,0,0,0,0,0,0,0,0,0,0,137.8848,0,5400,422.6,-4977.4,1,1,PASS_STRICT,1,0,baseline_H_asset_only,0,0,0,0,CURRENT_OBSERVATION,NaN,NaN,NaN,NaN,NaN,1,NaN,NaN,NaN,0,NaN,NaN,NaN,NaN,NaN,NaN,0,0,NaN,0,0.5,NaN,NaN,NaN,NaN,NONE,NOT_APPLICABLE_CURRENT_OBSERVATION,0,,0,0,NaN,0,0,0,NaN,NaN,0,NaN,NaN,137.8848,1,MAIN_CONCLUSION_ELIGIBLE,159.0148,21.13,137.8848,0,0,0.89375,0,0,0,0,0,0,0,0,159.0148,0,0
15,NORMAL,135.436,21.13,0,0,0,0,0,0,0,0,0,0,114.306,0,5400,422.6,-4977.4,1,1,PASS_STRICT,1,0,baseline_H_asset_only,0,0,0,0,CURRENT_OBSERVATION,NaN,NaN,NaN,NaN,NaN,1,NaN,NaN,NaN,0,NaN,NaN,NaN,NaN,NaN,NaN,0,0,NaN,0,0.5,NaN,NaN,NaN,NaN,NONE,NOT_APPLICABLE_CURRENT_OBSERVATION,0,,0,0,NaN,0,0,0,NaN,NaN,0,NaN,NaN,114.306,1,MAIN_CONCLUSION_ELIGIBLE,135.436,21.13,114.306,0,0,0.89375,0,0,0,0,0,0,0,0,135.436,0,0
16,NORMAL,124.074470669534,21.49,0,0,0,0,0,0,0,0,0,0,102.584470669534,0,5400,429.8,-4970.2,1,1,PASS_STRICT,1,0,baseline_H_asset_only,0,0,0,0,CURRENT_OBSERVATION,NaN,NaN,NaN,NaN,NaN,1,NaN,NaN,NaN,0,NaN,NaN,NaN,NaN,NaN,NaN,0,0,NaN,0,0.5,NaN,NaN,NaN,NaN,NONE,NOT_APPLICABLE_CURRENT_OBSERVATION,0,,0,0,NaN,0,0,0,NaN,NaN,0,NaN,NaN,102.584470669534,1,MAIN_CONCLUSION_ELIGIBLE,124.074470669534,21.49,102.584470669534,0,0,0.89375,0,0,0,0,0,0,0,0,121.912,0,2.16247066953362
17,NORMAL,115.865415331254,21.49,0,0,0,0,0,0,0,0,0,0,94.3754153312538,0,5400,429.8,-4970.2,1,1,PASS_STRICT,1,0,baseline_H_asset_only,0,0,0,0,CURRENT_OBSERVATION,NaN,NaN,NaN,NaN,NaN,1,NaN,NaN,NaN,0,NaN,NaN,NaN,NaN,NaN,NaN,0,0,NaN,0,0.5,NaN,NaN,NaN,NaN,NONE,NOT_APPLICABLE_CURRENT_OBSERVATION,0,,0,0,NaN,0,0,0,NaN,NaN,0,NaN,NaN,94.3754153312538,1,MAIN_CONCLUSION_ELIGIBLE,115.865415331254,21.49,94.3754153312538,0,0,0.89375,0,0,0,0,0,0,0,0,112.504,0,3.36141533125378
18,NORMAL,111.446227758567,21.49,0,0,0,0,0,0,0,0,0,0,89.9562277585666,0,5400,429.8,-4970.2,1,1,PASS_STRICT,1,0,baseline_H_asset_only,0,0,0,0,CURRENT_OBSERVATION,NaN,NaN,NaN,NaN,NaN,1,NaN,NaN,NaN,0,NaN,NaN,NaN,NaN,NaN,NaN,0,0,NaN,0,0.5,NaN,NaN,NaN,NaN,NONE,NOT_APPLICABLE_CURRENT_OBSERVATION,0,,0,0,NaN,0,0,0,NaN,NaN,0,NaN,NaN,89.9562277585666,1,MAIN_CONCLUSION_ELIGIBLE,111.446227758567,21.49,89.9562277585666,0,0,0.89375,0,0,0,0,0,0,0,0,106.624,0,4.82222775856656
19,NORMAL,110.167470774166,21.49,0,0,0,0,0,0,0,0,0,0,88.6774707741665,0,5400,429.8,-4970.2,1,1,PASS_STRICT,1,0,baseline_H_asset_only,0,0,0,0,CURRENT_OBSERVATION,NaN,NaN,NaN,NaN,NaN,1,NaN,NaN,NaN,0,NaN,NaN,NaN,NaN,NaN,NaN,0,0,NaN,0,0.5,NaN,NaN,NaN,NaN,NONE,NOT_APPLICABLE_CURRENT_OBSERVATION,0,,0,0,NaN,0,0,0,NaN,NaN,0,NaN,NaN,88.6774707741665,1,MAIN_CONCLUSION_ELIGIBLE,110.167470774166,21.49,88.6774707741665,0,0,0.89375,0,0,0,0,0,0,0,0,103.684,0,6.48347077416645
20,NORMAL,109.854633421327,21.49,0,0,0,0,0,0,0,0,0,0,88.3646334213275,0,5400,429.8,-4970.2,1,1,PASS_STRICT,1,0,baseline_H_asset_only,0,0,0,0,CURRENT_OBSERVATION,NaN,NaN,NaN,NaN,NaN,1,NaN,NaN,NaN,0,NaN,NaN,NaN,NaN,NaN,NaN,0,0,NaN,0,0.5,NaN,NaN,NaN,NaN,NONE,NOT_APPLICABLE_CURRENT_OBSERVATION,0,,0,0,NaN,0,0,0,NaN,NaN,0,NaN,NaN,88.3646334213275,1,MAIN_CONCLUSION_ELIGIBLE,109.854633421327,21.49,88.3646334213275,0,0,0.89375,0,0,0,0,0,0,0,0,101.332,0,8.52263342132742
21,NORMAL,120.438633421327,21.49,0,0,0,0,0,0,0,0,0,0,98.9486334213274,0,5400,429.8,-4970.2,1,1,PASS_STRICT,1,0,baseline_H_asset_only,0,0,0,0,CURRENT_OBSERVATION,NaN,NaN,NaN,NaN,NaN,1,NaN,NaN,NaN,0,NaN,NaN,NaN,NaN,NaN,NaN,0,0,NaN,0,0.5,NaN,NaN,NaN,NaN,NONE,NOT_APPLICABLE_CURRENT_OBSERVATION,0,,0,0,NaN,0,0,0,NaN,NaN,0,NaN,NaN,98.9486334213274,1,MAIN_CONCLUSION_ELIGIBLE,120.438633421327,21.49,98.9486334213274,0,0,0.89375,0,0,0,0,0,0,0,0,111.916,0,8.52263342132742
22,NORMAL,135.451470774166,21.49,0,0,0,0,0,0,0,0,0,0,113.961470774166,0,5400,429.8,-4970.2,1,1,PASS_STRICT,1,0,baseline_H_asset_only,0,0,0,0,CURRENT_OBSERVATION,NaN,NaN,NaN,NaN,NaN,1,NaN,NaN,NaN,0,NaN,NaN,NaN,NaN,NaN,NaN,0,0,NaN,0,0.5,NaN,NaN,NaN,NaN,NONE,NOT_APPLICABLE_CURRENT_OBSERVATION,0,,0,0,NaN,0,0,0,NaN,NaN,0,NaN,NaN,113.961470774166,1,MAIN_CONCLUSION_ELIGIBLE,135.451470774166,21.49,113.961470774166,0,0,0.89375,0,0,0,0,0,0,0,0,128.968,0,6.48347077416645
23,NORMAL,149.660359508325,21.49,0,0,0,0,0,0,0,0,0,0,128.170359508325,0,5400,429.8,-4970.2,1,1,PASS_STRICT,1,0,baseline_H_asset_only,0,0,0,0,CURRENT_OBSERVATION,NaN,NaN,NaN,NaN,NaN,1,NaN,NaN,NaN,0,NaN,NaN,NaN,NaN,NaN,NaN,0,0,NaN,0,0.5,NaN,NaN,NaN,NaN,NONE,NOT_APPLICABLE_CURRENT_OBSERVATION,0,,0,0,NaN,0,0,0,NaN,NaN,0,NaN,NaN,128.170359508325,1,MAIN_CONCLUSION_ELIGIBLE,149.660359508325,21.49,128.170359508325,0,0,0.89375,0,0,0,0,0,0,0,0,143.668,1.1701317497587,4.82222775856656
24,NORMAL,176.716251931771,21.13,0,0,0,0,0,0,0,0,0,0,155.586251931771,0,5400,422.6,-4977.4,1,1,PASS_STRICT,1,0,baseline_H_asset_only,0,0,0,0,CURRENT_OBSERVATION,NaN,NaN,NaN,NaN,NaN,1,NaN,NaN,NaN,0,NaN,NaN,NaN,NaN,NaN,NaN,0,0,NaN,0,0.5,NaN,NaN,NaN,NaN,NONE,NOT_APPLICABLE_CURRENT_OBSERVATION,0,,0,0,NaN,0,0,0,NaN,NaN,0,NaN,NaN,155.586251931771,1,MAIN_CONCLUSION_ELIGIBLE,176.716251931771,21.13,155.586251931771,0,0,0.89375,0,0,0,0,0,0,0,0,161.2492,15.4670519317706,0
25,NORMAL,211.253226442193,21.13,0,0,0,0,0,0,0,0,0,0,190.123226442193,0,5400,422.6,-4977.4,1,1,PASS_STRICT,1,0,baseline_H_asset_only,0,0,0,0,CURRENT_OBSERVATION,NaN,NaN,NaN,NaN,NaN,1,NaN,NaN,NaN,0,NaN,NaN,NaN,NaN,NaN,NaN,0,0,NaN,0,0.5,NaN,NaN,NaN,NaN,NONE,NOT_APPLICABLE_CURRENT_OBSERVATION,0,,0,0,NaN,0,0,0,NaN,NaN,0,NaN,NaN,190.123226442193,1,MAIN_CONCLUSION_ELIGIBLE,211.253226442193,21.13,190.123226442193,0,0,0.89375,0,0,0,0,0,0,0,0,175.7728,35.4804264421927,0
26,NORMAL,234.917611746144,21.13,0,0,0,0,0,0,0,0,0,0,213.787611746144,0,5400,422.6,-4977.4,1,1,PASS_STRICT,1,0,baseline_H_asset_only,0,0,0,0,CURRENT_OBSERVATION,NaN,NaN,NaN,NaN,NaN,1,NaN,NaN,NaN,0,NaN,NaN,NaN,NaN,NaN,NaN,0,0,NaN,0,0.5,NaN,NaN,NaN,NaN,NONE,NOT_APPLICABLE_CURRENT_OBSERVATION,0,,0,0,NaN,0,0,0,NaN,NaN,0,NaN,NaN,213.787611746144,1,MAIN_CONCLUSION_ELIGIBLE,234.917611746144,21.13,213.787611746144,0,0,0.89375,0,0,0,0,0,0,0,0,182.476,52.4416117461439,0
27,NORMAL,235.344559933185,21.13,0,0,0,0,0,0,0,0,0,0,214.214559933185,0,5400,422.6,-4977.4,1,1,PASS_STRICT,1,0,baseline_H_asset_only,0,0,0,0,CURRENT_OBSERVATION,NaN,NaN,NaN,NaN,NaN,1,NaN,NaN,NaN,0,NaN,NaN,NaN,NaN,NaN,NaN,0,0,NaN,0,0.5,NaN,NaN,NaN,NaN,NONE,NOT_APPLICABLE_CURRENT_OBSERVATION,0,,0,0,NaN,0,0,0,NaN,NaN,0,NaN,NaN,214.214559933185,1,MAIN_CONCLUSION_ELIGIBLE,235.344559933185,21.13,214.214559933185,0,0,0.89375,0,0,0,0,0,0,0,0,176.89,58.4545599331846,0
28,NORMAL,209.956409748643,21.13,0,0,0,0,0,0,0,0,0,0,188.826409748643,0,5400,422.6,-4977.4,1,1,PASS_STRICT,1,0,baseline_H_asset_only,0,0,0,0,CURRENT_OBSERVATION,NaN,NaN,NaN,NaN,NaN,1,NaN,NaN,NaN,0,NaN,NaN,NaN,NaN,NaN,NaN,0,0,NaN,0,0.5,NaN,NaN,NaN,NaN,NONE,NOT_APPLICABLE_CURRENT_OBSERVATION,0,,0,0,NaN,0,0,0,NaN,NaN,0,NaN,NaN,188.826409748643,1,MAIN_CONCLUSION_ELIGIBLE,209.956409748643,21.13,188.826409748643,0,0,0.89375,0,0,0,0,0,0,0,0,148.96,60.996409748643,0
29,NORMAL,173.53876448071,21.13,0,0,0,0,0,0,0,0,0,0,152.40876448071,0,5400,422.6,-4977.4,1,1,PASS_STRICT,1,0,baseline_H_asset_only,0,0,0,0,CURRENT_OBSERVATION,NaN,NaN,NaN,NaN,NaN,1,NaN,NaN,NaN,0,NaN,NaN,NaN,NaN,NaN,NaN,0,0,NaN,0,0.5,NaN,NaN,NaN,NaN,NONE,NOT_APPLICABLE_CURRENT_OBSERVATION,0,,0,0,NaN,0,0,0,NaN,NaN,0,NaN,NaN,152.40876448071,1,MAIN_CONCLUSION_ELIGIBLE,173.53876448071,21.13,152.40876448071,0,0,0.89375,0,0,0,0,0,0,0,0,124.852,48.6867644807095,0
30,NORMAL,149.387038948077,21.13,0,0,0,0,0,0,0,0,0,0,128.257038948077,0,5400,422.6,-4977.4,1,1,PASS_STRICT,1,0,baseline_H_asset_only,0,0,0,0,CURRENT_OBSERVATION,NaN,NaN,NaN,NaN,NaN,1,NaN,NaN,NaN,0,NaN,NaN,NaN,NaN,NaN,NaN,0,0,NaN,0,0.5,NaN,NaN,NaN,NaN,NONE,NOT_APPLICABLE_CURRENT_OBSERVATION,0,,0,0,NaN,0,0,0,NaN,NaN,0,NaN,NaN,128.257038948077,1,MAIN_CONCLUSION_ELIGIBLE,149.387038948077,21.13,128.257038948077,0,0,0.89375,0,0,0,0,0,0,0,0,103.684,45.703038948077,0
31,NORMAL,119.828151936921,21.13,0,0,0,0,0,0,0,0,0,0,98.6981519369206,0,5400,422.6,-4977.4,1,1,PASS_STRICT,1,0,baseline_H_asset_only,0,0,0,0,CURRENT_OBSERVATION,NaN,NaN,NaN,NaN,NaN,1,NaN,NaN,NaN,0,NaN,NaN,NaN,NaN,NaN,NaN,0,0,NaN,0,0.5,NaN,NaN,NaN,NaN,NONE,NOT_APPLICABLE_CURRENT_OBSERVATION,0,,0,0,NaN,0,0,0,NaN,NaN,0,NaN,NaN,98.6981519369206,1,MAIN_CONCLUSION_ELIGIBLE,119.828151936921,21.13,98.6981519369206,0,0,0.89375,0,0,0,0,0,0,0,0,90.748,29.0801519369206,0
32,NORMAL,103.495924044676,21.13,0,0,0,0,0,0,0,0,0,0,82.3659240446763,0,5400,422.6,-4977.4,1,1,PASS_STRICT,1,0,baseline_H_asset_only,0,0,0,0,CURRENT_OBSERVATION,NaN,NaN,NaN,NaN,NaN,1,NaN,NaN,NaN,0,NaN,NaN,NaN,NaN,NaN,NaN,0,0,NaN,0,0.5,NaN,NaN,NaN,NaN,NONE,NOT_APPLICABLE_CURRENT_OBSERVATION,0,,0,0,NaN,0,0,0,NaN,NaN,0,NaN,NaN,82.3659240446763,1,MAIN_CONCLUSION_ELIGIBLE,103.495924044676,21.13,82.3659240446763,0,0,0.89375,0,0,0,0,0,0,0,0,86.044,17.4519240446763,0
33,NORMAL,99.4747257814166,21.13,0,0,0,0,0,0,0,0,0,0,78.3447257814166,0,5400,422.6,-4977.4,1,1,PASS_STRICT,1,0,baseline_H_asset_only,0,0,0,0,CURRENT_OBSERVATION,NaN,NaN,NaN,NaN,NaN,1,NaN,NaN,NaN,0,NaN,NaN,NaN,NaN,NaN,NaN,0,0,NaN,0,0.5,NaN,NaN,NaN,NaN,NONE,NOT_APPLICABLE_CURRENT_OBSERVATION,0,,0,0,NaN,0,0,0,NaN,NaN,0,NaN,NaN,78.3447257814166,1,MAIN_CONCLUSION_ELIGIBLE,99.4747257814166,21.13,78.3447257814166,0,0,0.89375,0,0,0,0,0,0,0,0,94.276,5.19872578141655,0
34,NORMAL,111.328,21.13,0,0,0,0,0,0,0,0,0,0,90.198,0,5400,422.6,-4977.4,1,1,PASS_STRICT,1,0,baseline_H_asset_only,0,0,0,0,CURRENT_OBSERVATION,NaN,NaN,NaN,NaN,NaN,1,NaN,NaN,NaN,0,NaN,NaN,NaN,NaN,NaN,NaN,0,0,NaN,0,0.5,NaN,NaN,NaN,NaN,NONE,NOT_APPLICABLE_CURRENT_OBSERVATION,0,,0,0,NaN,0,0,0,NaN,NaN,0,NaN,NaN,90.198,1,MAIN_CONCLUSION_ELIGIBLE,111.328,21.13,90.198,0,0,0.89375,0,0,0,0,0,0,0,0,111.328,0,0
35,NORMAL,129.11085859082,21.49,0,0,0,0,0,0,0,0,0,0,107.62085859082,0,5400,429.8,-4970.2,1,1,PASS_STRICT,1,0,baseline_H_asset_only,0,0,0,0,CURRENT_OBSERVATION,NaN,NaN,NaN,NaN,NaN,1,NaN,NaN,NaN,0,NaN,NaN,NaN,NaN,NaN,NaN,0,0,NaN,0,0.5,NaN,NaN,NaN,NaN,NONE,NOT_APPLICABLE_CURRENT_OBSERVATION,0,,0,0,NaN,0,0,0,NaN,NaN,0,NaN,NaN,107.62085859082,1,MAIN_CONCLUSION_ELIGIBLE,129.11085859082,21.49,107.62085859082,0,0,0.89375,0,0,0,0,0,0,0,0,128.968,0,0.142858590820011
36,NORMAL,139.385415331254,21.49,0,0,0,0,0,0,0,0,0,0,117.895415331254,0,5400,429.8,-4970.2,1,1,PASS_STRICT,1,0,baseline_H_asset_only,0,0,0,0,CURRENT_OBSERVATION,NaN,NaN,NaN,NaN,NaN,1,NaN,NaN,NaN,0,NaN,NaN,NaN,NaN,NaN,NaN,0,0,NaN,0,0.5,NaN,NaN,NaN,NaN,NONE,NOT_APPLICABLE_CURRENT_OBSERVATION,0,,0,0,NaN,0,0,0,NaN,NaN,0,NaN,NaN,117.895415331254,1,MAIN_CONCLUSION_ELIGIBLE,139.385415331254,21.49,117.895415331254,0,0,0.89375,0,0,0,0,0,0,0,0,136.024,0,3.36141533125378
37,NORMAL,139.082227758567,21.49,0,0,0,0,0,0,0,0,0,0,117.592227758567,0,5400,429.8,-4970.2,1,1,PASS_STRICT,1,0,baseline_H_asset_only,0,0,0,0,CURRENT_OBSERVATION,NaN,NaN,NaN,NaN,NaN,1,NaN,NaN,NaN,0,NaN,NaN,NaN,NaN,NaN,NaN,0,0,NaN,0,0.5,NaN,NaN,NaN,NaN,NONE,NOT_APPLICABLE_CURRENT_OBSERVATION,0,,0,0,NaN,0,0,0,NaN,NaN,0,NaN,NaN,117.592227758567,1,MAIN_CONCLUSION_ELIGIBLE,139.082227758567,21.49,117.592227758567,0,0,0.89375,0,0,0,0,0,0,0,0,134.26,0,4.82222775856656
38,NORMAL,137.803470774166,21.49,0,0,0,0,0,0,0,0,0,0,116.313470774166,0,5400,429.8,-4970.2,1,1,PASS_STRICT,1,0,baseline_H_asset_only,0,0,0,0,CURRENT_OBSERVATION,NaN,NaN,NaN,NaN,NaN,1,NaN,NaN,NaN,0,NaN,NaN,NaN,NaN,NaN,NaN,0,0,NaN,0,0.5,NaN,NaN,NaN,NaN,NONE,NOT_APPLICABLE_CURRENT_OBSERVATION,0,,0,0,NaN,0,0,0,NaN,NaN,0,NaN,NaN,116.313470774166,1,MAIN_CONCLUSION_ELIGIBLE,137.803470774166,21.49,116.313470774166,0,0,0.89375,0,0,0,0,0,0,0,0,131.32,0,6.48347077416645
39,NORMAL,123.966633421327,21.49,0,0,0,0,0,0,0,0,0,0,102.476633421327,0,5400,429.8,-4970.2,1,1,PASS_STRICT,1,0,baseline_H_asset_only,0,0,0,0,CURRENT_OBSERVATION,NaN,NaN,NaN,NaN,NaN,1,NaN,NaN,NaN,0,NaN,NaN,NaN,NaN,NaN,NaN,0,0,NaN,0,0.5,NaN,NaN,NaN,NaN,NONE,NOT_APPLICABLE_CURRENT_OBSERVATION,0,,0,0,NaN,0,0,0,NaN,NaN,0,NaN,NaN,102.476633421327,1,MAIN_CONCLUSION_ELIGIBLE,123.966633421327,21.49,102.476633421327,0,0,0.89375,0,0,0,0,0,0,0,0,115.444,0,8.52263342132742
40,NORMAL,100.171470774166,21.49,0,0,0,0,0,0,0,0,0,0,78.6814707741664,0,5400,429.8,-4970.2,1,1,PASS_STRICT,1,0,baseline_H_asset_only,0,0,0,0,CURRENT_OBSERVATION,NaN,NaN,NaN,NaN,NaN,1,NaN,NaN,NaN,0,NaN,NaN,NaN,NaN,NaN,NaN,0,0,NaN,0,0.5,NaN,NaN,NaN,NaN,NONE,NOT_APPLICABLE_CURRENT_OBSERVATION,0,,0,0,NaN,0,0,0,NaN,NaN,0,NaN,NaN,78.6814707741664,1,MAIN_CONCLUSION_ELIGIBLE,100.171470774166,21.49,78.6814707741664,0,0,0.89375,0,0,0,0,0,0,0,0,93.688,0,6.48347077416645
41,NORMAL,79.9974153312537,21.49,0,0,0,0,0,0,0,0,0,0,58.5074153312537,0,5400,429.8,-4970.2,1,1,PASS_STRICT,1,0,baseline_H_asset_only,0,0,0,0,CURRENT_OBSERVATION,NaN,NaN,NaN,NaN,NaN,1,NaN,NaN,NaN,0,NaN,NaN,NaN,NaN,NaN,NaN,0,0,NaN,0,0.5,NaN,NaN,NaN,NaN,NONE,NOT_APPLICABLE_CURRENT_OBSERVATION,0,,0,0,NaN,0,0,0,NaN,NaN,0,NaN,NaN,58.5074153312537,1,MAIN_CONCLUSION_ELIGIBLE,79.9974153312537,21.49,58.5074153312537,0,0,0.89375,0,0,0,0,0,0,0,0,76.636,0,3.36141533125378
42,NORMAL,70.756,21.13,0,0,0,0,0,0,0,0,0,0,49.626,0,5400,422.6,-4977.4,1,1,PASS_STRICT,1,0,baseline_H_asset_only,0,0,0,0,CURRENT_OBSERVATION,NaN,NaN,NaN,NaN,NaN,1,NaN,NaN,NaN,0,NaN,NaN,NaN,NaN,NaN,NaN,0,0,NaN,0,0.5,NaN,NaN,NaN,NaN,NONE,NOT_APPLICABLE_CURRENT_OBSERVATION,0,,0,0,NaN,0,0,0,NaN,NaN,0,NaN,NaN,49.626,1,MAIN_CONCLUSION_ELIGIBLE,70.756,21.13,49.626,0,0,0.89375,0,0,0,0,0,0,0,0,70.756,0,0
43,NORMAL,81.34,21.13,0,0,0,0,0,0,0,0,0,0,60.21,0,5400,422.6,-4977.4,1,1,PASS_STRICT,1,0,baseline_H_asset_only,0,0,0,0,CURRENT_OBSERVATION,NaN,NaN,NaN,NaN,NaN,1,NaN,NaN,NaN,0,NaN,NaN,NaN,NaN,NaN,NaN,0,0,NaN,0,0.5,NaN,NaN,NaN,NaN,NONE,NOT_APPLICABLE_CURRENT_OBSERVATION,0,,0,0,NaN,0,0,0,NaN,NaN,0,NaN,NaN,60.21,1,MAIN_CONCLUSION_ELIGIBLE,81.34,21.13,60.21,0,0,0.89375,0,0,0,0,0,0,0,0,81.34,0,0
44,NORMAL,111.328,21.13,0,0,0,0,0,0,0,0,0,0,90.198,0,5400,422.6,-4977.4,1,1,PASS_STRICT,1,0,baseline_H_asset_only,0,0,0,0,CURRENT_OBSERVATION,NaN,NaN,NaN,NaN,NaN,1,NaN,NaN,NaN,0,NaN,NaN,NaN,NaN,NaN,NaN,0,0,NaN,0,0.5,NaN,NaN,NaN,NaN,NONE,NOT_APPLICABLE_CURRENT_OBSERVATION,0,,0,0,NaN,0,0,0,NaN,NaN,0,NaN,NaN,90.198,1,MAIN_CONCLUSION_ELIGIBLE,111.328,21.13,90.198,0,0,0.89375,0,0,0,0,0,0,0,0,111.328,0,0
45,NORMAL,186.9448,21.13,0,0,0,0,0,0,0,0,0,0,165.8148,0,5400,422.6,-4977.4,1,1,PASS_STRICT,1,0,baseline_H_asset_only,0,0,0,0,CURRENT_OBSERVATION,NaN,NaN,NaN,NaN,NaN,1,NaN,NaN,NaN,0,NaN,NaN,NaN,NaN,NaN,NaN,0,0,NaN,0,0.5,NaN,NaN,NaN,NaN,NONE,NOT_APPLICABLE_CURRENT_OBSERVATION,0,,0,0,NaN,0,0,0,NaN,NaN,0,NaN,NaN,165.8148,1,MAIN_CONCLUSION_ELIGIBLE,186.9448,21.13,165.8148,0,0,0.89375,0,0,0,0,0,0,0,0,186.9448,0,0
46,NORMAL,364.5796,21.13,0,0,0,0,0,0,0,0,0,0,343.4496,0,5400,422.6,-4977.4,1,1,PASS_STRICT,1,0,baseline_H_asset_only,0,0,0,0,CURRENT_OBSERVATION,NaN,NaN,NaN,NaN,NaN,1,NaN,NaN,NaN,0,NaN,NaN,NaN,NaN,NaN,NaN,0,0,NaN,0,0.5,NaN,NaN,NaN,NaN,NONE,NOT_APPLICABLE_CURRENT_OBSERVATION,0,,0,0,NaN,0,0,0,NaN,NaN,0,NaN,NaN,343.4496,1,MAIN_CONCLUSION_ELIGIBLE,364.5796,21.13,343.4496,0,0,0.89375,0,0,0,0,0,0,0,0,364.5796,0,0
47,NORMAL,576.31054904882,21.13,0,0,0,0,0,0,0,0,0,0,555.18054904882,0,5400,422.6,-4977.4,1,1,PASS_STRICT,1,0,baseline_H_asset_only,0,0,0,0,CURRENT_OBSERVATION,NaN,NaN,NaN,NaN,NaN,1,NaN,NaN,NaN,0,NaN,NaN,NaN,NaN,NaN,NaN,0,0,NaN,0,0.5,NaN,NaN,NaN,NaN,NONE,NOT_APPLICABLE_CURRENT_OBSERVATION,0,,0,0,NaN,0,0,0,NaN,NaN,0,NaN,NaN,555.18054904882,1,MAIN_CONCLUSION_ELIGIBLE,576.31054904882,21.13,555.18054904882,0,0,0.89375,0,0,0,0,0,0,0,0,576.142,0.168549048820404,0
0,NORMAL,327.969049616543,118.162067099407,0,0,30.3562776257223,0,0,0,0,0,0,28.4100252847013,209.806982517137,0,19605.0126423507,2363.24134198813,-39102.7713003625,1,1,PASS_STRICT,1,0,baseline_C_asset_only,0,0,1,1,CURRENT_OBSERVATION,NaN,NaN,NaN,NaN,NaN,1,NaN,NaN,NaN,0,NaN,NaN,NaN,NaN,NaN,NaN,0,0,NaN,0,0.5,NaN,NaN,NaN,NaN,NONE,NOT_APPLICABLE_CURRENT_OBSERVATION,0,,0,0,NaN,0,0,0,NaN,NaN,0,NaN,NaN,209.806982517137,1,MAIN_CONCLUSION_ELIGIBLE,327.969049616543,118.162067099407,209.806982517137,66.3157894736842,0,0.89375,0,0,0,0,30.3562776257223,0,0,0,314.3056,13.0214041862257,0.642045430317657
1,NORMAL,314.917570879358,50.3312811358108,0,0,28.8412811358108,0,0,0,0,0,0,26.9921174100288,264.586289743547,0,18896.0587050144,1006.62562271622,-17889.4330822982,1,1,PASS_STRICT,1,0,baseline_C_asset_only,0,0,1,1,CURRENT_OBSERVATION,NaN,NaN,NaN,NaN,NaN,1,NaN,NaN,NaN,0,NaN,NaN,NaN,NaN,NaN,NaN,0,0,NaN,0,0.5,NaN,NaN,NaN,NaN,NONE,NOT_APPLICABLE_CURRENT_OBSERVATION,0,,0,0,NaN,0,0,0,NaN,NaN,0,NaN,NaN,264.586289743547,1,MAIN_CONCLUSION_ELIGIBLE,314.917570879358,50.3312811358108,264.586289743547,0,0,0.89375,0,0,0,0,28.8412811358108,0,0,0,286.3756,27.2092983259927,1.33267255336529
2,NORMAL,291.840438733695,52.238280234559,0,0,30.748280234559,0,0,0,0,0,0,28.7768026959885,239.602158499136,0,19788.4013479943,1044.76560469118,-18743.6357433031,1,1,PASS_STRICT,1,0,baseline_C_asset_only,0,0,1,1,CURRENT_OBSERVATION,NaN,NaN,NaN,NaN,NaN,1,NaN,NaN,NaN,0,NaN,NaN,NaN,NaN,NaN,NaN,0,0,NaN,0,0.5,NaN,NaN,NaN,NaN,NONE,NOT_APPLICABLE_CURRENT_OBSERVATION,0,,0,0,NaN,0,0,0,NaN,NaN,0,NaN,NaN,239.602158499136,1,MAIN_CONCLUSION_ELIGIBLE,291.840438733695,52.238280234559,239.602158499136,0,0,0.89375,0,0,0,0,30.748280234559,0,0,0,249.508,40.1699680641617,2.16247066953362
3,NORMAL,232.456082987042,51.7055965100584,0,0,30.2155965100584,0,0,0,0,0,0,28.2782274467867,180.750486476984,0,19539.1137233934,1034.11193020117,-18505.0017931922,1,1,PASS_STRICT,1,0,baseline_C_asset_only,0,0,1,1,CURRENT_OBSERVATION,NaN,NaN,NaN,NaN,NaN,1,NaN,NaN,NaN,0,NaN,NaN,NaN,NaN,NaN,NaN,0,0,NaN,0,0.5,NaN,NaN,NaN,NaN,NONE,NOT_APPLICABLE_CURRENT_OBSERVATION,0,,0,0,NaN,0,0,0,NaN,NaN,0,NaN,NaN,180.750486476984,1,MAIN_CONCLUSION_ELIGIBLE,232.456082987042,51.7055965100584,180.750486476984,0,0,0.89375,0,0,0,0,30.2155965100584,0,0,0,176.89,52.2046676557883,3.36141533125378
4,NORMAL,189.034659350842,51.2216347333831,0,0,29.731634733383,0,0,0,0,0,0,27.8252517116369,137.813024617459,0,19312.6258558185,1024.43269466766,-18288.1931611508,1,1,PASS_STRICT,1,0,baseline_C_asset_only,0,0,1,1,CURRENT_OBSERVATION,NaN,NaN,NaN,NaN,NaN,1,NaN,NaN,NaN,0,NaN,NaN,NaN,NaN,NaN,NaN,0,0,NaN,0,0.5,NaN,NaN,NaN,NaN,NONE,NOT_APPLICABLE_CURRENT_OBSERVATION,0,,0,0,NaN,0,0,0,NaN,NaN,0,NaN,NaN,137.813024617459,1,MAIN_CONCLUSION_ELIGIBLE,189.034659350842,51.2216347333831,137.813024617459,0,0,0.89375,0,0,0,0,29.731634733383,0,0,0,123.088,61.1244315922755,4.82222775856656
5,NORMAL,158.383746939714,52.0516697944741,0,0,30.5616697944741,0,0,0,0,0,0,28.6020192320982,106.33207714524,0,19701.0096160491,1041.03339588948,-18659.9762201596,1,1,PASS_STRICT,1,0,baseline_C_asset_only,0,0,1,1,CURRENT_OBSERVATION,NaN,NaN,NaN,NaN,NaN,1,NaN,NaN,NaN,0,NaN,NaN,NaN,NaN,NaN,NaN,0,0,NaN,0,0.5,NaN,NaN,NaN,NaN,NONE,NOT_APPLICABLE_CURRENT_OBSERVATION,0,,0,0,NaN,0,0,0,NaN,NaN,0,NaN,NaN,106.33207714524,1,MAIN_CONCLUSION_ELIGIBLE,158.383746939714,52.0516697944741,106.33207714524,0,0,0.89375,0,0,0,0,30.5616697944741,0,0,0,94.864,57.0362761655473,6.48347077416645
6,NORMAL,149.704634262795,51.3771582449326,0,0,29.8871582449326,0,0,0,0,0,0,27.9707132236934,98.3274760178619,0,19385.3566118467,1027.54316489865,-18357.813446948,1,1,PASS_STRICT,1,0,baseline_C_asset_only,0,0,1,1,CURRENT_OBSERVATION,NaN,NaN,NaN,NaN,NaN,1,NaN,NaN,NaN,0,NaN,NaN,NaN,NaN,NaN,NaN,0,0,NaN,0,0.5,NaN,NaN,NaN,NaN,NONE,NOT_APPLICABLE_CURRENT_OBSERVATION,0,,0,0,NaN,0,0,0,NaN,NaN,0,NaN,NaN,98.3274760178619,1,MAIN_CONCLUSION_ELIGIBLE,149.704634262795,51.3771582449326,98.3274760178619,0,0,0.89375,0,0,0,0,29.8871582449326,0,0,0,87.808,45.4923059270679,16.4043283357266
7,NORMAL,158.133331487122,54.032989462239,0,0,32.542989462239,0,0,0,0,0,0,30.4561964619595,104.100342024883,0,20628.0982309798,1080.65978924478,-19547.438441735,1,1,PASS_STRICT,1,0,baseline_C_asset_only,0,0,1,1,CURRENT_OBSERVATION,NaN,NaN,NaN,NaN,NaN,1,NaN,NaN,NaN,0,NaN,NaN,NaN,NaN,NaN,NaN,0,0,NaN,0,0.5,NaN,NaN,NaN,NaN,NONE,NOT_APPLICABLE_CURRENT_OBSERVATION,0,,0,0,NaN,0,0,0,NaN,NaN,0,NaN,NaN,104.100342024883,1,MAIN_CONCLUSION_ELIGIBLE,158.133331487122,54.032989462239,104.100342024883,0,0,0.89375,0,0,0,0,32.542989462239,0,0,0,104.86,33.6866159852672,19.5867155018544
8,NORMAL,179.434951368027,52.0212618251556,0,0,30.5312618251556,0,0,0,0,0,0,28.5734233313494,127.413689542872,0,19686.7116656747,1040.42523650311,-18646.2864291716,1,1,PASS_STRICT,1,0,baseline_C_asset_only,0,0,1,1,CURRENT_OBSERVATION,NaN,NaN,NaN,NaN,NaN,1,NaN,NaN,NaN,0,NaN,NaN,NaN,NaN,NaN,NaN,0,0,NaN,0,0.5,NaN,NaN,NaN,NaN,NONE,NOT_APPLICABLE_CURRENT_OBSERVATION,0,,0,0,NaN,0,0,0,NaN,NaN,0,NaN,NaN,127.413689542872,1,MAIN_CONCLUSION_ELIGIBLE,179.434951368027,52.0212618251556,127.413689542872,0,0,0.89375,0,0,0,0,30.5312618251556,0,0,0,138.376,18.3243180237534,22.7346333442739
9,NORMAL,204.820843804893,43.9235438035653,0,0,22.4335438035653,0,0,0,0,0,0,20.994943402635,160.897300001327,0,15897.4717013175,878.470876071306,-15019.0008252462,1,1,PASS_STRICT,1,0,baseline_C_asset_only,0,0,1,1,CURRENT_OBSERVATION,NaN,NaN,NaN,NaN,NaN,1,NaN,NaN,NaN,0,NaN,NaN,NaN,NaN,NaN,NaN,0,0,NaN,0,0.5,NaN,NaN,NaN,NaN,NONE,NOT_APPLICABLE_CURRENT_OBSERVATION,0,,0,0,NaN,0,0,0,NaN,NaN,0,NaN,NaN,160.897300001327,1,MAIN_CONCLUSION_ELIGIBLE,204.820843804893,43.9235438035653,160.897300001327,0,0,0.89375,0,0,0,0,22.4335438035653,0,0,0,174.6556,4.18158389889633,25.9836599059962
10,NORMAL,233.9947898688,44.3275385926174,0,0,22.8375385926174,0,0,0,0,0,0,21.3729967964191,189.667251276183,0,16086.4983982096,886.550771852348,-15199.9476263572,1,1,PASS_STRICT,1,0,baseline_C_asset_only,0,0,1,1,CURRENT_OBSERVATION,NaN,NaN,NaN,NaN,NaN,1,NaN,NaN,NaN,0,NaN,NaN,NaN,NaN,NaN,NaN,0,0,NaN,0,0.5,NaN,NaN,NaN,NaN,NONE,NOT_APPLICABLE_CURRENT_OBSERVATION,0,,0,0,NaN,0,0,0,NaN,NaN,0,NaN,NaN,189.667251276183,1,MAIN_CONCLUSION_ELIGIBLE,233.9947898688,44.3275385926174,189.667251276183,0,0,0.89375,0,0,0,0,22.8375385926174,0,0,0,204.82,0,29.1747898688002
11,NORMAL,254.1043898688,43.7201504533327,0,0,22.2301504533327,0,0,0,0,0,0,20.8045262461843,210.384239415467,0,15802.2631230921,874.403009066655,-14927.8601140255,1,1,PASS_STRICT,1,0,baseline_C_asset_only,0,0,1,1,CURRENT_OBSERVATION,NaN,NaN,NaN,NaN,NaN,1,NaN,NaN,NaN,0,NaN,NaN,NaN,NaN,NaN,NaN,0,0,NaN,0,0.5,NaN,NaN,NaN,NaN,NONE,NOT_APPLICABLE_CURRENT_OBSERVATION,0,,0,0,NaN,0,0,0,NaN,NaN,0,NaN,NaN,210.384239415467,1,MAIN_CONCLUSION_ELIGIBLE,254.1043898688,43.7201504533327,210.384239415467,0,0,0.89375,0,0,0,0,22.2301504533327,0,0,0,224.9296,0,29.1747898688002
12,NORMAL,221.578,43.2995780482251,0,0,22.1695780482251,0,0,0,0,0,0,20.7478050269866,178.278421951775,0,15773.9025134933,865.991560964503,-14907.9109525288,1,1,PASS_STRICT,1,0,baseline_C_asset_only,0,0,1,1,CURRENT_OBSERVATION,NaN,NaN,NaN,NaN,NaN,1,NaN,NaN,NaN,0,NaN,NaN,NaN,NaN,NaN,NaN,0,0,NaN,0,0.5,NaN,NaN,NaN,NaN,NONE,NOT_APPLICABLE_CURRENT_OBSERVATION,0,,0,0,NaN,0,0,0,NaN,NaN,0,NaN,NaN,178.278421951775,1,MAIN_CONCLUSION_ELIGIBLE,221.578,43.2995780482251,178.278421951775,0,0,0.89375,0,0,0,0,22.1695780482251,0,0,0,221.578,0,0
13,NORMAL,196.9996,42.9785531812369,0,0,21.8485531812369,0,0,0,0,0,0,20.4473351823884,154.021046818763,0,15623.6675911942,859.571063624738,-14764.0965275695,1,1,PASS_STRICT,1,0,baseline_C_asset_only,0,0,1,1,CURRENT_OBSERVATION,NaN,NaN,NaN,NaN,NaN,1,NaN,NaN,NaN,0,NaN,NaN,NaN,NaN,NaN,NaN,0,0,NaN,0,0.5,NaN,NaN,NaN,NaN,NONE,NOT_APPLICABLE_CURRENT_OBSERVATION,0,,0,0,NaN,0,0,0,NaN,NaN,0,NaN,NaN,154.021046818763,1,MAIN_CONCLUSION_ELIGIBLE,196.9996,42.9785531812369,154.021046818763,0,0,0.89375,0,0,0,0,21.8485531812369,0,0,0,196.9996,0,0
14,NORMAL,159.0148,42.8464515075976,0,0,21.7164515075976,0,0,0,0,0,0,20.3236729604568,116.168348492402,0,15561.8364802284,856.929030151952,-14704.9074500765,1,1,PASS_STRICT,1,0,baseline_C_asset_only,0,0,1,1,CURRENT_OBSERVATION,NaN,NaN,NaN,NaN,NaN,1,NaN,NaN,NaN,0,NaN,NaN,NaN,NaN,NaN,NaN,0,0,NaN,0,0.5,NaN,NaN,NaN,NaN,NONE,NOT_APPLICABLE_CURRENT_OBSERVATION,0,,0,0,NaN,0,0,0,NaN,NaN,0,NaN,NaN,116.168348492402,1,MAIN_CONCLUSION_ELIGIBLE,159.0148,42.8464515075976,116.168348492402,0,0,0.89375,0,0,0,0,21.7164515075976,0,0,0,159.0148,0,0
15,NORMAL,135.436,44.1333494462177,0,0,23.0033494462178,0,0,0,0,0,0,21.5280014710202,91.3026505537822,0,16164.0007355101,882.666988924355,-15281.3337465857,1,1,PASS_STRICT,1,0,baseline_C_asset_only,0,0,1,1,CURRENT_OBSERVATION,NaN,NaN,NaN,NaN,NaN,1,NaN,NaN,NaN,0,NaN,NaN,NaN,NaN,NaN,NaN,0,0,NaN,0,0.5,NaN,NaN,NaN,NaN,NONE,NOT_APPLICABLE_CURRENT_OBSERVATION,0,,0,0,NaN,0,0,0,NaN,NaN,0,NaN,NaN,91.3026505537822,1,MAIN_CONCLUSION_ELIGIBLE,135.436,44.1333494462177,91.3026505537822,0,0,0.89375,0,0,0,0,23.0033494462178,0,0,0,135.436,0,0
16,NORMAL,124.074470669534,43.6809395253928,0,0,22.1909395253928,0,0,0,0,0,0,20.7676630881262,80.3935311441408,0,15783.8315440631,873.618790507856,-14910.2127535553,1,1,PASS_STRICT,1,0,baseline_C_asset_only,0,0,1,1,CURRENT_OBSERVATION,NaN,NaN,NaN,NaN,NaN,1,NaN,NaN,NaN,0,NaN,NaN,NaN,NaN,NaN,NaN,0,0,NaN,0,0.5,NaN,NaN,NaN,NaN,NONE,NOT_APPLICABLE_CURRENT_OBSERVATION,0,,0,0,NaN,0,0,0,NaN,NaN,0,NaN,NaN,80.3935311441408,1,MAIN_CONCLUSION_ELIGIBLE,124.074470669534,43.6809395253928,80.3935311441408,0,0,0.89375,0,0,0,0,22.1909395253928,0,0,0,121.912,0,2.16247066953362
17,NORMAL,115.865415331254,44.7612301685225,0,0,23.2712301685225,0,0,0,0,0,0,21.7786313530697,71.1041851627312,0,16289.3156765349,895.224603370451,-15394.0910731644,1,1,PASS_STRICT,1,0,baseline_C_asset_only,0,0,1,1,CURRENT_OBSERVATION,NaN,NaN,NaN,NaN,NaN,1,NaN,NaN,NaN,0,NaN,NaN,NaN,NaN,NaN,NaN,0,0,NaN,0,0.5,NaN,NaN,NaN,NaN,NONE,NOT_APPLICABLE_CURRENT_OBSERVATION,0,,0,0,NaN,0,0,0,NaN,NaN,0,NaN,NaN,71.1041851627312,1,MAIN_CONCLUSION_ELIGIBLE,115.865415331254,44.7612301685225,71.1041851627312,0,0,0.89375,0,0,0,0,23.2712301685225,0,0,0,112.504,0,3.36141533125378
18,NORMAL,111.446227758567,43.4348324404445,0,0,21.9448324404445,0,0,0,0,0,0,20.5372747591779,68.0113953181221,0,15668.637379589,868.69664880889,-14799.9407307801,1,1,PASS_STRICT,1,0,baseline_C_asset_only,0,0,1,1,CURRENT_OBSERVATION,NaN,NaN,NaN,NaN,NaN,1,NaN,NaN,NaN,0,NaN,NaN,NaN,NaN,NaN,NaN,0,0,NaN,0,0.5,NaN,NaN,NaN,NaN,NONE,NOT_APPLICABLE_CURRENT_OBSERVATION,0,,0,0,NaN,0,0,0,NaN,NaN,0,NaN,NaN,68.0113953181221,1,MAIN_CONCLUSION_ELIGIBLE,111.446227758567,43.4348324404445,68.0113953181221,0,0,0.89375,0,0,0,0,21.9448324404445,0,0,0,106.624,0,4.82222775856656
19,NORMAL,110.167470774166,43.7290798197537,0,0,22.2390798197537,0,0,0,0,0,0,20.8126154564419,66.4383909544127,0,15806.3077282209,874.581596395075,-14931.7261318259,1,1,PASS_STRICT,1,0,baseline_C_asset_only,0,0,1,1,CURRENT_OBSERVATION,NaN,NaN,NaN,NaN,NaN,1,NaN,NaN,NaN,0,NaN,NaN,NaN,NaN,NaN,NaN,0,0,NaN,0,0.5,NaN,NaN,NaN,NaN,NONE,NOT_APPLICABLE_CURRENT_OBSERVATION,0,,0,0,NaN,0,0,0,NaN,NaN,0,NaN,NaN,66.4383909544127,1,MAIN_CONCLUSION_ELIGIBLE,110.167470774166,43.7290798197537,66.4383909544127,0,0,0.89375,0,0,0,0,22.2390798197537,0,0,0,103.684,0,6.48347077416645
20,NORMAL,109.854633421327,43.3598000612357,0,0,21.8698000612357,0,0,0,0,0,0,20.4669892447738,66.4948333600917,0,15633.4946223869,867.196001224715,-14766.2986211622,1,1,PASS_STRICT,1,0,baseline_C_asset_only,0,0,1,1,CURRENT_OBSERVATION,NaN,NaN,NaN,NaN,NaN,1,NaN,NaN,NaN,0,NaN,NaN,NaN,NaN,NaN,NaN,0,0,NaN,0,0.5,NaN,NaN,NaN,NaN,NONE,NOT_APPLICABLE_CURRENT_OBSERVATION,0,,0,0,NaN,0,0,0,NaN,NaN,0,NaN,NaN,66.4948333600917,1,MAIN_CONCLUSION_ELIGIBLE,109.854633421327,43.3598000612357,66.4948333600917,0,0,0.89375,0,0,0,0,21.8698000612357,0,0,0,101.332,0,8.52263342132742
21,NORMAL,120.438633421327,44.741943091839,0,0,23.251943091839,0,0,0,0,0,0,21.7604414875761,75.6966903294884,0,16280.2207437881,894.838861836781,-15385.3818819513,1,1,PASS_STRICT,1,0,baseline_C_asset_only,0,0,1,1,CURRENT_OBSERVATION,NaN,NaN,NaN,NaN,NaN,1,NaN,NaN,NaN,0,NaN,NaN,NaN,NaN,NaN,NaN,0,0,NaN,0,0.5,NaN,NaN,NaN,NaN,NONE,NOT_APPLICABLE_CURRENT_OBSERVATION,0,,0,0,NaN,0,0,0,NaN,NaN,0,NaN,NaN,75.6966903294884,1,MAIN_CONCLUSION_ELIGIBLE,120.438633421327,44.741943091839,75.6966903294884,0,0,0.89375,0,0,0,0,23.251943091839,0,0,0,111.916,0,8.52263342132742
22,NORMAL,135.451470774166,51.5861351056054,0,0,30.0961351056054,0,0,0,0,0,0,28.165565870142,83.8653356685611,0,19482.782935071,1031.72270211211,-18451.0602329589,1,1,PASS_STRICT,1,0,baseline_C_asset_only,0,0,1,1,CURRENT_OBSERVATION,NaN,NaN,NaN,NaN,NaN,1,NaN,NaN,NaN,0,NaN,NaN,NaN,NaN,NaN,NaN,0,0,NaN,0,0.5,NaN,NaN,NaN,NaN,NONE,NOT_APPLICABLE_CURRENT_OBSERVATION,0,,0,0,NaN,0,0,0,NaN,NaN,0,NaN,NaN,83.8653356685611,1,MAIN_CONCLUSION_ELIGIBLE,135.451470774166,51.5861351056054,83.8653356685611,0,0,0.89375,0,0,0,0,30.0961351056054,0,0,0,128.968,0,6.48347077416645
23,NORMAL,149.660359508325,51.7861143007426,0,0,30.2961143007426,0,0,0,0,0,0,28.3526714970511,97.8742452075826,0,19576.3357485255,1035.72228601485,-18540.6134625107,1,1,PASS_STRICT,1,0,baseline_C_asset_only,0,0,1,1,CURRENT_OBSERVATION,NaN,NaN,NaN,NaN,NaN,1,NaN,NaN,NaN,0,NaN,NaN,NaN,NaN,NaN,NaN,0,0,NaN,0,0.5,NaN,NaN,NaN,NaN,NONE,NOT_APPLICABLE_CURRENT_OBSERVATION,0,,0,0,NaN,0,0,0,NaN,NaN,0,NaN,NaN,97.8742452075826,1,MAIN_CONCLUSION_ELIGIBLE,149.660359508325,51.7861143007426,97.8742452075826,0,0,0.89375,0,0,0,0,30.2961143007426,0,0,0,143.668,1.1701317497587,4.82222775856656
24,NORMAL,176.716251931771,51.0064054445578,0,0,29.8764054445578,0,0,0,0,0,0,27.9598413090345,125.709846487213,0,19379.9206545173,1020.12810889116,-18359.7925456261,1,1,PASS_STRICT,1,0,baseline_C_asset_only,0,0,1,1,CURRENT_OBSERVATION,NaN,NaN,NaN,NaN,NaN,1,NaN,NaN,NaN,0,NaN,NaN,NaN,NaN,NaN,NaN,0,0,NaN,0,0.5,NaN,NaN,NaN,NaN,NONE,NOT_APPLICABLE_CURRENT_OBSERVATION,0,,0,0,NaN,0,0,0,NaN,NaN,0,NaN,NaN,125.709846487213,1,MAIN_CONCLUSION_ELIGIBLE,176.716251931771,51.0064054445578,125.709846487213,0,0,0.89375,0,0,0,0,29.8764054445578,0,0,0,161.2492,15.4670519317706,0
25,NORMAL,211.253226442193,52.5414699508575,0,0,31.4114699508575,0,0,0,0,0,0,29.3969618001567,158.711756491335,0,20098.4809000784,1050.82939901715,-19047.6515010612,1,1,PASS_STRICT,1,0,baseline_C_asset_only,0,0,1,1,CURRENT_OBSERVATION,NaN,NaN,NaN,NaN,NaN,1,NaN,NaN,NaN,0,NaN,NaN,NaN,NaN,NaN,NaN,0,0,NaN,0,0.5,NaN,NaN,NaN,NaN,NONE,NOT_APPLICABLE_CURRENT_OBSERVATION,0,,0,0,NaN,0,0,0,NaN,NaN,0,NaN,NaN,158.711756491335,1,MAIN_CONCLUSION_ELIGIBLE,211.253226442193,52.5414699508575,158.711756491335,0,0,0.89375,0,0,0,0,31.4114699508575,0,0,0,175.7728,35.4804264421927,0
26,NORMAL,234.917611746144,52.586495880273,0,0,31.456495880273,0,0,0,0,0,0,29.4396308649004,182.331115865871,0,20119.8154324502,1051.72991760546,-19068.0855148447,1,1,PASS_STRICT,1,0,baseline_C_asset_only,0,0,1,1,CURRENT_OBSERVATION,NaN,NaN,NaN,NaN,NaN,1,NaN,NaN,NaN,0,NaN,NaN,NaN,NaN,NaN,NaN,0,0,NaN,0,0.5,NaN,NaN,NaN,NaN,NONE,NOT_APPLICABLE_CURRENT_OBSERVATION,0,,0,0,NaN,0,0,0,NaN,NaN,0,NaN,NaN,182.331115865871,1,MAIN_CONCLUSION_ELIGIBLE,234.917611746144,52.586495880273,182.331115865871,0,0,0.89375,0,0,0,0,31.456495880273,0,0,0,182.476,52.4416117461439,0
27,NORMAL,235.344559933185,51.6952279885109,0,0,30.5652279885109,0,0,0,0,0,0,28.6060232724128,183.649331944674,0,19703.0116362064,1033.90455977022,-18669.1070764362,1,1,PASS_STRICT,1,0,baseline_C_asset_only,0,0,1,1,CURRENT_OBSERVATION,NaN,NaN,NaN,NaN,NaN,1,NaN,NaN,NaN,0,NaN,NaN,NaN,NaN,NaN,NaN,0,0,NaN,0,0.5,NaN,NaN,NaN,NaN,NONE,NOT_APPLICABLE_CURRENT_OBSERVATION,0,,0,0,NaN,0,0,0,NaN,NaN,0,NaN,NaN,183.649331944674,1,MAIN_CONCLUSION_ELIGIBLE,235.344559933185,51.6952279885109,183.649331944674,0,0,0.89375,0,0,0,0,30.5652279885109,0,0,0,176.89,58.4545599331846,0
28,NORMAL,209.956409748643,51.9526236020074,0,0,30.8226236020074,0,0,0,0,0,0,28.8474401693405,158.003786146636,0,19823.7200846703,1039.05247204015,-18784.6676126301,1,1,PASS_STRICT,1,0,baseline_C_asset_only,0,0,1,1,CURRENT_OBSERVATION,NaN,NaN,NaN,NaN,NaN,1,NaN,NaN,NaN,0,NaN,NaN,NaN,NaN,NaN,NaN,0,0,NaN,0,0.5,NaN,NaN,NaN,NaN,NONE,NOT_APPLICABLE_CURRENT_OBSERVATION,0,,0,0,NaN,0,0,0,NaN,NaN,0,NaN,NaN,158.003786146636,1,MAIN_CONCLUSION_ELIGIBLE,209.956409748643,51.9526236020074,158.003786146636,0,0,0.89375,0,0,0,0,30.8226236020074,0,0,0,148.96,60.996409748643,0
29,NORMAL,173.53876448071,52.3262054562824,0,0,31.1962054562824,0,0,0,0,0,0,29.197608496443,121.212559024427,0,19998.8042482215,1046.52410912565,-18952.2801390959,1,1,PASS_STRICT,1,0,baseline_C_asset_only,0,0,1,1,CURRENT_OBSERVATION,NaN,NaN,NaN,NaN,NaN,1,NaN,NaN,NaN,0,NaN,NaN,NaN,NaN,NaN,NaN,0,0,NaN,0,0.5,NaN,NaN,NaN,NaN,NONE,NOT_APPLICABLE_CURRENT_OBSERVATION,0,,0,0,NaN,0,0,0,NaN,NaN,0,NaN,NaN,121.212559024427,1,MAIN_CONCLUSION_ELIGIBLE,173.53876448071,52.3262054562824,121.212559024427,0,0,0.89375,0,0,0,0,31.1962054562824,0,0,0,124.852,48.6867644807095,0
30,NORMAL,149.387038948077,52.5880492161495,0,0,31.4580492161495,0,0,0,0,0,0,29.4432080154366,96.7989897319275,0,20121.6040077183,1051.76098432299,-19069.8430233953,1,1,PASS_STRICT,1,0,baseline_C_asset_only,0,0,1,1,CURRENT_OBSERVATION,NaN,NaN,NaN,NaN,NaN,1,NaN,NaN,NaN,0,NaN,NaN,NaN,NaN,NaN,NaN,0,0,NaN,0,0.5,NaN,NaN,NaN,NaN,NONE,NOT_APPLICABLE_CURRENT_OBSERVATION,0,,0,0,NaN,0,0,0,NaN,NaN,0,NaN,NaN,96.7989897319275,1,MAIN_CONCLUSION_ELIGIBLE,149.387038948077,52.5880492161495,96.7989897319275,0,0,0.89375,0,0,0,0,31.4580492161495,0,0,0,103.684,45.703038948077,0
31,NORMAL,119.828151936921,51.3664109350767,0,0,30.2364109350767,0,0,0,0,0,0,28.3003241298793,68.4617410018439,0,19550.1620649396,1027.32821870153,-18522.8338462381,1,1,PASS_STRICT,1,0,baseline_C_asset_only,0,0,1,1,CURRENT_OBSERVATION,NaN,NaN,NaN,NaN,NaN,1,NaN,NaN,NaN,0,NaN,NaN,NaN,NaN,NaN,NaN,0,0,NaN,0,0.5,NaN,NaN,NaN,NaN,NONE,NOT_APPLICABLE_CURRENT_OBSERVATION,0,,0,0,NaN,0,0,0,NaN,NaN,0,NaN,NaN,68.4617410018439,1,MAIN_CONCLUSION_ELIGIBLE,119.828151936921,51.3664109350767,68.4617410018439,0,0,0.89375,0,0,0,0,30.2364109350767,0,0,0,90.748,29.0801519369206,0
32,NORMAL,103.495924044676,42.8609367563383,0,0,21.7309367563383,0,0,0,0,0,0,20.3398361167673,60.634987288338,0,15569.9180583837,857.218735126766,-14712.6993232569,1,1,PASS_STRICT,1,0,baseline_C_asset_only,0,0,1,1,CURRENT_OBSERVATION,NaN,NaN,NaN,NaN,NaN,1,NaN,NaN,NaN,0,NaN,NaN,NaN,NaN,NaN,NaN,0,0,NaN,0,0.5,NaN,NaN,NaN,NaN,NONE,NOT_APPLICABLE_CURRENT_OBSERVATION,0,,0,0,NaN,0,0,0,NaN,NaN,0,NaN,NaN,60.634987288338,1,MAIN_CONCLUSION_ELIGIBLE,103.495924044676,42.8609367563383,60.634987288338,0,0,0.89375,0,0,0,0,21.7309367563383,0,0,0,86.044,17.4519240446763,0
33,NORMAL,99.4747257814166,43.2664550103451,0,0,22.1364550103451,0,0,0,0,0,0,20.719768829765,56.2082707710714,0,15759.8844148825,865.329100206903,-14894.5553146756,1,1,PASS_STRICT,1,0,baseline_C_asset_only,0,0,1,1,CURRENT_OBSERVATION,NaN,NaN,NaN,NaN,NaN,1,NaN,NaN,NaN,0,NaN,NaN,NaN,NaN,NaN,NaN,0,0,NaN,0,0.5,NaN,NaN,NaN,NaN,NONE,NOT_APPLICABLE_CURRENT_OBSERVATION,0,,0,0,NaN,0,0,0,NaN,NaN,0,NaN,NaN,56.2082707710714,1,MAIN_CONCLUSION_ELIGIBLE,99.4747257814166,43.2664550103451,56.2082707710714,0,0,0.89375,0,0,0,0,22.1364550103451,0,0,0,94.276,5.19872578141655,0
34,NORMAL,111.328,43.7447930503231,0,0,22.6147930503232,0,0,0,0,0,0,21.167875948036,67.5832069496769,0,15983.937974018,874.895861006463,-15109.0421130115,1,1,PASS_STRICT,1,0,baseline_C_asset_only,0,0,1,1,CURRENT_OBSERVATION,NaN,NaN,NaN,NaN,NaN,1,NaN,NaN,NaN,0,NaN,NaN,NaN,NaN,NaN,NaN,0,0,NaN,0,0.5,NaN,NaN,NaN,NaN,NONE,NOT_APPLICABLE_CURRENT_OBSERVATION,0,,0,0,NaN,0,0,0,NaN,NaN,0,NaN,NaN,67.5832069496769,1,MAIN_CONCLUSION_ELIGIBLE,111.328,43.7447930503231,67.5832069496769,0,0,0.89375,0,0,0,0,22.6147930503232,0,0,0,111.328,0,0
35,NORMAL,129.11085859082,43.9687809157252,0,0,22.4787809157252,0,0,0,0,0,0,21.0409454225665,85.1420776750949,0,15920.4727112832,879.375618314503,-15041.0970929687,1,1,PASS_STRICT,1,0,baseline_C_asset_only,0,0,1,1,CURRENT_OBSERVATION,NaN,NaN,NaN,NaN,NaN,1,NaN,NaN,NaN,0,NaN,NaN,NaN,NaN,NaN,NaN,0,0,NaN,0,0.5,NaN,NaN,NaN,NaN,NONE,NOT_APPLICABLE_CURRENT_OBSERVATION,0,,0,0,NaN,0,0,0,NaN,NaN,0,NaN,NaN,85.1420776750949,1,MAIN_CONCLUSION_ELIGIBLE,129.11085859082,43.9687809157252,85.1420776750949,0,0,0.89375,0,0,0,0,22.4787809157252,0,0,0,128.968,0,0.142858590820011
36,NORMAL,139.385415331254,44.3008392942727,0,0,22.8108392942727,0,0,0,0,0,0,21.3521490135898,95.0845760369811,0,16076.0745067949,886.016785885454,-15190.0577209094,1,1,PASS_STRICT,1,0,baseline_C_asset_only,0,0,1,1,CURRENT_OBSERVATION,NaN,NaN,NaN,NaN,NaN,1,NaN,NaN,NaN,0,NaN,NaN,NaN,NaN,NaN,NaN,0,0,NaN,0,0.5,NaN,NaN,NaN,NaN,NONE,NOT_APPLICABLE_CURRENT_OBSERVATION,0,,0,0,NaN,0,0,0,NaN,NaN,0,NaN,NaN,95.0845760369811,1,MAIN_CONCLUSION_ELIGIBLE,139.385415331254,44.3008392942727,95.0845760369811,0,0,0.89375,0,0,0,0,22.8108392942727,0,0,0,136.024,0,3.36141533125378
37,NORMAL,139.082227758567,43.8484079490697,0,0,22.3584079490697,0,0,0,0,0,0,20.929026817543,95.2338198094969,0,15864.5134087715,876.968158981394,-14987.5452497901,1,1,PASS_STRICT,1,0,baseline_C_asset_only,0,0,1,1,CURRENT_OBSERVATION,NaN,NaN,NaN,NaN,NaN,1,NaN,NaN,NaN,0,NaN,NaN,NaN,NaN,NaN,NaN,0,0,NaN,0,0.5,NaN,NaN,NaN,NaN,NONE,NOT_APPLICABLE_CURRENT_OBSERVATION,0,,0,0,NaN,0,0,0,NaN,NaN,0,NaN,NaN,95.2338198094969,1,MAIN_CONCLUSION_ELIGIBLE,139.082227758567,43.8484079490697,95.2338198094969,0,0,0.89375,0,0,0,0,22.3584079490697,0,0,0,134.26,0,4.82222775856656
38,NORMAL,137.803470774166,43.9452558921206,0,0,22.4552558921206,0,0,0,0,0,0,21.0200622969703,93.8582148820459,0,15910.0311484852,878.905117842411,-15031.1260306428,1,1,PASS_STRICT,1,0,baseline_C_asset_only,0,0,1,1,CURRENT_OBSERVATION,NaN,NaN,NaN,NaN,NaN,1,NaN,NaN,NaN,0,NaN,NaN,NaN,NaN,NaN,NaN,0,0,NaN,0,0.5,NaN,NaN,NaN,NaN,NONE,NOT_APPLICABLE_CURRENT_OBSERVATION,0,,0,0,NaN,0,0,0,NaN,NaN,0,NaN,NaN,93.8582148820459,1,MAIN_CONCLUSION_ELIGIBLE,137.803470774166,43.9452558921206,93.8582148820459,0,0,0.89375,0,0,0,0,22.4552558921206,0,0,0,131.32,0,6.48347077416645
39,NORMAL,123.966633421327,43.5225037074362,0,0,22.0325037074362,0,0,0,0,0,0,20.6247016140389,80.4441297138912,0,15712.3508070194,870.450074148723,-14841.9007328707,1,1,PASS_STRICT,1,0,baseline_C_asset_only,0,0,1,1,CURRENT_OBSERVATION,NaN,NaN,NaN,NaN,NaN,1,NaN,NaN,NaN,0,NaN,NaN,NaN,NaN,NaN,NaN,0,0,NaN,0,0.5,NaN,NaN,NaN,NaN,NONE,NOT_APPLICABLE_CURRENT_OBSERVATION,0,,0,0,NaN,0,0,0,NaN,NaN,0,NaN,NaN,80.4441297138912,1,MAIN_CONCLUSION_ELIGIBLE,123.966633421327,43.5225037074362,80.4441297138912,0,0,0.89375,0,0,0,0,22.0325037074362,0,0,0,115.444,0,8.52263342132742
40,NORMAL,100.171470774166,43.8664018932484,0,0,22.3764018932484,0,0,0,0,0,0,20.9470036314146,56.305068880918,0,15873.5018157073,877.328037864968,-14996.1737778423,1,1,PASS_STRICT,1,0,baseline_C_asset_only,0,0,1,1,CURRENT_OBSERVATION,NaN,NaN,NaN,NaN,NaN,1,NaN,NaN,NaN,0,NaN,NaN,NaN,NaN,NaN,NaN,0,0,NaN,0,0.5,NaN,NaN,NaN,NaN,NONE,NOT_APPLICABLE_CURRENT_OBSERVATION,0,,0,0,NaN,0,0,0,NaN,NaN,0,NaN,NaN,56.305068880918,1,MAIN_CONCLUSION_ELIGIBLE,100.171470774166,43.8664018932484,56.305068880918,0,0,0.89375,0,0,0,0,22.3764018932484,0,0,0,93.688,0,6.48347077416645
41,NORMAL,79.9974153312537,42.8397554012603,0,0,21.3497554012603,0,0,0,0,0,0,19.9862994665775,37.1576599299935,0,15393.1497332888,856.795108025206,-14536.3546252636,1,1,PASS_STRICT,1,0,baseline_C_asset_only,0,0,1,1,CURRENT_OBSERVATION,NaN,NaN,NaN,NaN,NaN,1,NaN,NaN,NaN,0,NaN,NaN,NaN,NaN,NaN,NaN,0,0,NaN,0,0.5,NaN,NaN,NaN,NaN,NONE,NOT_APPLICABLE_CURRENT_OBSERVATION,0,,0,0,NaN,0,0,0,NaN,NaN,0,NaN,NaN,37.1576599299935,1,MAIN_CONCLUSION_ELIGIBLE,79.9974153312537,42.8397554012603,37.1576599299935,0,0,0.89375,0,0,0,0,21.3497554012603,0,0,0,76.636,0,3.36141533125378
42,NORMAL,70.756,43.6777049945773,0,0,22.5477049945773,0,0,0,0,0,0,21.1081252771297,27.0782950054227,0,15954.0626385649,873.554099891546,-15080.5085386733,1,1,PASS_STRICT,1,0,baseline_C_asset_only,0,0,1,1,CURRENT_OBSERVATION,NaN,NaN,NaN,NaN,NaN,1,NaN,NaN,NaN,0,NaN,NaN,NaN,NaN,NaN,NaN,0,0,NaN,0,0.5,NaN,NaN,NaN,NaN,NONE,NOT_APPLICABLE_CURRENT_OBSERVATION,0,,0,0,NaN,0,0,0,NaN,NaN,0,NaN,NaN,27.0782950054227,1,MAIN_CONCLUSION_ELIGIBLE,70.756,43.6777049945773,27.0782950054227,0,0,0.89375,0,0,0,0,22.5477049945773,0,0,0,70.756,0,0
43,NORMAL,81.34,43.0264971334299,0,0,21.8964971334299,0,0,0,0,0,0,20.4988640975327,38.31350286657,0,15649.4320487664,860.529942668599,-14788.9021060978,1,1,PASS_STRICT,1,0,baseline_C_asset_only,0,0,1,1,CURRENT_OBSERVATION,NaN,NaN,NaN,NaN,NaN,1,NaN,NaN,NaN,0,NaN,NaN,NaN,NaN,NaN,NaN,0,0,NaN,0,0.5,NaN,NaN,NaN,NaN,NONE,NOT_APPLICABLE_CURRENT_OBSERVATION,0,,0,0,NaN,0,0,0,NaN,NaN,0,NaN,NaN,38.31350286657,1,MAIN_CONCLUSION_ELIGIBLE,81.34,43.0264971334299,38.31350286657,0,0,0.89375,0,0,0,0,21.8964971334299,0,0,0,81.34,0,0
44,NORMAL,111.328,43.2195228571942,0,0,22.0895228571942,0,0,0,0,0,0,20.6799421363585,68.1084771428059,0,15739.9710681793,864.390457143883,-14875.5806110354,1,1,PASS_STRICT,1,0,baseline_C_asset_only,0,0,1,1,CURRENT_OBSERVATION,NaN,NaN,NaN,NaN,NaN,1,NaN,NaN,NaN,0,NaN,NaN,NaN,NaN,NaN,NaN,0,0,NaN,0,0.5,NaN,NaN,NaN,NaN,NONE,NOT_APPLICABLE_CURRENT_OBSERVATION,0,,0,0,NaN,0,0,0,NaN,NaN,0,NaN,NaN,68.1084771428059,1,MAIN_CONCLUSION_ELIGIBLE,111.328,43.2195228571942,68.1084771428059,0,0,0.89375,0,0,0,0,22.0895228571942,0,0,0,111.328,0,0
45,NORMAL,186.9448,43.2859623599975,0,0,22.1559623599975,0,0,0,0,0,0,20.7425160919811,143.658837640003,0,15771.2580459905,865.719247199949,-14905.5387987906,1,1,PASS_STRICT,1,0,baseline_C_asset_only,0,0,1,1,CURRENT_OBSERVATION,NaN,NaN,NaN,NaN,NaN,1,NaN,NaN,NaN,0,NaN,NaN,NaN,NaN,NaN,NaN,0,0,NaN,0,0.5,NaN,NaN,NaN,NaN,NONE,NOT_APPLICABLE_CURRENT_OBSERVATION,0,,0,0,NaN,0,0,0,NaN,NaN,0,NaN,NaN,143.658837640003,1,MAIN_CONCLUSION_ELIGIBLE,186.9448,43.2859623599975,143.658837640003,0,0,0.89375,0,0,0,0,22.1559623599975,0,0,0,186.9448,0,0
46,NORMAL,364.5796,42.4098696879284,0,0,21.2798696879284,0,0,0,0,0,0,19.9226733376871,322.169730312071,0,15361.3366688436,848.197393758569,-14513.139275085,1,1,PASS_STRICT,1,0,baseline_C_asset_only,0,0,1,1,CURRENT_OBSERVATION,NaN,NaN,NaN,NaN,NaN,1,NaN,NaN,NaN,0,NaN,NaN,NaN,NaN,NaN,NaN,0,0,NaN,0,0.5,NaN,NaN,NaN,NaN,NONE,NOT_APPLICABLE_CURRENT_OBSERVATION,0,,0,0,NaN,0,0,0,NaN,NaN,0,NaN,NaN,322.169730312071,1,MAIN_CONCLUSION_ELIGIBLE,364.5796,42.4098696879284,322.169730312071,0,0,0.89375,0,0,0,0,21.2798696879284,0,0,0,364.5796,0,0
47,NORMAL,576.31054904882,43.8021465419392,0,0,22.6721465419392,0,0,0,0,0,0,21.2265358273931,532.508402506881,0,16013.2679136966,876.042930838785,-15137.2249828578,1,1,PASS_STRICT,1,0,baseline_C_asset_only,0,0,1,1,CURRENT_OBSERVATION,NaN,NaN,NaN,NaN,NaN,1,NaN,NaN,NaN,0,NaN,NaN,NaN,NaN,NaN,NaN,0,0,NaN,0,0.5,NaN,NaN,NaN,NaN,NONE,NOT_APPLICABLE_CURRENT_OBSERVATION,0,,0,0,NaN,0,0,0,NaN,NaN,0,NaN,NaN,532.508402506881,1,MAIN_CONCLUSION_ELIGIBLE,576.31054904882,43.8021465419392,532.508402506881,0,0,0.89375,0,0,0,0,22.6721465419392,0,0,0,576.142,0.168549048820404,0
0,NORMAL,327.969049616543,327.969049616543,159.048749309819,60,30.3562776257223,146.324849365033,1056.89624801832,0,0,0,1056.89624801832,28.4100252847013,0,0,54722.9764899586,70258.517860395,-33252.4878001556,1,1,PASS_STRICT,1,0,model_online_prior_posterior_event_aware,0.637712684720365,0.240572536717582,0.121714778562053,1,KALMAN_PRIOR_POSTERIOR,376.301989814673,330.206283669427,192.67879610382,330.206283669427,-2.2372340528832,6,311.756283669426,100,600,249.405026935541,0.581864794860248,0.320763382290109,0.0973718228496427,0.581864794860248,0.320763382290109,0.0973718228496427,1,0,0,0,0.5,0.5,0,0,0,NONE,PLAN_SOLVED,0,,0,0,NaN,1,0,1,0,0,0,NaN,NaN,0,1,MAIN_CONCLUSION_ELIGIBLE,327.969049616543,327.969049616543,0,57.0740226810022,0,0.83887700966845,60,1056.89624801832,0,159.048749309819,30.3562776257223,0,0,0,314.3056,13.0214041862257,0.642045430317657
1,NORMAL,314.917570879358,314.917570879358,195.344522950865,60,28.8412811358108,179.716961114796,1056.89624801832,0,0,0,1056.89624801832,26.9921174100288,0,0,62028.1293725655,9997.48828565128,-85050.7671039214,1,1,PASS_STRICT,1,0,model_online_prior_posterior_event_aware,0.687383113940785,0.211129476339712,0.101487409719503,1,KALMAN_PRIOR_POSTERIOR,375.082405061368,339.487885319295,193.69284983748,339.487885319295,-24.5703144399367,6,317.997885319295,100,600,254.398308255436,0.581864794860248,0.320763382290109,0.0973718228496427,0.59483604425091,0.314467499994826,0.0906964557542637,1,1,0,0,0.5,0.5,0,0,0,NONE,PLAN_SOLVED,0,,0,0,NaN,1,0,1,0,0,0,NaN,NaN,0,1,MAIN_CONCLUSION_ELIGIBLE,314.917570879358,314.917570879358,0,9.24176679268205,0,0.89375,60,2113.79249603664,0,195.344522950865,28.8412811358108,0,0,0,286.3756,27.2092983259927,1.33267255336529
2,NORMAL,291.840438733695,291.840438733695,179.602158499136,60,30.748280234559,165.233985819205,1056.89624801832,0,0,0,1056.89624801832,28.7768026959885,0,0,59444.5579446036,9535.94564273802,-79882.1898956651,1,1,PASS_STRICT,1,0,model_online_prior_posterior_event_aware,0.664330930404188,0.221934169151107,0.113734900444704,1,KALMAN_PRIOR_POSTERIOR,366.397445487183,329.096512186606,194.136186291905,329.096512186606,-37.256073452911,6,307.606512186606,100,600,246.085209749285,0.581864794860248,0.320763382290109,0.0973718228496427,0.574949570133802,0.325090646778427,0.0999597830877711,1,1,0,0,0.5,0.5,0,0,0,NONE,PLAN_SOLVED,0,,0,0,NaN,1,0,1,0,0,0,NaN,NaN,0,1,MAIN_CONCLUSION_ELIGIBLE,291.840438733695,291.840438733695,0,0,0,0.89375,60,3170.68874405496,0,179.602158499136,30.748280234559,0,0,0,249.508,40.1699680641617,2.16247066953362
3,NORMAL,232.456082987042,232.456082987042,120.750486476984,60,30.2155965100584,111.090447558825,1056.89624801832,0,0,0,1056.89624801832,28.2782274467867,0,0,46200.8211375113,8348.25852780496,-67826.1402035059,1,1,PASS_STRICT,1,0,model_online_prior_posterior_event_aware,0.572369192086675,0.284405906155471,0.143224901757854,1,KALMAN_PRIOR_POSTERIOR,349.714183970287,307.960461325965,194.410291917435,307.960461325965,-75.5043783389229,6,286.470461325965,100,600,210.966082987042,0.569119068923738,0.330672843989814,0.100208087086448,0.545448435041648,0.349076130003552,0.1054754349548,1,0,0.0254914518730199,0,0.5,0.5,0,0,0,NONE,PLAN_SOLVED,0,,0,0,NaN,1,0,1,0,0,0,NaN,NaN,0,1,MAIN_CONCLUSION_ELIGIBLE,232.456082987042,232.456082987042,0,0,0,0.89375,60,4227.58499207328,0,120.750486476984,30.2155965100584,0,0,0,176.89,52.2046676557883,3.36141533125378
4,NORMAL,189.034659350842,189.034659350842,77.813024617459,60,29.731634733383,71.5879826480623,1056.89624801832,0,0,0,1056.89624801832,27.8252517116369,0,0,36493.7416913534,7479.83005508096,-58987.489230072,1,1,PASS_STRICT,1,0,model_online_prior_posterior_event_aware,0.464431542723883,0.358113473938663,0.177454983337454,1,KALMAN_PRIOR_POSTERIOR,329.070951330979,259.877141933162,194.218862769757,259.877141933162,-70.8424825823204,6,238.387141933162,60,360,167.544659350842,0.588183409357249,0.303029348143791,0.108787242498961,0.623588613019483,0.25169142728689,0.124719959693627,1,0,0.0552869916920471,0,0.5,0.5,0,0,0,NONE,PLAN_SOLVED,0,,0,0,NaN,1,0,1,0,0,0,NaN,NaN,0,1,MAIN_CONCLUSION_ELIGIBLE,189.034659350842,189.034659350842,0,0,0,0.89375,60,5284.4812400916,0,77.813024617459,29.731634733383,0,0,0,123.088,61.1244315922755,4.82222775856656
5,NORMAL,158.383746939714,158.383746939714,57.8909484999684,48.4411286452713,30.5616697944741,53.2596726199709,853.287451916,0,0,0,853.287451916,28.6020192320982,0,0,32483.3310448421,6154.18102050027,-50528.3821606796,1,1,PASS_STRICT,1,0,model_online_prior_posterior_event_aware,0.422889648315805,0.353859323220981,0.223251028463214,1,KALMAN_PRIOR_POSTERIOR,306.927462623264,220.302459145014,193.39453614497,220.302459145014,-61.9187122053003,6,198.812459145014,60,360,136.893746939714,0.572889648315805,0.302596259269369,0.124514092414826,0.544486949238839,0.301791951359728,0.153721099401433,1,0,0.0314536998317307,0,0.5,0.5,0,0,0,NONE,PLAN_SOLVED,0,,0,0,NaN,1,0,1,0,0,0,NaN,NaN,0,1,MAIN_CONCLUSION_ELIGIBLE,158.383746939714,158.383746939714,0,0,0,0.89375,48.4411286452713,6137.7686920076,0,57.8909484999684,30.5616697944741,0,0,0,94.864,57.0362761655473,6.48347077416645
6,NORMAL,149.704634262795,149.704634262795,49.8238627419496,48.5036132759124,29.8871582449326,45.8379537225936,854.388114777389,0,0,0,854.388114777389,27.9707132236934,0,0,30386.4655052691,5984.45108697675,-48632.4613533792,1,1,PASS_STRICT,1,0,model_online_prior_posterior_event_aware,0.388597315964949,0.378300133637609,0.233102550397441,1,KALMAN_PRIOR_POSTERIOR,290.366201421584,192.674796108768,192.554445657314,192.674796108768,-42.9701618459734,6,171.184796108768,60,360,128.214634262795,0.538597315964949,0.319362014371653,0.142040669663398,0.474911555884789,0.350498416704466,0.174590027410745,1,0,0.0685846647017117,0,0.5,0.5,0,0,0,NONE,PLAN_SOLVED,0,,0,0,NaN,1,0,1,0,0,0,NaN,NaN,0,1,MAIN_CONCLUSION_ELIGIBLE,149.704634262795,149.704634262795,0,0,0,0.89375,48.5036132759124,6992.15680678499,0,49.8238627419496,29.8871582449326,0,0,0,87.808,45.4923059270679,16.4043283357266
7,NORMAL,158.133331487122,158.133331487122,48.9524452480305,60,32.542989462239,45.0362496281881,1056.89624801832,0,0,0,1056.89624801832,30.4561964619595,0,0,36841.1480971275,7007.36659450099,-58035.0645507078,1,1,PASS_STRICT,1,0,model_online_prior_posterior_event_aware,0.345964838712055,0.424041949642106,0.229993211645839,1,KALMAN_PRIOR_POSTERIOR,269.33288290098,180.168738779468,191.256097321867,180.168738779468,-22.0354072923461,6,158.678738779468,60,360,126.942991023574,0.495964838712055,0.339928181244444,0.164106980043501,0.416790238099538,0.378122491151056,0.205087270749406,1,0,0.0852649545057881,0,0.5,0.5,0,0,0,NONE,PLAN_SOLVED,0,,0,0,NaN,1,0,1,0,0,0,NaN,NaN,0,1,MAIN_CONCLUSION_ELIGIBLE,158.133331487122,158.133331487122,0,0,4.85210322314792,0.861828268268764,60,8049.05305480331,0,48.9524452480305,32.542989462239,0,0,0,104.86,33.6866159852672,19.5867155018544
8,NORMAL,179.434951368027,179.434951368027,67.4136895428717,60,30.5312618251556,62.020594379442,1056.89624801832,0,0,0,1056.89624801832,28.5734233313494,0,0,42014.1256422738,7287.83589542466,-64699.8673406487,1,1,PASS_STRICT,1,0,model_online_prior_posterior_event_aware,0.42681762828741,0.379879188795304,0.193303182917286,1,KALMAN_PRIOR_POSTERIOR,248.176625127549,179.536703801811,190.145143792102,179.536703801811,-0.10175243378373,6,158.046703801811,60,360,126.437363041449,0.471892472742598,0.353825434055829,0.174282093201573,0.427186650227892,0.379634617848401,0.193178731923707,1,0,0.0481447319389146,0,0.5,0.5,0,0,0,NONE,PLAN_SOLVED,0,,0,0,NaN,1,0,1,0,0,0,NaN,NaN,0,1,MAIN_CONCLUSION_ELIGIBLE,179.434951368027,179.434951368027,0,0,0,0.861828268268764,60,9105.94930282163,0,67.4136895428717,30.5312618251556,0,0,0,138.376,18.3243180237534,22.7346333442739
9,NORMAL,204.820843804893,204.820843804893,100.897300001327,60,22.4335438035653,92.8255160012211,1056.89624801832,0,0,0,1056.89624801832,20.994943402635,0,0,49314.6574617571,7795.55374416197,-71492.6813113947,1,1,PASS_STRICT,1,0,model_online_prior_posterior_event_aware,0.550356382522877,0.327277171449962,0.122366446027161,1,KALMAN_PRIOR_POSTERIOR,230.313026113747,189.648521675639,189.78028457596,189.648521675639,15.1723221292541,6,168.158521675638,60,360,134.526817340511,0.485155452345486,0.35486869564928,0.159975852005234,0.50978670017942,0.35680618146569,0.13340711835489,1,0,0.0286124823926778,0,0.5,0.5,0,0,0,NONE,PLAN_SOLVED,0,,0,0,NaN,1,0,1,0,0,0,NaN,NaN,0,1,MAIN_CONCLUSION_ELIGIBLE,204.820843804893,204.820843804893,0,0,0,0.861828268268764,60,10162.8455508399,0,100.897300001327,22.4335438035653,0,0,0,174.6556,4.18158389889633,25.9836599059962
10,NORMAL,233.9947898688,233.9947898688,129.667251276183,60,22.8375385926174,119.293871174088,1056.89624801832,0,0,0,1056.89624801832,21.3729967964191,0,0,59032.2920208813,8379.03266544012,-80626.8369492408,1,1,PASS_STRICT,1,0,model_online_prior_posterior_event_aware,0.610185075622243,0.282346576926778,0.107468347450979,1,KALMAN_PRIOR_POSTERIOR,225.782290806818,208.372417741761,190.238216930621,208.372417741761,25.6223721270397,6,186.882417741761,60,360,149.505934193408,0.510209972661289,0.343034773737018,0.146755253601693,0.556739796104925,0.321057490185672,0.122202713709403,1,0,0.0501090406316073,0,0.5,0.5,0,0,0,NONE,PLAN_SOLVED,0,,0,0,NaN,1,0,1,0,0,0,NaN,NaN,0,1,MAIN_CONCLUSION_ELIGIBLE,233.9947898688,233.9947898688,0,0,0,0.861828268268764,60,11219.7417988583,0,129.667251276183,22.8375385926174,0,0,0,204.82,0,29.1747898688002
11,NORMAL,254.1043898688,254.1043898688,150.384239415467,60,22.2301504533327,138.35350026223,1056.89624801832,0,0,0,1056.89624801832,20.8045262461843,0,0,65609.5232174949,8781.22466544012,-86801.8761458544,1,1,PASS_STRICT,1,0,model_online_prior_posterior_event_aware,0.646495857372743,0.257937610969989,0.0955665316572678,1,KALMAN_PRIOR_POSTERIOR,222.610895288984,229.895859511696,191.215422696439,229.895859511696,24.2085303571043,6,208.405859511696,60,360,166.724687609357,0.543537905126006,0.323737524074772,0.132724570799223,0.605432636846192,0.287899774702029,0.106667588451778,1,0,0.0666558649294322,0,0.5,0.5,0,0,0,NONE,PLAN_SOLVED,0,,0,0,NaN,1,0,1,0,0,0,NaN,NaN,0,1,MAIN_CONCLUSION_ELIGIBLE,254.1043898688,254.1043898688,0,0,0,0.861828268268764,60,12276.6380468766,0,150.384239415467,22.2301504533327,0,0,0,224.9296,0,29.1747898688002
12,NORMAL,221.578,221.578,118.278421951775,60,22.1695780482251,108.816148195633,1056.89624801832,0,0,0,1056.89624801832,20.7478050269866,0,0,54947.7158639212,8130.69686806412,-76790.5965896566,1,1,PASS_STRICT,1,0,model_online_prior_posterior_event_aware,0.590070352170014,0.299329501915709,0.110600145914278,1,KALMAN_PRIOR_POSTERIOR,205.842616694567,236.288343770228,189.746567674011,236.288343770228,-14.710343770228,6,214.798343770228,60,360,171.838675016182,0.569409628697365,0.308195507609279,0.122394863693356,0.617457115329889,0.279331762744794,0.103211121925317,1,0,0.0517434471427186,0,0.5,0.5,0,0,0,NONE,PLAN_SOLVED,0,,0,0,NaN,1,0,1,0,0,0,NaN,NaN,0,1,MAIN_CONCLUSION_ELIGIBLE,221.578,221.578,0,0,0,0.861828268268764,60,13333.5342948949,0,118.278421951775,22.1695780482251,0,0,0,221.578,0,0
13,NORMAL,196.9996,196.9996,94.021046818763,60,21.8485531812369,86.499363073262,1056.89624801832,0,0,0,1056.89624801832,20.4473351823884,0,0,46763.4382975685,7639.12886806412,-69097.887023304,1,1,PASS_STRICT,1,0,model_online_prior_posterior_event_aware,0.534606588169661,0.341161860833254,0.124231550997085,1,KALMAN_PRIOR_POSTERIOR,207.473144917513,220.529231831671,189.910812476587,220.529231831671,-23.5296318316713,6,199.399231831671,60,337.750410280739,159.519385465337,0.576449739227494,0.30564343351016,0.117906827262345,0.589524230212021,0.300903867326083,0.109571902461896,1,0,0.0140802210602594,0,0.5,0.5,0,0,0,NONE,PLAN_SOLVED,0,,0,0,NaN,1,0,1,0,0,0,NaN,NaN,0,1,MAIN_CONCLUSION_ELIGIBLE,196.9996,196.9996,0,0,0,0.861828268268764,60,14390.4305429132,0,94.021046818763,21.8485531812369,0,0,0,196.9996,0,0
14,NORMAL,159.0148,159.0148,57.7405875790455,58.4277609133569,21.7164515075976,53.1213405727219,1029.20135482397,0,0,0,1029.20135482397,20.3236729604568,0,0,34685.5190864083,6782.5007418839,-57091.1687673322,1,1,PASS_STRICT,1,0,model_online_prior_posterior_event_aware,0.418759628175444,0.4237433053778,0.157497066446755,1,KALMAN_PRIOR_POSTERIOR,218.557445621304,204.547317866527,192.154084905601,204.547317866527,-45.5325178665273,6,183.417317866527,60,228.737966145587,137.8848,0.568759628175444,0.313161237372721,0.118079134451834,0.554477993364495,0.327122873117477,0.118399133518028,1,0,0.0153802221041001,0,0.5,0.5,0,0,0,NONE,PLAN_SOLVED,0,,0,0,NaN,1,0,1,0,0,0,NaN,NaN,0,1,MAIN_CONCLUSION_ELIGIBLE,159.0148,159.0148,0,0,0,0.861828268268764,58.4277609133569,15419.6318977372,0,57.7405875790455,21.7164515075976,0,0,0,159.0148,0,0
15,NORMAL,135.436,135.436,50.2275667035978,60,23.0033494462178,46.20936136731,1056.89624801832,0,0,0,1056.89624801832,21.5280014710202,0,0,32799.3708277417,6975.60435255858,-48884.7694332079,1,1,PASS_STRICT,1,0,model_online_prior_posterior_event_aware,0.376996332045918,0.450345923708362,0.17265774424572,1,KALMAN_PRIOR_POSTERIOR,227.429826132867,177.266853795136,194.331678327649,177.266853795136,-41.8308537951362,6,150.760562135138,60,120,114.306,0.526996332045919,0.342848527415801,0.130155140538281,0.449435924948228,0.397982066067234,0.152582008984538,1,0,0.0835265922590517,0,0.5,0.5,0,0,0,NONE,PLAN_SOLVED,0,,0,0,NaN,1,0,1,0,0,0,NaN,NaN,0,1,MAIN_CONCLUSION_ELIGIBLE,135.436,135.436,0,0,18.9249161498156,0.737322240967345,60,16476.5281457555,0,50.2275667035978,23.0033494462178,0,0,0,135.436,0,0
16,NORMAL,124.074470669534,124.074470669534,32.3829002928937,60,22.1909395253928,29.7922682694622,1056.89624801832,0,0,0,1056.89624801832,20.7676630881262,0,0,26509.0481210695,6540.30735591738,-45563.0435225124,1,1,PASS_STRICT,1,0,model_online_prior_posterior_event_aware,0.282637819804702,0.523679751810358,0.193682428384939,1,KALMAN_PRIOR_POSTERIOR,231.466714202386,158.155776353236,194.212998713261,158.155776353236,-34.0813056837021,6,110.680048516157,60,60.0000000000002,88.5440388129256,0.432637819804702,0.412587636014469,0.154774544180828,0.257400582785301,0.542103123411996,0.200496293802703,1,0,0.188717024482432,0,0.5,0.5,0,0,0,NONE,PLAN_SOLVED,0,,0,0,NaN,1,0,1,0,0,0,NaN,NaN,0,1,MAIN_CONCLUSION_ELIGIBLE,124.074470669534,124.074470669534,0,0,11.9893691487529,0.658444812357129,60,17533.4243937738,0,32.3829002928937,22.1909395253928,0,0,0,121.912,0,2.16247066953362
17,NORMAL,115.865415331254,115.865415331254,80.8646117974494,19.8383740814743,17.7560409306137,74.3954428536535,349.451718891567,0,0,0,349.451718891567,16.6171821136005,0,0,59833.7656260654,4262.89766709407,-56684.4627246684,1,1,PASS_STRICT,1,0,model_online_prior_posterior_event_aware,0.682637819804703,0.167470344943582,0.149891835251715,1,KALMAN_PRIOR_POSTERIOR,242.338250113863,149.685152478177,193.681860538705,149.685152478177,-33.8197371469228,6,128.195152478177,0,0,94.3754153312538,0.532637819804702,0.317470344943582,0.149891835251716,1,0,0,1,0,0.2,0,0.5,0.5,0,0,0,NONE,PLAN_SOLVED,0,,0,0,NaN,1,0,1,0,0,0,NaN,NaN,0,1,MAIN_CONCLUSION_ELIGIBLE,115.865415331254,115.865415331254,0,0,24.0836114782836,0.5,19.8383740814743,17882.8761126654,0,80.8646117974494,17.7560409306137,0,0,0,112.504,0,3.36141533125378
18,NORMAL,111.446227758567,111.446227758567,70.4031459708198,9.43820406588004,10.1148777218667,64.7708942931542,166.253374420998,0,0,0,166.253374420998,9.46610203077299,0,0,50291.0054771421,2810.81136564482,-52195.1398100768,1,1,PASS_STRICT,1,0,model_online_prior_posterior_event_aware,0.782637819804703,0.104919962753565,0.112442217441732,1,KALMAN_PRIOR_POSTERIOR,263.872543710619,146.66989389403,193.625469067365,146.66989389403,-35.2236661354635,6,125.17989389403,12,168,89.9562277585666,0.632637819804702,0.254919962753565,0.112442217441732,0.904137959965372,0.095862040034628,0,1,0,0.2,0,0.5,0.5,0,0,0,NONE,PLAN_SOLVED,0,,0,0,NaN,1,0,1,0,0,0,NaN,NaN,0,1,MAIN_CONCLUSION_ELIGIBLE,111.446227758567,111.446227758567,0,0,0,0.5,9.43820406588004,18049.1294870864,0,70.4031459708198,10.1148777218667,0,0,0,106.624,0,4.82222775856656
19,NORMAL,110.167470774166,110.167470774166,78.2700894699055,4,6.40738130426096,72.0084823123131,70.459749867888,0,0,0,70.4597498678886,5.99639752405254,0,0,53043.4577956604,2449.95854002094,-52591.7377618928,1,1,PASS_STRICT,1,0,model_online_prior_posterior_event_aware,0.882637819804702,0.0451072855944069,0.0722548946008906,1,KALMAN_PRIOR_POSTERIOR,293.987799065906,149.41804709601,193.289303669537,149.41804709601,-39.250576321844,6,187.77804709601,4,72,88.6774707741665,0.732637819804702,0.183714162628318,0.0836480175669797,0.978698255403866,0.0213017445961338,0,1,0,0.2,0,0.5,0.5,0,0,0,NONE,PLAN_SOLVED,0,,0,0,NaN,1,0,1,0,0,0,NaN,NaN,0,1,MAIN_CONCLUSION_ELIGIBLE,110.167470774166,110.167470774166,0,0,0,0.5,4,18119.5892369543,0,78.2700894699055,6.40738130426096,0,0,0,103.684,0,6.48347077416645
20,NORMAL,109.854633421327,109.854633421327,85.3849821183002,0,2.97965130302729,78.5541835488362,0,0,0,0,0,2.78852531808605,0,0,55497.8564593215,2197.09266842655,-53300.7637908949,1,1,PASS_STRICT,1,0,model_online_prior_posterior_event_aware,0.966280046805376,0,0.0337199531946242,1,KALMAN_PRIOR_POSTERIOR,323.327659462374,155.63269564538,192.777041688082,155.63269564538,-45.7780622240529,6,140.92253432493,4,87.9999999999999,88.3646334213275,0.816280046805376,0.129348741776087,0.0543712114185368,0.971615611235198,0.0283843887648023,0,1,0,0.167284454001347,0,0.5,0.5,0,0,0,NONE,PLAN_SOLVED,0,,0,0,NaN,1,0,1,0,0,0,NaN,NaN,0,1,MAIN_CONCLUSION_ELIGIBLE,109.854633421327,109.854633421327,0,0,0,0.5,0,18119.5892369543,0,85.3849821183002,2.97965130302729,0,0,0,101.332,0,8.52263342132742
21,NORMAL,120.438633421327,120.438633421327,98.9486334213274,0,0,91.0327427476213,0,0,0,0,0,0,0,0,61840.3005035252,2408.77266842655,-59431.5278350986,1,1,PASS_STRICT,1,0,model_online_prior_posterior_event_aware,1,0,0,1,KALMAN_PRIOR_POSTERIOR,346.909868158026,161.420894939539,192.338105500802,161.420894939539,-40.9822615182119,6,199.780894939539,0,0,98.9486334213274,0.880582030423494,0.0840766821544569,0.035341287422049,1,0,0,1,0,0.128603967236237,0,0.5,0.5,0,0,0,NONE,PLAN_SOLVED,0,,0,0,NaN,1,0,1,0,0,0,NaN,NaN,0,1,MAIN_CONCLUSION_ELIGIBLE,120.438633421327,120.438633421327,0,0,0,0.5,0,18119.5892369543,0,98.9486334213274,0,0,0,0,111.916,0,8.52263342132742
22,NORMAL,135.451470774166,135.451470774166,72.7537174703113,20,21.2077533038551,66.9334200726864,352.29874933944,0,0,0,352.298749339439,19.8473448680858,0,0,39419.70366021,23942.0750381714,-25468.8211533051,1,1,PASS_STRICT,1,0,model_online_prior_posterior_event_aware,0.638406269909283,0.175497910514276,0.186095819576441,1,KALMAN_PRIOR_POSTERIOR,365.514164283297,173.381303537352,191.932283840064,173.381303537352,-37.9298327631852,6,211.741303537352,100,600,113.961470774166,0.780582030423494,0.183322150000065,0.036095819576441,0.385589240586421,0.47227441377473,0.142136345638849,1,0,0.2,0,0.5,0.5,0,0,0,NONE,PLAN_SOLVED,0,,0,0,NaN,1,0,1,0,0,0,NaN,NaN,0,1,MAIN_CONCLUSION_ELIGIBLE,135.451470774166,135.451470774166,0,0,0,0.5,20,18471.8879862937,0,72.7537174703113,21.2077533038551,0,0,0,128.968,0,6.48347077416645
23,NORMAL,149.660359508325,149.660359508325,81.5269203174941,20,26.6434391908312,75.0047666920946,352.29874933944,0,0,0,352.298749339439,24.9343091140495,0,0,44868.8705661788,4226.25281285454,-50633.8102845908,1,1,PASS_STRICT,1,0,model_online_prior_posterior_event_aware,0.636082481396165,0.156042318026742,0.207875200577092,1,KALMAN_PRIOR_POSTERIOR,377.201820649596,187.594038078877,191.902660837217,187.594038078877,-37.9336785705522,6,225.954038078877,100,600,128.170359508325,0.680582030423494,0.261542768999413,0.0578752005770925,0.423351246967943,0.442567881725979,0.134080871306078,1,0,0.2,0,0.5,0.5,0,0,0,NONE,PLAN_SOLVED,0,,0,0,NaN,1,0,1,0,0,0,NaN,NaN,0,1,MAIN_CONCLUSION_ELIGIBLE,149.660359508325,149.660359508325,0,0,0,0.5,20,18824.1867356332,0,81.5269203174941,26.6434391908312,0,0,0,143.668,1.1701317497587,4.82222775856656
24,NORMAL,176.716251931771,176.716251931771,72.0499923499193,40,29.8764054445578,66.2859929619258,704.59749867888,0,0,0,704.597498678879,27.9598413090345,0,0,35288.5589653794,26000.4162840115,-33773.4986602597,1,1,PASS_STRICT,1,0,model_online_prior_posterior_event_aware,0.507657444066568,0.281836223715928,0.210506332217504,1,KALMAN_PRIOR_POSTERIOR,374.288117306417,198.897997243096,192.63005593897,198.897997243096,-22.1817453113258,6,177.407997243096,100,600,141.926397794477,0.580582030423494,0.345072736315631,0.0743452332608745,0.267922486794142,0.563672447431855,0.168405065774003,1,0,0.2,0,0.5,0.5,0,0,0,NONE,PLAN_SOLVED,0,,0,0,NaN,1,0,1,0,0,0,NaN,NaN,0,1,MAIN_CONCLUSION_ELIGIBLE,176.716251931771,176.716251931771,0,13.6598541372935,0,0.58110538394018,40,19528.784234312,0,72.0499923499193,29.8764054445578,0,0,0,161.2492,15.4670519317706,0
25,NORMAL,211.253226442193,211.253226442193,86.886019865006,40,31.4114699508575,79.9351382758056,704.59749867888,0,0,0,704.597498678879,29.3969618001567,0,0,39282.9140862717,6691.15577421993,-63065.4974534542,1,1,PASS_STRICT,1,0,model_online_prior_posterior_event_aware,0.548878064750581,0.252688782661868,0.198433152587551,1,KALMAN_PRIOR_POSTERIOR,372.575536970451,219.001862269829,193.25837838892,219.001862269829,-7.74863582763669,6,197.871862269829,100,600,158.297489815864,0.494934889187449,0.401179426468468,0.103885684344083,0.335875912606223,0.505377565323736,0.15874652207004,1,0,0.17129428247209,0,0.5,0.5,0,0,0,NONE,PLAN_SOLVED,0,,0,0,NaN,1,0,1,0,0,0,NaN,NaN,0,1,MAIN_CONCLUSION_ELIGIBLE,211.253226442193,211.253226442193,0,31.8257366263292,0,0.770070695159009,40,20233.3817329909,0,86.886019865006,31.4114699508575,0,0,0,175.7728,35.4804264421927,0
26,NORMAL,234.917611746144,234.917611746144,101.500917155809,60,31.456495880273,93.3808437833446,1056.89624801832,0,0,0,1056.89624801832,29.4396308649004,0,0,42531.2179404529,28397.489102987,-50973.9814360372,1,1,PASS_STRICT,1,0,model_online_prior_posterior_event_aware,0.52602755996127,0.310949442449149,0.163022997589581,1,KALMAN_PRIOR_POSTERIOR,363.290903539121,242.385115499537,193.706456856906,242.385115499537,-7.46750375339266,6,221.255115499537,100,600,177.004092399629,0.463758707145936,0.418955060140751,0.117286232713313,0.405860083354555,0.45196695124642,0.142172965399025,1,0,0.0623523640830262,0,0.5,0.5,0,0,0,NONE,PLAN_SOLVED,0,,0,0,NaN,1,0,1,0,0,0,NaN,NaN,0,1,MAIN_CONCLUSION_ELIGIBLE,234.917611746144,234.917611746144,0,20.8301987100616,0,0.89375,60,21290.2779810092,0,101.500917155809,31.456495880273,0,0,0,182.476,52.4416117461439,0
27,NORMAL,235.344559933185,235.344559933185,123.649331944674,60,30.5652279885109,113.7573853891,1056.89624801832,0,0,0,1056.89624801832,28.6060232724128,0,0,47004.7841295903,8406.02806672781,-68572.333656662,1,1,PASS_STRICT,1,0,model_online_prior_posterior_event_aware,0.57722188437257,0.280093005903588,0.142685109723842,1,KALMAN_PRIOR_POSTERIOR,344.828429762652,257.052833140486,194.094917099097,257.052833140486,-21.7082732073012,6,235.922833140486,100,600,188.738266512389,0.463758707145936,0.418955060140751,0.117286232713313,0.446576551109986,0.423867408969494,0.12955603992052,1,1,0,0,0.5,0.5,0,0,0,NONE,PLAN_SOLVED,0,,0,0,NaN,1,0,1,0,0,0,NaN,NaN,0,1,MAIN_CONCLUSION_ELIGIBLE,235.344559933185,235.344559933185,0,0,0,0.89375,60,22347.1742290276,0,123.649331944674,30.5652279885109,0,0,0,176.89,58.4545599331846,0
28,NORMAL,209.956409748643,209.956409748643,98.0037861466356,60,30.8226236020074,90.1634832549048,1056.89624801832,0,0,0,1056.89624801832,28.8474401693405,0,0,41462.9560658474,7898.26506303698,-63538.2685966099,1,1,PASS_STRICT,1,0,model_online_prior_posterior_event_aware,0.519015249387486,0.317752162316009,0.163232588296505,1,KALMAN_PRIOR_POSTERIOR,323.236105831807,255.272248764537,194.024573035923,255.272248764537,-45.3158390158938,6,234.142248764537,60,360,187.313799011629,0.515679885701633,0.362009856787761,0.122310257510606,0.612104931590785,0.256254479132207,0.131640589277008,1,0,0.113890406705981,0,0.5,0.5,0,0,0,NONE,PLAN_SOLVED,0,,0,0,NaN,1,0,1,0,0,0,NaN,NaN,0,1,MAIN_CONCLUSION_ELIGIBLE,209.956409748643,209.956409748643,0,0,0,0.89375,60,23404.0704770459,0,98.0037861466356,30.8226236020074,0,0,0,148.96,60.996409748643,0
29,NORMAL,173.53876448071,173.53876448071,61.2125590244271,60,31.1962054562824,56.315554302473,1056.89624801832,0,0,0,1056.89624801832,29.197608496443,0,0,33514.537280815,7169.91215767831,-56318.2027169362,1,1,PASS_STRICT,1,0,model_online_prior_posterior_event_aware,0.401634113582588,0.393678147083164,0.204687739334249,1,KALMAN_PRIOR_POSTERIOR,300.73814113645,233.626740926008,193.268622612601,233.626740926008,-60.0879764452982,6,212.496740926008,60,360,152.40876448071,0.534984107126797,0.334131451985617,0.130884440887586,0.570834804059243,0.282357271638779,0.146807924301978,1,0,0.0557568096042872,0,0.5,0.5,0,0,0,NONE,PLAN_SOLVED,0,,0,0,NaN,1,0,1,0,0,0,NaN,NaN,0,1,MAIN_CONCLUSION_ELIGIBLE,173.53876448071,173.53876448071,0,0,0,0.89375,60,24460.9667250642,0,61.2125590244271,31.1962054562824,0,0,0,124.852,48.6867644807095,0
30,NORMAL,149.387038948077,149.387038948077,47.8037978303588,48.9951919015687,31.4580492161495,43.9794940039301,863.047241528426,0,0,0,863.047241528428,29.4432080154366,0,0,30676.6825686615,6008.40612431103,-49144.2962140967,1,1,PASS_STRICT,1,0,model_online_prior_posterior_event_aware,0.372718707857519,0.38200782041603,0.245273471726451,1,KALMAN_PRIOR_POSTERIOR,284.505302789968,204.024191078792,192.439713345324,204.024191078792,-54.6371521307154,6,182.894191078792,60,360,128.257038948077,0.522718707857519,0.332005930303276,0.145275361839204,0.499940109214576,0.328058532893215,0.172001357892209,1,0,0.028781841903236,0,0.5,0.5,0,0,0,NONE,PLAN_SOLVED,0,,0,0,NaN,1,0,1,0,0,0,NaN,NaN,0,1,MAIN_CONCLUSION_ELIGIBLE,149.387038948077,149.387038948077,0,0,0,0.89375,48.9951919015687,25324.0139665926,0,47.8037978303588,31.4580492161495,0,0,0,103.684,45.703038948077,0
31,NORMAL,119.828151936921,119.828151936921,46.7013183276816,60,30.2364109350767,42.9652128614671,1056.89624801832,0,0,0,1056.89624801832,28.3003241298793,0,0,35017.6386950678,7242.88722657766,-43780.8202916942,1,1,PASS_STRICT,1,0,model_online_prior_posterior_event_aware,0.341040548715909,0.438155359542081,0.220804091742011,1,KALMAN_PRIOR_POSTERIOR,264.699568258736,180.055589311543,191.059238157113,180.055589311543,-60.2274373746228,6,158.925589311543,60,360,98.6981519369206,0.491040548715909,0.347941165566769,0.161018285717322,0.432209681738632,0.377535173913254,0.190255144348113,1,0,0.0633563182832211,0,0.5,0.5,0,0,0,NONE,PLAN_SOLVED,0,,0,0,NaN,1,0,1,0,0,0,NaN,NaN,0,1,MAIN_CONCLUSION_ELIGIBLE,119.828151936921,119.828151936921,0,0,38.2395773258377,0.642173833382647,60,26380.9102146109,0,46.7013183276816,30.2364109350767,0,0,0,90.748,29.0801519369206,0
32,NORMAL,103.495924044676,103.495924044676,31.5312603541432,50.7141496083572,21.7309367563383,29.0087595258117,893.326574041873,0,0,0,893.326574041872,20.3398361167673,0,0,26013.0714876759,5844.87417026495,-37609.4477278339,1,1,PASS_STRICT,1,0,model_online_prior_posterior_event_aware,0.303254166444283,0.487746984855053,0.208998848700664,1,KALMAN_PRIOR_POSTERIOR,245.312388720902,153.612112354604,189.813784544775,153.612112354604,-50.1161883099279,6,132.482112354604,60,360,82.3659240446763,0.453254166444283,0.384673722945394,0.162072110610323,0.383079456511264,0.452891329505698,0.164029213983038,1,0,0.0755727645432517,0,0.5,0.5,0,0,0,NONE,PLAN_SOLVED,0,,0,0,NaN,1,0,1,0,0,0,NaN,NaN,0,1,MAIN_CONCLUSION_ELIGIBLE,103.495924044676,103.495924044676,0,0,21.6104226741623,0.5,50.7141496083572,27274.2367886528,0,31.5312603541432,21.7309367563383,0,0,0,86.044,17.4519240446763,0
33,NORMAL,99.4747257814166,99.4747257814166,19.0699276302471,37.1383431408243,22.1364550103451,17.5443334198273,654.189592052569,0,0,0,654.189592052568,20.719768829765,0,0,22075.8444460203,4279.15808781232,-36349.5031888188,1,1,PASS_STRICT,1,0,model_online_prior_posterior_event_aware,0.243410484114178,0.474037566286735,0.282551949599088,1,KALMAN_PRIOR_POSTERIOR,229.250851850878,135.569564620142,189.357469078469,135.569564620142,-36.0948388387253,6,114.439564620142,60,360,78.3447257814166,0.393410484114178,0.433540889973026,0.173048625912796,0.282272216929697,0.524294200167201,0.193433582903102,1,0,0.11968736466021,0,0.5,0.5,0,0,0,NONE,PLAN_SOLVED,0,,0,0,NaN,1,0,1,0,0,0,NaN,NaN,0,1,MAIN_CONCLUSION_ELIGIBLE,99.4747257814166,99.4747257814166,0,0,0,0.5,37.1383431408243,27928.4263807054,0,19.0699276302471,22.1364550103451,0,0,0,94.276,5.19872578141655,0
34,NORMAL,111.328,111.328,27.5832069496769,40,22.6147930503232,25.3765503937027,704.59749867888,0,0,0,704.597498678879,21.167875948036,0,0,25119.496115751,4692.65124537608,-40409.2299329079,1,1,PASS_STRICT,1,0,model_online_prior_posterior_event_aware,0.305807301156089,0.443468813055722,0.25072388578819,1,KALMAN_PRIOR_POSTERIOR,226.124478267733,130.820065065391,189.779451635092,130.820065065391,-19.4920650653913,6,109.690065065391,40,240,87.7520520523131,0.40592499620325,0.409433921408456,0.184641082388295,0.429166232940098,0.364663836931395,0.206169930128507,1,0,0.0482139371291419,0,0.5,0.5,0,0,0,NONE,PLAN_SOLVED,0,,0,0,NaN,1,0,1,0,0,0,NaN,NaN,0,1,MAIN_CONCLUSION_ELIGIBLE,111.328,111.328,0,0,0,0.5,40,28633.0238793843,0,27.5832069496769,22.6147930503232,0,0,0,111.328,0,0
35,NORMAL,129.11085859082,129.11085859082,45.1420776750949,40,22.4787809157252,41.5307114610873,704.59749867888,0,0,0,704.597498678879,21.0409454225665,0,0,30871.5288372747,5048.30841719248,-45805.6054826152,1,1,PASS_STRICT,1,0,model_online_prior_posterior_event_aware,0.419454725284504,0.371675161523121,0.208870113192375,1,KALMAN_PRIOR_POSTERIOR,223.92312422981,137.44799670682,190.755904057004,137.44799670682,-8.33713811599986,6,116.31799670682,40,240,93.0543973654559,0.425853053446797,0.386491755894349,0.187655190658854,0.462862302613385,0.343884877082436,0.193252820304179,1,0,0.0458843310282133,0,0.5,0.5,0,0,0,NONE,PLAN_SOLVED,0,,0,0,NaN,1,0,1,0,0,0,NaN,NaN,0,1,MAIN_CONCLUSION_ELIGIBLE,129.11085859082,129.11085859082,0,0,0,0.5,40,29337.6213780631,0,45.1420776750949,22.4787809157252,0,0,0,128.968,0,0.142858590820011
36,NORMAL,139.385415331254,139.385415331254,55.0845760369812,40,22.8108392942727,50.6778099540227,704.59749867888,0,0,0,704.597498678879,21.3521490135898,0,0,34320.086090243,5253.79955200116,-49048.6716007749,1,1,PASS_STRICT,1,0,model_online_prior_posterior_event_aware,0.467232554227903,0.339283761693455,0.193483684078643,1,KALMAN_PRIOR_POSTERIOR,206.498257665627,147.530555803824,189.287226950895,147.530555803824,-8.14514047256969,6,126.040555803824,40,200,100.832444643059,0.452386071454362,0.362295000454547,0.18531892809109,0.501661676325556,0.317358168923487,0.180980154750957,1,0,0.0530660360151311,0,0.5,0.5,0,0,0,NONE,PLAN_SOLVED,0,,0,0,NaN,1,0,1,0,0,0,NaN,NaN,0,1,MAIN_CONCLUSION_ELIGIBLE,139.385415331254,139.385415331254,0,0,0,0.5,40,30042.218876742,0,55.0845760369812,22.8108392942727,0,0,0,136.024,0,3.36141533125378
37,NORMAL,139.082227758567,139.082227758567,55.2338198094969,40,22.3584079490697,50.8151142247371,704.59749867888,0,0,0,704.597498678879,20.929026817543,0,0,34157.9545296769,5247.73580054741,-48892.6037916625,1,1,PASS_STRICT,1,0,model_online_prior_posterior_event_aware,0.469706381640287,0.340158535665517,0.190135082694195,1,KALMAN_PRIOR_POSTERIOR,207.036747212617,155.221428691786,189.446769883052,155.221428691786,-16.1392009332194,6,133.731428691786,40,160,106.985142953429,0.480847404871903,0.340179183436293,0.178973411691804,0.533704166933051,0.299106951830964,0.167188881235986,1,0,0.0569226668350816,0,0.5,0.5,0,0,0,NONE,PLAN_SOLVED,0,,0,0,NaN,1,0,1,0,0,0,NaN,NaN,0,1,MAIN_CONCLUSION_ELIGIBLE,139.082227758567,139.082227758567,0,0,0,0.5,40,30746.8163754209,0,55.2338198094969,22.3584079490697,0,0,0,134.26,0,4.82222775856656
38,NORMAL,137.803470774166,137.803470774166,53.8582148820459,40,22.4552558921206,49.5495576914822,704.59749867888,0,0,0,704.597498678879,21.0200622969703,0,0,33747.8719174188,5222.16066085941,-48508.0963190924,1,1,PASS_STRICT,1,0,model_online_prior_posterior_event_aware,0.463043657141112,0.343898258161892,0.193058084696996,1,KALMAN_PRIOR_POSTERIOR,216.07650205375,156.254732282379,191.734403905074,156.254732282379,-18.4512615082125,6,134.764732282379,40,120,107.811785825903,0.500347103100818,0.325001215360382,0.1746516815388,0.536560828383088,0.296813560362262,0.166625611254649,1,0,0.0389993964578296,0,0.5,0.5,0,0,0,NONE,PLAN_SOLVED,0,,0,0,NaN,1,0,1,0,0,0,NaN,NaN,0,1,MAIN_CONCLUSION_ELIGIBLE,137.803470774166,137.803470774166,0,0,0,0.5,40,31451.4138740998,0,53.8582148820459,22.4552558921206,0,0,0,131.32,0,6.48347077416645
39,NORMAL,123.966633421327,123.966633421327,40.4441297138912,40,22.0325037074362,37.2085993367799,704.59749867888,0,0,0,704.597498678879,20.6247016140389,0,0,29107.4465682602,4945.42391380263,-44144.4077169906,1,1,PASS_STRICT,1,0,model_online_prior_posterior_event_aware,0.394666846124885,0.39033288530803,0.215000268567086,1,KALMAN_PRIOR_POSTERIOR,223.596750043997,155.253812220984,193.965489591747,155.253812220984,-31.2871787996568,6,67.4480227473,40,80,53.95841819784,0.400347103100818,0.395308342380437,0.204344554518745,0.0802917390203355,0.593049260315066,0.326659000664599,1,0,0.2,0,0.5,0.5,0,0,0,NONE,PLAN_SOLVED,0,,0,0,NaN,1,0,1,0,0,0,NaN,NaN,0,1,MAIN_CONCLUSION_ELIGIBLE,123.966633421327,123.966633421327,0,0,0,0.5,40,32156.0113727787,0,40.4441297138912,22.0325037074362,0,0,0,115.444,0,8.52263342132742
40,NORMAL,100.171470774166,100.171470774166,16.305068880918,40,22.3764018932484,15.0006633704446,704.59749867888,0,0,0,704.597498678882,20.9470036314146,0,0,21273.7406290673,4469.52066085941,-36786.605030741,1,1,PASS_STRICT,1,0,model_online_prior_posterior_event_aware,0.207228826818925,0.508378905559722,0.284392267621353,1,KALMAN_PRIOR_POSTERIOR,226.992037388517,145.375553134624,193.886570103219,145.375553134624,-45.2040823604575,6,57.5697636609397,35.1933617676913,35.1933617676913,46.0558109287518,0.300347103100818,0.450850547769405,0.248802349129777,0,0.611316766470756,0.388683233529244,1,0,0.2,0,0.5,0.5,0,0,0,NONE,PLAN_SOLVED,0,,0,0,NaN,1,0,1,0,0,0,NaN,NaN,0,1,MAIN_CONCLUSION_ELIGIBLE,100.171470774166,100.171470774166,0,0,0,0.5,40,32860.6088714575,0,16.305068880918,22.3764018932484,0,0,0,93.688,0,6.48347077416645
41,NORMAL,79.9974153312537,79.9974153312537,32.1993865374719,12.6078865563375,13.7001422374443,29.6234356144741,222.087133280563,0,0,0,222.087133280562,12.8252122961608,0,0,30179.1362290544,2377.25327310704,-34100.2740557841,1,1,PASS_STRICT,1,0,model_online_prior_posterior_event_aware,0.550347103100818,0.215492113007471,0.234160783891712,1,KALMAN_PRIOR_POSTERIOR,237.068548664587,129.86356228706,193.41911211591,129.86356228706,-49.8661469558063,6,108.37356228706,0,0,58.5074153312537,0.400347103100818,0.36549211300747,0.234160783891712,1,0,0,1,0,0.2,0,0.5,0.5,0,0,0,NONE,PLAN_SOLVED,0,,0,0,NaN,1,0,1,0,0,0,NaN,NaN,0,1,MAIN_CONCLUSION_ELIGIBLE,79.9974153312537,79.9974153312537,0,0,0,0.5,12.6078865563375,33082.6960047381,0,32.1993865374719,13.7001422374443,0,0,0,76.636,0,3.36141533125378
42,NORMAL,70.756,70.756,32.2741253384812,7.789500381075,9.56237428044382,29.6921953114027,137.211562111591,0,0,0,137.211562111588,8.95185537982488,0,0,28285.0887829821,1895.36046739057,-30281.0482170762,1,1,PASS_STRICT,1,0,model_online_prior_posterior_event_aware,0.650347103100818,0.156964099082638,0.192688797816544,1,KALMAN_PRIOR_POSTERIOR,257.521447212617,118.342510158972,193.464609853453,118.342510158972,-47.5865101589724,6,96.8525101589724,8,112,49.626,0.500347103100818,0.306964099082638,0.192688797816544,0.917400179026141,0.0825998209738592,0,1,0,0.2,0,0.5,0.5,0,0,0,NONE,PLAN_SOLVED,0,,0,0,NaN,1,0,1,0,0,0,NaN,NaN,0,1,MAIN_CONCLUSION_ELIGIBLE,70.756,70.756,0,0,0,0.5,7.789500381075,33219.9075668497,0,32.2741253384812,9.56237428044382,0,0,0,70.756,0,0
43,NORMAL,81.34,81.34,45.1783990777002,5.50655085100676,9.52505007129301,41.5641271514842,96.9975488991855,0,0,0,96.997548899184,8.91707498892746,0,0,35628.2963283839,1966.29142114715,-36412.8553940176,1,1,PASS_STRICT,1,0,model_online_prior_posterior_event_aware,0.750347103100818,0.0914557523834374,0.158197144515745,1,KALMAN_PRIOR_POSTERIOR,286.328618720417,117.187871925031,193.281722664602,117.187871925031,-35.8478719250311,5,155.907871925031,4,51.9999999999998,60.21,0.600347103100818,0.241455752383437,0.158197144515745,0.97434382272934,0.0256561772706603,0,1,0,0.2,0,0.5,0.5,0,0,0,NONE,PLAN_SOLVED,0,,0,0,NaN,1,0,1,0,0,0,NaN,NaN,0,1,MAIN_CONCLUSION_ELIGIBLE,81.34,81.34,0,0,0,0.5,5.50655085100676,33316.9051157489,0,45.1783990777002,9.52505007129301,0,0,0,81.34,0,0
44,NORMAL,111.328,111.328,76.6996080054876,4,9.49839199451246,70.5636393650486,70.459749867888,0,0,0,70.459749867885,8.89227884662053,0,0,53595.5958296404,2473.16912453761,-53120.665211356,1,1,PASS_STRICT,1,0,model_online_prior_posterior_event_aware,0.850347103100818,0.0443468813055722,0.10530601559361,1,KALMAN_PRIOR_POSTERIOR,314.432950043997,130.810938375151,192.966870148719,130.810938375151,-19.4829383751508,4,169.530938375151,4,48,90.198,0.700347103100818,0.181014535854474,0.118638361044708,0.976405486583526,0.0235945134164745,0,1,0,0.2,0,0.5,0.5,0,0,0,NONE,PLAN_SOLVED,0,,0,0,NaN,1,0,1,0,0,0,NaN,NaN,0,1,MAIN_CONCLUSION_ELIGIBLE,111.328,111.328,0,0,0,0.5,4,33387.3648656168,0,76.6996080054876,9.49839199451246,0,0,0,111.328,0,0
45,NORMAL,186.9448,186.9448,157.212151176536,0,8.6026488234639,144.635179082413,0,0,0,0,0,8.05384026001669,0,0,99100.7311611045,3738.896,-95361.8351611045,1,1,PASS_STRICT,1,0,model_online_prior_posterior_event_aware,0.948118932547252,0,0.0518810674527479,1,KALMAN_PRIOR_POSTERIOR,337.473566710664,158.277630364615,192.638798028017,158.277630364615,28.667169635385,3,196.997630364615,4,44.0000000000004,157.598104291692,0.798118932547252,0.124766132773687,0.0771149346790604,0.979695187233488,0.0203048127665118,0,1,0,0.195543658892869,0,0.5,0.5,0,0,0,NONE,PLAN_SOLVED,0,,0,0,NaN,1,0,1,0,0,0,NaN,NaN,0,1,MAIN_CONCLUSION_ELIGIBLE,186.9448,186.9448,0,0,0,0.5,0,33387.3648656168,0,157.212151176536,8.6026488234639,0,0,0,186.9448,0,0
46,NORMAL,364.5796,364.5796,200,55.8539408383872,21.2798696879284,184,983.863675152145,0,0,0,983.863675152148,19.9226733376871,0,0,81601.3366688435,70735.1148630325,-60629.595633126,1,1,PASS_STRICT,1,0,model_online_prior_posterior_event_aware,0.721673041698421,0.201541416878413,0.0767855414231667,1,KALMAN_PRIOR_POSTERIOR,355.928218720417,217.487545902289,192.269278873673,217.487545902289,147.092054097711,2,196.357545902289,3.5527136788005e-15,-3.5527136788005e-15,157.086036721832,0.830846732331567,0.0810979863028969,0.0880552813655355,0.891626931931011,1.80930845436843e-17,0.108373068068989,1,0,0.087336292941581,0,0.5,0.5,0,0,0,NONE,PLAN_SOLVED,0,,0,0,NaN,1,0,1,0,0,1,55.8539408383873,55.8539408383873,55.8539408383873,1,MAIN_CONCLUSION_ELIGIBLE,364.5796,364.5796,0,66.3157894736842,0,0.89375,55.8539408383872,34371.2285407689,0,200,21.2798696879284,0,0,0,364.5796,0,0
47,NORMAL,576.31054904882,343.802146541939,200,100,22.6721465419392,184,1761.4937466972,0,0,0,1761.4937466972,21.2265358273931,232.508402506881,0,82253.2679136966,53041.271044279,-79167.9595257501,1,1,PASS_STRICT,1,0,model_online_prior_posterior_event_aware,0.619824184217292,0.309912092108646,0.070263723674062,1,KALMAN_PRIOR_POSTERIOR,367.720926435376,349.005664208388,192.210996382426,349.005664208388,227.304884840432,1,282.672146541939,60,60,226.137717233551,0.787687084677277,0.12700470369541,0.0853082116273126,0.707533453319309,0.212260035995793,0.0802065106848985,1,0,0.091813434785027,0,0.5,0.5,0,0,0,NONE,PLAN_SOLVED,0,,0,0,NaN,1,0,1,0,0,1,40,40,272.508402506881,1,MAIN_CONCLUSION_ELIGIBLE,576.31054904882,343.802146541939,232.508402506881,0,0,0.89375,100,36132.7222874661,0,200,22.6721465419392,0,0,0,576.142,0.168549048820404,0
