timeH,eventCode,eAvailableMWh,eSourceUsedMWh,eElectricityInputMWh,eHydrogenInputMWh,eFlexibleComputeInputMWh,eCableReceivedMWh,h2DeliveredKg,eComputeServiceMWhCS,eCurtailmentMWh,ensMWh,outputRevenueCNY,operatingCostCNY,economicNetCostCNY,exitflag,auditPass,strategyId,realizedElectricityShare,realizedHydrogenShare,realizedComputeShare,ratioActive
0,NORMAL,327.969049616543,287.805789473684,200,0,0,184,0,0,40.1632601428591,0,49560,5756.11578947368,-65664.8842105263,1,1,baseline_E_asset_only,1,0,0,1
1,NORMAL,314.917570879358,221.49,200,0,0,184,0,0,93.427570879358,0,49560,4429.8,-45130.2,1,1,baseline_E_asset_only,1,0,0,1
2,NORMAL,291.840438733695,221.49,200,0,0,184,0,0,70.3504387336953,0,49560,4429.8,-45130.2,1,1,baseline_E_asset_only,1,0,0,1
3,NORMAL,232.456082987042,221.49,200,0,0,184,0,0,10.9660829870421,0,49560,4429.8,-45130.2,1,1,baseline_E_asset_only,1,0,0,1
4,NORMAL,189.034659350842,189.034659350842,200,0,0,184,0,0,0,0,49560,4754.35340649158,-32950.9063774476,1,1,baseline_E_asset_only,1,0,0,1
5,NORMAL,158.383746939714,158.383746939714,100.932150652558,0,0,92.8575786003535,0,0,0,0,27685.8188640848,3167.67493879428,-36372.8841413514,1,1,baseline_E_asset_only,1,0,0,1
6,NORMAL,149.704634262795,149.704634262795,200,0,0,184,0,0,0,0,49560,5147.65365737206,-18191.7969628276,1,1,baseline_E_asset_only,1,0,0,1
7,NORMAL,158.133331487122,158.133331487122,136.643331487122,0,0,125.711864968152,0,0,0,0,50656.2713885347,3162.66662974243,-47493.6047587922,1,1,baseline_E_asset_only,1,0,0,1
8,NORMAL,179.434951368027,179.434951368027,157.944951368027,0,0,145.309355258585,0,0,0,0,57711.3678930906,3588.69902736055,-54122.6688657301,1,1,baseline_E_asset_only,1,0,0,1
9,NORMAL,204.820843804893,204.820843804893,183.330843804893,0,0,168.664376300501,0,0,0,0,66119.1754681804,4096.41687609785,-62022.7585920826,1,1,baseline_E_asset_only,1,0,0,1
10,NORMAL,233.9947898688,233.9947898688,200,0,0,184,0,0,0,0,71640,4679.895797376,-71082.308182874,1,1,baseline_E_asset_only,1,0,0,1
11,NORMAL,254.1043898688,254.1043898688,200,0,0,184,0,0,0,0,71640,5082.087797376,-77309.245822874,1,1,baseline_E_asset_only,1,0,0,1
12,NORMAL,221.578,221.578,166.026608283633,0,0,152.744479620943,0,0,0,0,60388.0126635393,4431.56,-67303.4644428397,1,1,baseline_E_asset_only,1,0,0,1
13,NORMAL,196.9996,196.9996,200,0,0,184,0,0,0,0,71640,4663.904,-58162.1498947368,1,1,baseline_E_asset_only,1,0,0,1
14,NORMAL,159.0148,159.0148,111.14751468144,0,0,102.255713506925,0,0,0,0,42212.0568624931,3180.296,-47845.7069677562,1,1,baseline_E_asset_only,1,0,0,1
15,NORMAL,135.436,135.436,189.306,0,0,174.16152,0,0,0,0,68098.1472,4958.72,-35744.6903578948,1,1,baseline_E_asset_only,1,0,0,1
16,NORMAL,124.074470669534,124.074470669534,102.584470669534,0,0,94.3777130159709,0,0,0,0,39375.9766857495,2481.48941339067,-36894.4872723589,1,1,baseline_E_asset_only,1,0,0,1
17,NORMAL,115.865415331254,115.865415331254,94.3754153312538,0,0,86.8253821047535,0,0,0,0,59231.7369049472,2317.30830662508,-56914.4285983221,1,1,baseline_E_asset_only,1,0,0,1
18,NORMAL,111.446227758567,111.446227758567,89.9562277585666,0,0,82.7597295378812,0,0,0,0,56711.0323134864,2228.92455517133,-54482.107758315,1,1,baseline_E_asset_only,1,0,0,1
19,NORMAL,110.167470774166,110.167470774166,88.6774707741665,0,0,81.5832731122332,0,0,0,0,55981.6293295846,2203.34941548333,-53778.2799141012,1,1,baseline_E_asset_only,1,0,0,1
20,NORMAL,109.854633421327,109.854633421327,88.3646334213275,0,0,81.2954627476213,0,0,0,0,55803.1869035252,2197.09266842655,-53606.0942350986,1,1,baseline_E_asset_only,1,0,0,1
21,NORMAL,120.438633421327,120.438633421327,98.9486334213274,0,0,91.0327427476212,0,0,0,0,61840.3005035252,2408.77266842655,-59431.5278350986,1,1,baseline_E_asset_only,1,0,0,1
22,NORMAL,135.451470774166,135.451470774166,113.961470774166,0,0,104.844553112233,0,0,0,0,43144.0391204039,2709.02941548333,-40435.0097049206,1,1,baseline_E_asset_only,1,0,0,1
23,NORMAL,149.660359508325,149.660359508325,128.170359508325,0,0,117.916730747659,0,0,0,0,47850.0230691573,2993.2071901665,-44856.8158789908,1,1,baseline_E_asset_only,1,0,0,1
24,NORMAL,176.716251931771,176.716251931771,80.5862519317706,0,0,74.139351777229,0,0,0,0,23193.444426535,3534.32503863541,-44382.8693878996,1,1,baseline_E_asset_only,1,0,0,1
25,NORMAL,211.253226442193,211.253226442193,190.123226442193,0,0,174.913368326817,0,0,0,0,47379.2083984361,4225.06452884385,-43154.1438695923,1,1,baseline_E_asset_only,1,0,0,1
26,NORMAL,234.917611746144,229.232493074792,200,0,0,184,0,0,5.68511867135163,0,49560,4584.64986149584,-47646.3369806094,1,1,baseline_E_asset_only,1,0,0,1
27,NORMAL,235.344559933185,221.13,200,0,0,184,0,0,14.2145599331846,0,49560,4422.6,-45137.4,1,1,baseline_E_asset_only,1,0,0,1
28,NORMAL,209.956409748643,209.956409748643,200,0,0,184,0,0,0,0,49560,4534.33590251357,-40944.3632372539,1,1,baseline_E_asset_only,1,0,0,1
29,NORMAL,173.53876448071,173.53876448071,140.028055060923,0,0,128.825810656049,0,0,0,0,36318.1945574519,3470.77528961419,-36928.7201280702,1,1,baseline_E_asset_only,1,0,0,1
30,NORMAL,149.387038948077,149.387038948077,200,0,0,184,0,0,0,0,49560,5140.02961051923,-18214.9098789363,1,1,baseline_E_asset_only,1,0,0,1
31,NORMAL,119.828151936921,119.828151936921,98.6981519369206,0,0,90.802299781967,0,0,0,0,38088.8279215081,2396.56303873841,-35692.2648827697,1,1,baseline_E_asset_only,1,0,0,1
32,NORMAL,103.495924044676,103.495924044676,82.3659240446763,0,0,75.7766501211022,0,0,0,0,32679.5940435968,2069.91848089353,-30609.6755627033,1,1,baseline_E_asset_only,1,0,0,1
33,NORMAL,99.4747257814166,99.4747257814166,78.3447257814166,0,0,72.0771477189032,0,0,0,0,31347.7731788052,1989.49451562833,-29358.2786631768,1,1,baseline_E_asset_only,1,0,0,1
34,NORMAL,111.328,111.328,90.198,0,0,82.98216,0,0,0,0,35273.5776,2226.56,-33047.0176,1,1,baseline_E_asset_only,1,0,0,1
35,NORMAL,129.11085859082,129.11085859082,107.62085859082,0,0,99.0111899035544,0,0,0,0,41044.0283652796,2582.2171718164,-38461.8111934632,1,1,baseline_E_asset_only,1,0,0,1
36,NORMAL,139.385415331254,139.385415331254,117.895415331254,0,0,108.463782104754,0,0,0,0,44446.9615577113,2787.70830662508,-41659.2532510862,1,1,baseline_E_asset_only,1,0,0,1
37,NORMAL,139.082227758567,139.082227758567,117.592227758567,0,0,108.184849537881,0,0,0,0,44346.5458336372,2781.64455517133,-41564.9012784659,1,1,baseline_E_asset_only,1,0,0,1
38,NORMAL,137.803470774166,137.803470774166,116.313470774166,0,0,107.008393112233,0,0,0,0,43923.0215204039,2756.06941548333,-41166.9521049206,1,1,baseline_E_asset_only,1,0,0,1
39,NORMAL,123.966633421327,123.966633421327,102.476633421327,0,0,94.2785027476212,0,0,0,0,39340.2609891436,2479.33266842655,-36860.9283207171,1,1,baseline_E_asset_only,1,0,0,1
40,NORMAL,100.171470774166,100.171470774166,78.6814707741664,0,0,72.3869531122331,0,0,0,0,31459.3031204039,2003.42941548333,-29455.8737049206,1,1,baseline_E_asset_only,1,0,0,1
41,NORMAL,79.9974153312537,79.9974153312537,58.5074153312537,0,0,53.8268221047534,0,0,0,0,38772.6297049471,1599.94830662508,-37172.6813983221,1,1,baseline_E_asset_only,1,0,0,1
42,NORMAL,70.756,70.756,49.626,0,0,45.65592,0,0,0,0,33706.6704,1415.12,-32291.5504,1,1,baseline_E_asset_only,1,0,0,1
43,NORMAL,81.34,81.34,60.21,0,0,55.3932,0,0,0,0,39743.784,1626.8,-38116.984,1,1,baseline_E_asset_only,1,0,0,1
44,NORMAL,111.328,111.328,90.198,0,0,82.98216,0,0,0,0,56848.9392,2226.56,-54622.3792,1,1,baseline_E_asset_only,1,0,0,1
45,NORMAL,186.9448,186.9448,165.8148,0,0,152.549616,0,0,0,0,99980.76192,3738.896,-96241.86592,1,1,baseline_E_asset_only,1,0,0,1
46,NORMAL,364.5796,296.13,200,0,0,184,0,0,68.4495999999999,0,71640,5922.6,-90441.15,1,1,baseline_E_asset_only,1,0,0,1
47,NORMAL,576.31054904882,225.6235856531,200,0,0,184,0,0,350.68696339572,0,71640,4512.47171306201,-68608.8387974825,1,1,baseline_E_asset_only,1,0,0,1
0,NORMAL,327.969049616543,187.805789571184,0,100,0,0,0,0,140.163260045359,0,5400,109921.343931939,32704.3812756063,1,1,baseline_H_asset_only,0,1,0,1
1,NORMAL,314.917570879358,121.49,0,100,0,0,0,0,193.427570879358,0,5400,8595.0281134402,-46760.9345428924,1,1,baseline_H_asset_only,0,1,0,1
2,NORMAL,291.840438733695,121.49,0,100,0,0,0,0,170.350438733695,0,5400,8595.0281134402,-46760.9345428924,1,1,baseline_H_asset_only,0,1,0,1
3,NORMAL,232.456082987042,121.49,0,100,0,0,0,0,110.966082987042,0,5400,8595.0281134402,-46760.9345428924,1,1,baseline_H_asset_only,0,1,0,1
4,NORMAL,189.034659350842,121.49,0,100,0,0,0,0,67.544659350842,0,5400,8595.0281134402,-46760.9345428924,1,1,baseline_H_asset_only,0,1,0,1
5,NORMAL,158.383746939714,121.49,0,100,0,0,0,0,36.8937469397138,0,5400,8595.0281134402,-46760.9345428924,1,1,baseline_H_asset_only,0,1,0,1
6,NORMAL,149.704634262795,121.49,0,100,0,0,0,0,28.2146342627945,0,5400,8595.0281134402,-46760.9345428924,1,1,baseline_H_asset_only,0,1,0,1
7,NORMAL,158.133331487122,121.49,0,100,0,0,0,0,36.6433314871216,0,5400,8595.0281134402,-46760.9345428924,1,1,baseline_H_asset_only,0,1,0,1
8,NORMAL,179.434951368027,121.49,0,100,0,0,0,0,57.9449513680273,0,5400,8595.0281134402,-46760.9345428924,1,1,baseline_H_asset_only,0,1,0,1
9,NORMAL,204.820843804893,121.49,0,100,0,0,0,0,83.3308438048926,0,5400,8595.0281134402,-46760.9345428924,1,1,baseline_H_asset_only,0,1,0,1
10,NORMAL,233.9947898688,121.49,0,100,0,0,0,0,112.5047898688,0,5400,8595.0281134402,-46760.9345428924,1,1,baseline_H_asset_only,0,1,0,1
11,NORMAL,254.1043898688,121.49,0,100,0,0,0,0,132.6143898688,0,5400,8595.0281134402,-46760.9345428924,1,1,baseline_H_asset_only,0,1,0,1
12,NORMAL,221.578,121.13,0,100,0,0,0,0,100.448,0,5400,8587.8281134402,-46768.1345428924,1,1,baseline_H_asset_only,0,1,0,1
13,NORMAL,196.9996,121.13,0,100,0,0,0,0,75.8695999999999,0,5400,8587.8281134402,-46768.1345428924,1,1,baseline_H_asset_only,0,1,0,1
14,NORMAL,159.0148,121.13,0,100,0,0,0,0,37.8848,0,5400,8587.8281134402,-46768.1345428924,1,1,baseline_H_asset_only,0,1,0,1
15,NORMAL,135.436,121.13,0,100,0,0,0,0,14.306,0,5400,8587.8281134402,-46768.1345428924,1,1,baseline_H_asset_only,0,1,0,1
16,NORMAL,124.074470669534,121.49,0,100,0,0,0,0,2.58447066953362,0,5400,8595.0281134402,-46760.9345428924,1,1,baseline_H_asset_only,0,1,0,1
17,NORMAL,115.865415331254,115.865415331254,0,100,0,0,0,0,0,0,5400,8651.27396012766,-44650.2351382524,1,1,baseline_H_asset_only,0,1,0,1
18,NORMAL,111.446227758567,111.446227758567,0,89.9562277585666,0,0,0,0,0,0,5400,7774.93119873277,-42563.5683473823,1,1,baseline_H_asset_only,0,1,0,1
19,NORMAL,110.167470774166,110.167470774166,0,88.6774707741665,0,0,0,0,0,0,5400,7670.51777393996,-42029.1664105829,1,1,baseline_H_asset_only,0,1,0,1
20,NORMAL,109.854633421327,109.854633421327,0,88.3646334213275,0,0,0,0,0,0,5400,7644.9738904566,-41898.429382907,1,1,baseline_H_asset_only,0,1,0,1
21,NORMAL,120.438633421327,120.438633421327,0,98.9486334213274,0,0,0,0,0,0,5400,8509.18163398311,-46321.5607269265,1,1,baseline_H_asset_only,0,1,0,1
22,NORMAL,135.451470774166,127.722226779774,0,100,0,0,0,0,7.72924399439222,0,5400,8719.67264903568,-48690.7435652494,1,1,baseline_H_asset_only,0,1,0,1
23,NORMAL,149.660359508325,121.49,0,100,0,0,0,0,28.1703595083252,0,5400,8595.0281134402,-46760.9345428923,1,1,baseline_H_asset_only,0,1,0,1
24,NORMAL,176.716251931771,121.13,0,100,0,0,0,0,55.5862519317706,0,5400,8587.8281134402,-46768.1345428923,1,1,baseline_H_asset_only,0,1,0,1
25,NORMAL,211.253226442193,121.13,0,100,0,0,0,0,90.1232264421927,0,5400,8587.8281134402,-46768.1345428923,1,1,baseline_H_asset_only,0,1,0,1
26,NORMAL,234.917611746144,121.13,0,100,0,0,0,0,113.787611746144,0,5400,8587.8281134402,-46768.1345428923,1,1,baseline_H_asset_only,0,1,0,1
27,NORMAL,235.344559933185,121.13,0,100,0,0,0,0,114.214559933185,0,5400,8587.8281134402,-46768.1345428923,1,1,baseline_H_asset_only,0,1,0,1
28,NORMAL,209.956409748643,121.13,0,100,0,0,0,0,88.826409748643,0,5400,8587.8281134402,-46768.1345428923,1,1,baseline_H_asset_only,0,1,0,1
29,NORMAL,173.53876448071,121.13,0,100,0,0,0,0,52.4087644807095,0,5400,8587.8281134402,-46768.1345428923,1,1,baseline_H_asset_only,0,1,0,1
30,NORMAL,149.387038948077,121.13,0,100,0,0,0,0,28.257038948077,0,5400,8587.8281134402,-46768.1345428923,1,1,baseline_H_asset_only,0,1,0,1
31,NORMAL,119.828151936921,119.828151936921,0,100,0,0,0,0,0,0,5400,8600.84659407099,-46279.598927642,1,1,baseline_H_asset_only,0,1,0,1
32,NORMAL,103.495924044676,103.495924044676,0,82.3659240446763,0,0,0,0,0,0,5400,7147.96558599071,-39398.724671311,1,1,baseline_H_asset_only,0,1,0,1
33,NORMAL,99.4747257814166,99.4747257814166,0,78.3447257814166,0,0,0,0,0,0,5400,6819.62557490186,-37718.2363796688,1,1,baseline_H_asset_only,0,1,0,1
34,NORMAL,111.328,111.328,0,90.198,0,0,0,0,0,0,5400,27787.4724537608,-22671.8067429981,1,1,baseline_H_asset_only,0,1,0,1
35,NORMAL,129.11085859082,122.93249092862,0,100,0,0,0,0,6.17836766220023,0,5400,8623.87793201259,-47207.6018589394,1,1,baseline_H_asset_only,0,1,0,1
36,NORMAL,139.385415331254,121.49,0,100,0,0,0,0,17.8954153312538,0,5400,8595.0281134402,-46760.9345428923,1,1,baseline_H_asset_only,0,1,0,1
37,NORMAL,139.082227758567,121.49,0,100,0,0,0,0,17.5922277585665,0,5400,8595.0281134402,-46760.9345428923,1,1,baseline_H_asset_only,0,1,0,1
38,NORMAL,137.803470774166,121.49,0,100,0,0,0,0,16.3134707741665,0,5400,8595.0281134402,-46760.9345428923,1,1,baseline_H_asset_only,0,1,0,1
39,NORMAL,123.966633421327,121.49,0,100,0,0,0,0,2.47663342132741,0,5400,8595.0281134402,-46760.9345428925,1,1,baseline_H_asset_only,0,1,0,1
40,NORMAL,100.171470774166,100.171470774166,0,100,0,0,0,0,0,0,5400,8808.21340569853,-38760.875943935,1,1,baseline_H_asset_only,0,1,0,1
41,NORMAL,79.9974153312537,79.9974153312537,0,58.5074153312538,0,0,2958,0,0,0,89288.88,11507.0639250748,-21929.7586289918,1,1,baseline_H_asset_only,0,1,0,1
42,NORMAL,70.756,70.756,0,40,0,0,0,0,0,0,5400,3881.21124537608,-24674.3847171569,1,1,baseline_H_asset_only,0,1,0,1
43,NORMAL,81.34,81.34,0,60,0,0,0,0,0,0,5400,25325.9368680641,-10116.8672257356,1,1,baseline_H_asset_only,0,1,0,1
44,NORMAL,111.328,111.328,0,80,0,0,2958,0,0,0,89288.88,33458.7424907522,-14076.6783343139,1,1,baseline_H_asset_only,0,1,0,1
45,NORMAL,186.9448,124.717639031395,0,100,0,0,0,0,62.2271609686054,0,5400,28659.5808940681,-27879.0469689638,1,1,baseline_H_asset_only,0,1,0,1
46,NORMAL,364.5796,121.13,0,100,0,0,2958,0,243.4496,0,89288.88,14887.8281134402,-39277.0145428925,1,1,baseline_H_asset_only,0,1,0,1
47,NORMAL,576.31054904882,121.13,0,100,0,0,0,0,455.18054904882,0,5400,8587.8281134402,-46768.1345428925,1,1,baseline_H_asset_only,0,1,0,1
0,NORMAL,327.969049616543,118.162067099407,0,0,25.1189661821088,0,0,28.4100252847013,209.806982517137,0,19605.0126423507,2363.24134198813,-39102.7713003625,1,1,baseline_C_asset_only,0,0,1,1
1,NORMAL,314.917570879358,50.3312811358108,0,0,23.7587486505291,0,0,26.9921174100288,264.586289743547,0,18896.0587050144,1006.62562271622,-17889.4330822982,1,1,baseline_C_asset_only,0,0,1,1
2,NORMAL,291.840438733695,52.238280234559,0,0,25.470913675625,0,0,28.7768026959885,239.602158499136,0,19788.4013479943,1044.76560469118,-18743.6357433031,1,1,baseline_C_asset_only,0,0,1,1
3,NORMAL,232.456082987042,51.7055965100584,0,0,24.9926478879998,0,0,28.2782274467867,180.750486476984,0,19539.1137233934,1034.11193020117,-18505.0017931922,1,1,baseline_C_asset_only,0,0,1,1
4,NORMAL,189.034659350842,51.2216347333831,0,0,24.5581271093495,0,0,27.8252517116369,137.813024617459,0,19312.6258558185,1024.43269466766,-18288.1931611508,1,1,baseline_C_asset_only,0,0,1,1
5,NORMAL,158.383746939714,52.0516697944741,0,0,25.3033582198131,0,0,28.6020192320982,106.33207714524,0,19701.0096160491,1041.03339588948,-18659.9762201596,1,1,baseline_C_asset_only,0,0,1,1
6,NORMAL,149.704634262795,51.3771582449326,0,0,24.6977548307078,0,0,27.9707132236934,98.3274760178619,0,19385.3566118467,1027.54316489865,-18357.813446948,1,1,baseline_C_asset_only,0,0,1,1
7,NORMAL,158.133331487122,54.032989462239,0,0,27.0822573990366,0,0,30.4561964619595,104.100342024883,0,20628.0982309798,1080.65978924478,-19547.438441735,1,1,baseline_C_asset_only,0,0,1,1
8,NORMAL,179.434951368027,52.0212618251556,0,0,25.2760470184024,0,0,28.5734233313494,127.413689542872,0,19686.7116656747,1040.42523650311,-18646.2864291716,1,1,baseline_C_asset_only,0,0,1,1
9,NORMAL,204.820843804893,43.9235438035653,0,0,17.1304191459709,0,0,20.994943402635,160.897300001327,0,15897.4717013175,878.470876071305,-15019.0008252462,1,1,baseline_C_asset_only,0,0,1,1
10,NORMAL,233.9947898688,44.3275385926174,0,0,17.4755045416628,0,0,21.3729967964191,189.667251276183,0,16086.4983982096,886.550771852348,-15199.9476263572,1,1,baseline_C_asset_only,0,0,1,1
11,NORMAL,254.1043898688,43.7201504533327,0,0,16.9566765394417,0,0,20.8045262461843,210.384239415467,0,15802.2631230921,874.403009066655,-14927.8601140255,1,1,baseline_C_asset_only,0,0,1,1
12,NORMAL,221.578,43.2995780482252,0,0,16.9049331755965,0,0,20.7478050269866,178.278421951775,0,15773.9025134933,865.991560964503,-14907.9109525288,1,1,baseline_C_asset_only,0,0,1,1
13,NORMAL,196.9996,42.9785531812369,0,0,16.6307146351922,0,0,20.4473351823884,154.021046818763,0,15623.6675911942,859.571063624738,-14764.0965275695,1,1,baseline_C_asset_only,0,0,1,1
14,NORMAL,159.0148,42.8464515075976,0,0,16.5178720661218,0,0,20.3236729604568,116.168348492402,0,15561.8364802284,856.929030151952,-14704.9074500765,1,1,baseline_C_asset_only,0,0,1,1
15,NORMAL,135.436,44.1333494462178,0,0,17.6171232361283,0,0,21.5280014710202,91.3026505537822,0,16164.0007355101,882.666988924355,-15281.3337465857,1,1,baseline_C_asset_only,0,0,1,1
16,NORMAL,124.074470669534,43.6809395253928,0,0,16.9231674281976,0,0,20.7676630881262,80.3935311441408,0,15783.8315440631,873.618790507856,-14910.2127535553,1,1,baseline_C_asset_only,0,0,1,1
17,NORMAL,115.865415331254,44.7612301685225,0,0,17.8459388180374,0,0,21.7786313530697,71.1041851627312,0,16289.3156765349,895.224603370451,-15394.0910731644,1,1,baseline_C_asset_only,0,0,1,1
18,NORMAL,111.446227758567,43.4348324404445,0,0,16.7129395319793,0,0,20.5372747591779,68.0113953181221,0,15668.637379589,868.69664880889,-14799.9407307801,1,1,baseline_C_asset_only,0,0,1,1
19,NORMAL,110.167470774166,43.7290798197537,0,0,16.9642789591763,0,0,20.8126154564419,66.4383909544127,0,15806.3077282209,874.581596395075,-14931.7261318259,1,1,baseline_C_asset_only,0,0,1,1
20,NORMAL,109.854633421327,43.3598000612357,0,0,16.6488416144462,0,0,20.4669892447738,66.4948333600917,0,15633.4946223869,867.196001224714,-14766.2986211622,1,1,baseline_C_asset_only,0,0,1,1
21,NORMAL,120.438633421327,44.741943091839,0,0,17.8294514491041,0,0,21.7604414875761,75.6966903294884,0,16280.2207437881,894.83886183678,-15385.3818819513,1,1,baseline_C_asset_only,0,0,1,1
22,NORMAL,135.451470774166,51.5861351056054,0,0,24.8853290026696,0,0,28.165565870142,83.8653356685611,0,19482.782935071,1031.72270211211,-18451.0602329589,1,1,baseline_C_asset_only,0,0,1,1
23,NORMAL,149.660359508325,51.7861143007426,0,0,25.0648740390166,0,0,28.3526714970511,97.8742452075826,0,19576.3357485255,1035.72228601485,-18540.6134625107,1,1,baseline_C_asset_only,0,0,1,1
24,NORMAL,176.716251931771,51.0064054445578,0,0,24.6880416062936,0,0,27.9598413090345,125.709846487213,0,19379.9206545173,1020.12810889116,-18359.7925456261,1,1,baseline_C_asset_only,0,0,1,1
25,NORMAL,211.253226442193,52.5414699508575,0,0,26.0663149340046,0,0,29.3969618001567,158.711756491335,0,20098.4809000784,1050.82939901715,-19047.6515010612,1,1,baseline_C_asset_only,0,0,1,1
26,NORMAL,234.917611746144,52.586495880273,0,0,26.1067777292938,0,0,29.4396308649004,182.331115865871,0,20119.8154324502,1051.72991760546,-19068.0855148447,1,1,baseline_C_asset_only,0,0,1,1
27,NORMAL,235.344559933185,51.695227988511,0,0,25.3066009595104,0,0,28.6060232724128,183.649331944674,0,19703.0116362064,1033.90455977022,-18669.1070764362,1,1,baseline_C_asset_only,0,0,1,1
28,NORMAL,209.956409748643,51.9526236020074,0,0,25.5377368891721,0,0,28.8474401693405,158.003786146636,0,19823.7200846703,1039.05247204015,-18784.6676126301,1,1,baseline_C_asset_only,0,0,1,1
29,NORMAL,173.53876448071,52.3262054562824,0,0,25.8731893919444,0,0,29.197608496443,121.212559024427,0,19998.8042482215,1046.52410912565,-18952.2801390959,1,1,baseline_C_asset_only,0,0,1,1
30,NORMAL,149.387038948077,52.5880492161495,0,0,26.1083195049675,0,0,29.4432080154366,96.7989897319275,0,20121.6040077183,1051.76098432299,-19069.8430233953,1,1,baseline_C_asset_only,0,0,1,1
31,NORMAL,119.828151936921,51.3664109350767,0,0,25.0115244326952,0,0,28.3003241298793,68.4617410018439,0,19550.1620649396,1027.32821870153,-18522.8338462381,1,1,baseline_C_asset_only,0,0,1,1
32,NORMAL,103.495924044676,42.8609367563383,0,0,16.5304938708845,0,0,20.3398361167673,60.634987288338,0,15569.9180583837,857.218735126766,-14712.6993232569,1,1,baseline_C_asset_only,0,0,1,1
33,NORMAL,99.4747257814166,43.2664550103452,0,0,16.8769173367283,0,0,20.719768829765,56.2082707710714,0,15759.8844148825,865.329100206903,-14894.5553146756,1,1,baseline_C_asset_only,0,0,1,1
34,NORMAL,111.328,43.7447930503232,0,0,17.2855435519924,0,0,21.167875948036,67.5832069496769,0,15983.937974018,874.895861006463,-15109.0421130115,1,1,baseline_C_asset_only,0,0,1,1
35,NORMAL,129.11085859082,43.9687809157251,0,0,17.1693983198193,0,0,21.0409454225665,85.1420776750949,0,15920.4727112832,879.375618314503,-15041.0970929687,1,1,baseline_C_asset_only,0,0,1,1
36,NORMAL,139.385415331254,44.3008392942727,0,0,17.4530744511847,0,0,21.3521490135898,95.0845760369812,0,16076.0745067949,886.016785885453,-15190.0577209094,1,1,baseline_C_asset_only,0,0,1,1
37,NORMAL,139.082227758567,43.8484079490697,0,0,17.0666469716718,0,0,20.929026817543,95.2338198094969,0,15864.5134087715,876.968158981394,-14987.5452497901,1,1,baseline_C_asset_only,0,0,1,1
38,NORMAL,137.803470774166,43.9452558921206,0,0,17.1494084507437,0,0,21.0200622969703,93.8582148820459,0,15910.0311484852,878.905117842411,-15031.1260306428,1,1,baseline_C_asset_only,0,0,1,1
39,NORMAL,123.966633421327,43.5225037074362,0,0,16.7883333136858,0,0,20.6247016140389,80.4441297138912,0,15712.3508070194,870.450074148723,-14841.9007328707,1,1,baseline_C_asset_only,0,0,1,1
40,NORMAL,100.171470774166,43.8664018932484,0,0,17.0821221690806,0,0,20.9470036314146,56.305068880918,0,15873.5018157073,877.328037864968,-14996.1737778423,1,1,baseline_C_asset_only,0,0,1,1
41,NORMAL,79.9974153312537,42.8397554012603,0,0,16.2052092392539,0,0,19.9862994665775,37.1576599299935,0,15393.1497332888,856.795108025206,-14536.3546252636,1,1,baseline_C_asset_only,0,0,1,1
42,NORMAL,70.756,43.6777049945773,0,0,17.2285174951276,0,0,21.1081252771297,27.0782950054227,0,15954.0626385649,873.554099891546,-15080.5085386733,1,1,baseline_C_asset_only,0,0,1,1
43,NORMAL,81.34,43.0264971334299,0,0,16.6722981674182,0,0,20.4988640975327,38.31350286657,0,15649.4320487664,860.529942668599,-14788.9021060978,1,1,baseline_C_asset_only,0,0,1,1
44,NORMAL,111.328,43.2195228571942,0,0,16.8372133088906,0,0,20.6799421363585,68.1084771428059,0,15739.9710681793,864.390457143883,-14875.5806110354,1,1,baseline_C_asset_only,0,0,1,1
45,NORMAL,186.9448,43.2859623599975,0,0,16.89400012866,0,0,20.7425160919811,143.658837640003,0,15771.2580459905,865.719247199949,-14905.5387987906,1,1,baseline_C_asset_only,0,0,1,1
46,NORMAL,364.5796,42.4098696879284,0,0,16.1456888874265,0,0,19.9226733376871,322.169730312071,0,15361.3366688436,848.197393758569,-14513.139275085,1,1,baseline_C_asset_only,0,0,1,1
47,NORMAL,576.31054904882,43.8021465419393,0,0,17.3349892210841,0,0,21.2265358273931,532.508402506881,0,16013.2679136966,876.042930838785,-15137.2249828578,1,1,baseline_C_asset_only,0,0,1,1
0,NORMAL,327.969049616543,293.043100917298,200,0,0,184,0,4.90152819036143,34.9259486992456,0,52010.7640951807,5860.86201834596,-68010.9020768348,1,1,mix_E100,1,0,0,1
1,NORMAL,314.917570879358,226.572532485282,200,0,0,184,0,4.75666503637626,88.3450383940763,0,51938.3325181881,4531.45064970563,-47406.8818684825,1,1,mix_E100,1,0,0,1
2,NORMAL,291.840438733695,226.767366558934,200,0,0,184,0,4.93899935418708,65.0730721747613,0,52029.4996770935,4535.34733117868,-47494.1523459149,1,1,mix_E100,1,0,0,1
3,NORMAL,232.456082987042,226.712948622059,200,0,0,184,0,4.88806266089401,5.7431343649834,0,52004.031330447,4534.25897244117,-47469.7723580058,1,1,mix_E100,1,0,0,1
4,NORMAL,189.034659350842,189.034659350842,200,0,0,184,0,4.84178395038508,0,0,51980.8919751925,4909.55863521258,-33326.9013917721,1,1,mix_E100,1,0,0,1
5,NORMAL,158.383746939714,158.383746939714,89.9414206579154,0,0,82.7461070052822,0,4.92114239170311,0,0,27719.6368771193,3167.67493879428,-38296.3938865328,1,1,mix_E100,1,0,0,1
6,NORMAL,149.704634262795,149.704634262795,198.02523084857,0,0,182.183212380684,0,4.85664490119084,0,0,51552.2934219596,5244.09268525589,-18913.4638945985,1,1,mix_E100,1,0,0,1
7,NORMAL,158.133331487122,158.133331487122,131.182599423919,0,0,120.687991470006,0,5.1105670158543,0,0,51402.9604371292,3162.66662974243,-48240.2938073868,1,1,mix_E100,1,0,0,1
8,NORMAL,179.434951368027,179.434951368027,152.689736561274,0,0,140.474557636372,0,4.91822048595489,0,0,58429.9509920714,3588.69902736055,-54841.2519647109,1,1,mix_E100,1,0,0,1
9,NORMAL,204.820843804893,204.820843804893,103.027719147298,0,0,94.7855016155143,0,4.96305011005965,0,0,42004.305636615,4096.41687609785,-62631.6387605171,1,1,mix_E100,1,0,0,1
10,NORMAL,233.9947898688,233.9947898688,200,0,0,184,0,5.01817374620185,0,0,74149.0868731009,4679.895797376,-71823.8005310777,1,1,mix_E100,1,0,0,1
11,NORMAL,254.1043898688,227.723211170838,200,0,0,184,0,4.93528492667786,26.3811786979625,0,74107.6424633389,4554.46422341675,-69869.5556266746,1,1,mix_E100,1,0,0,1
12,NORMAL,221.578,221.578,200,0,0,184,0,4.92701417753725,0,0,74103.5070887686,4576.05934617886,-67768.104825956,1,1,mix_E100,1,0,0,1
13,NORMAL,196.9996,196.9996,170.651761453955,0,0,156.999620537639,0,4.88320177512656,0,0,64361.4642811132,3939.992,-60421.4722811132,1,1,mix_E100,1,0,0,1
14,NORMAL,159.0148,159.0148,132.686220558524,0,0,122.071322913842,0,4.86517000213155,0,0,51778.261250049,3180.296,-48597.965250049,1,1,mix_E100,1,0,0,1
15,NORMAL,135.436,135.436,108.919773789911,0,0,100.206191886718,0,5.0407739988108,0,0,43994.6160786238,2708.72,-41285.8960786238,1,1,mix_E100,1,0,0,1
16,NORMAL,124.074470669534,124.074470669534,97.3166985723384,0,0,89.5313626865514,0,4.929909164702,0,0,40096.2451495095,2481.48941339067,-37614.7557361188,1,1,mix_E100,1,0,0,1
17,NORMAL,115.865415331254,115.865415331254,88.9501239807687,0,0,81.8341140623072,0,5.07731733344438,0,0,58675.8093853526,2317.30830662508,-56358.5010787276,1,1,mix_E100,1,0,0,1
18,NORMAL,111.446227758567,111.446227758567,84.7243348501013,0,0,77.9463880620932,0,4.89631545209322,0,0,56174.9183245444,2228.92455517133,-53945.9937693731,1,1,mix_E100,1,0,0,1
19,NORMAL,110.167470774166,110.167470774166,83.402669913589,0,0,76.7304563205019,0,4.93646332538427,0,0,55441.1145814033,2203.34941548333,-53237.76516592,1,1,mix_E100,1,0,0,1
20,NORMAL,109.854633421327,109.854633421327,83.143674974538,0,0,76.4921809765749,0,4.88606663429249,0,0,55268.1855226227,2197.09266842655,-53071.0928541962,1,1,mix_E100,1,0,0,1
21,NORMAL,120.438633421327,120.438633421327,93.5261417785925,0,0,86.0440504363051,0,5.07466458362433,0,0,61284.6435623213,2408.77266842655,-58875.8708938948,1,1,mix_E100,1,0,0,1
22,NORMAL,135.451470774166,135.451470774166,108.750664671231,0,0,100.050611497532,0,4.87654982986307,0,0,43856.4950540431,2709.02941548333,-41147.4656385598,1,1,mix_E100,1,0,0,1
23,NORMAL,149.660359508325,149.660359508325,122.939119246599,0,0,113.103989706871,0,4.89566533815295,0,0,48565.2689635501,2993.2071901665,-45572.0617733836,1,1,mix_E100,1,0,0,1
24,NORMAL,176.716251931771,176.716251931771,150.397888093506,0,0,138.366057046026,0,4.8555315612048,0,0,41035.6194716486,3534.32503863541,-37501.2944330132,1,1,mix_E100,1,0,0,1
25,NORMAL,211.253226442193,211.253226442193,184.77807142534,0,0,169.995825711313,0,5.0023548115439,0,0,48700.175576487,4225.06452884385,-44475.1110476431,1,1,mix_E100,1,0,0,1
26,NORMAL,234.917611746144,231.816720779931,200,0,0,184,0,5.00671556665191,3.10089096621334,0,52063.357783326,4636.33441559861,-49186.3662843611,1,1,mix_E100,1,0,0,1
27,NORMAL,235.344559933185,226.388627029001,200,0,0,184,0,4.92155357810751,8.95593290418407,0,52020.7767890538,4527.77254058001,-47493.0042484737,1,1,mix_E100,1,0,0,1
28,NORMAL,209.956409748643,209.956409748643,200,0,0,184,0,4.94621921932462,0,0,52033.1096096623,4692.88250389863,-41328.551835685,1,1,mix_E100,1,0,0,1
29,NORMAL,173.53876448071,173.53876448071,128.849208843859,0,0,118.541272136351,0,4.98199498283919,0,0,36340.9028041437,3470.77528961419,-38881.8027846082,1,1,mix_E100,1,0,0,1
30,NORMAL,149.387038948077,149.387038948077,197.907309236895,0,0,182.074724497943,0,5.00708749072177,0,0,51601.4776248673,5237.74077896154,-18969.0000038005,1,1,mix_E100,1,0,0,1
31,NORMAL,119.828151936921,119.828151936921,93.4732654345391,0,0,85.995404199776,0,4.89032848100669,0,0,38803.5097524227,2396.56303873841,-36406.9467136843,1,1,mix_E100,1,0,0,1
32,NORMAL,103.495924044676,103.495924044676,2.16548115922245,0,0,1.99224266648466,0,4.86753779695611,0,0,8550.97625841253,2069.91848089353,-31204.807777519,1,1,mix_E100,1,0,0,1
33,NORMAL,99.4747257814166,99.4747257814166,73.0851881077997,0,0,67.2383730591757,0,4.92293841529065,0,0,32067.2835089486,1989.49451562833,-30077.7889933203,1,1,mix_E100,1,0,0,1
34,NORMAL,111.328,111.328,84.8687505016693,0,0,78.0792504615357,0,4.98827877954808,0,0,36002.6695559269,2226.56,-33776.1095559269,1,1,mix_E100,1,0,0,1
35,NORMAL,129.11085859082,129.11085859082,102.311475994914,0,0,94.126557915321,0,4.9697725978471,0,0,41770.4471484391,2582.2171718164,-39188.2299766227,1,1,mix_E100,1,0,0,1
36,NORMAL,139.385415331254,139.385415331254,112.537650488166,0,0,103.534638449113,0,5.01515055336476,0,0,45180.0451183629,2787.70830662508,-42392.3368117378,1,1,mix_E100,1,0,0,1
37,NORMAL,139.082227758567,139.082227758567,112.300466781169,0,0,103.316429438675,0,4.9534567783301,0,0,45070.6429870881,2781.64455517133,-42288.9984319168,1,1,mix_E100,1,0,0,1
38,NORMAL,137.803470774166,137.803470774166,111.00762333279,0,0,102.127013466166,0,4.96673225599261,0,0,44649.0909758162,2756.06941548333,-41893.0215603329,1,1,mix_E100,1,0,0,1
39,NORMAL,123.966633421327,123.966633421327,97.2324630275771,0,0,89.4538659853709,0,4.90908573172159,0,0,40057.9346205943,2479.33266842655,-37578.6019521678,1,1,mix_E100,1,0,0,1
40,NORMAL,100.171470774166,100.171470774166,73.3871910499986,0,0,67.5162157659987,0,4.95608262387035,0,0,32183.8789876947,2003.42941548333,-30180.4495722114,1,1,mix_E100,1,0,0,1
41,NORMAL,79.9974153312537,79.9974153312537,53.3628691692474,0,0,49.0938396357076,0,4.81600085251663,0,0,38246.181000397,1599.94830662508,-36646.232693772,1,1,mix_E100,1,0,0,1
42,NORMAL,70.756,70.756,44.3068125005503,0,0,40.7622675005063,0,4.97957890339303,0,0,33162.3953020104,1415.12,-31747.2753020104,1,1,mix_E100,1,0,0,1
43,NORMAL,81.34,81.34,54.9858010339883,0,0,50.5869369512692,0,4.89074320747165,0,0,39209.2725135227,1626.8,-37582.4725135227,1,1,mix_E100,1,0,0,1
44,NORMAL,111.328,111.328,84.9456904516965,0,0,78.1500352155607,0,4.91714819932321,0,0,56311.5959333093,2226.56,-54085.0359333093,1,1,mix_E100,1,0,0,1
45,NORMAL,186.9448,186.9448,160.552837768663,0,0,147.70861074717,0,4.92627377161361,0,0,99442.4755490519,3738.896,-95703.5795490519,1,1,mix_E100,1,0,0,1
46,NORMAL,364.5796,234.366673875294,200,0,0,184,0,4.80673088910175,130.212926124706,0,74043.3654445509,4687.33347750588,-72027.0188091502,1,1,mix_E100,1,0,0,1
47,NORMAL,576.31054904882,226.467157320855,200,0,0,184,0,4.99685201301967,349.843391727965,0,74138.4260065098,4529.3431464171,-69609.0828600927,1,1,mix_E100,1,0,0,1
0,NORMAL,327.969049616543,193.043101014798,0,100,0,0,0,4.90152819036143,134.925948601746,0,7850.76409518072,110026.090160811,30358.3634092979,1,1,mix_H100,0,1,0,1
1,NORMAL,314.917570879358,126.572532485282,0,100,0,0,0,4.75666503637626,188.345038394076,0,7778.33251818813,8696.67876314583,-49037.6164113749,1,1,mix_H100,0,1,0,1
2,NORMAL,291.840438733695,126.767366558934,0,100,0,0,0,4.93899935418708,165.073072174761,0,7869.49967709354,8700.57544461888,-49124.8868888072,1,1,mix_H100,0,1,0,1
3,NORMAL,232.456082987042,126.712948622059,0,100,0,0,0,4.88806266089401,105.743134364983,0,7844.03133044701,8699.48708588137,-49100.5069008982,1,1,mix_H100,0,1,0,1
4,NORMAL,189.034659350842,126.663507624034,0,100,0,0,0,4.84178395038508,62.3711517268085,0,7820.89197519254,8698.49826592087,-49078.3563656042,1,1,mix_H100,0,1,0,1
5,NORMAL,158.383746939714,126.748311574661,0,100,0,0,0,4.92114239170311,31.6354353650528,0,7860.57119585155,8700.19434493342,-49116.3395072507,1,1,mix_H100,0,1,0,1
6,NORMAL,149.704634262795,126.679403414225,0,100,0,0,0,4.85664490119084,23.0252308485698,0,7828.32245059542,8698.81618172469,-49085.4689252033,1,1,mix_H100,0,1,0,1
7,NORMAL,158.133331487122,126.950732063202,0,100,0,0,0,5.1105670158543,31.1825994239192,0,7955.28350792715,8704.24275470424,-49207.0034095555,1,1,mix_H100,0,1,0,1
8,NORMAL,179.434951368027,126.745214806753,0,100,0,0,0,4.91822048595489,52.6897365612741,0,7859.11024297745,8700.13240957526,-49114.9404897347,1,1,mix_H100,0,1,0,1
9,NORMAL,204.820843804893,126.793124657594,0,100,0,0,0,4.96305011005965,78.0277191472982,0,7881.52505502982,8701.09060659208,-49136.3971047703,1,1,mix_H100,0,1,0,1
10,NORMAL,233.9947898688,126.852034050955,0,100,0,0,0,5.01817374620185,107.142755817846,0,7909.08687310093,8702.26879445929,-49162.7807349742,1,1,mix_H100,0,1,0,1
11,NORMAL,254.1043898688,126.763473913891,0,100,0,0,0,4.93528492667786,127.340915954909,0,7867.64246333893,8700.49759171802,-49123.1075279535,1,1,mix_H100,0,1,0,1
12,NORMAL,221.578,126.394644872629,0,100,0,0,0,4.92701417753725,95.1833551273714,0,7863.50708876863,8693.12101089277,-49126.3487342085,1,1,mix_H100,0,1,0,1
13,NORMAL,196.9996,126.347838546045,0,100,0,0,0,4.88320177512656,70.6517614539552,0,7841.60088756328,8692.18488436109,-49105.3786595348,1,1,mix_H100,0,1,0,1
14,NORMAL,159.0148,126.328579441476,0,100,0,0,0,4.86517000213155,32.6862205585242,0,7832.58500106577,8691.79970226971,-49096.7479551287,1,1,mix_H100,0,1,0,1
15,NORMAL,135.436,126.516226210089,0,100,0,0,0,5.0407739988108,8.91977378991052,0,7920.3869994054,8695.55263764199,-49180.797018096,1,1,mix_H100,0,1,0,1
16,NORMAL,124.074470669534,124.074470669534,0,100,0,0,0,4.929909164702,0,0,7864.954582351,8727.21656966072,-48113.5895159718,1,1,mix_H100,0,1,0,1
17,NORMAL,115.865415331254,115.865415331254,0,88.9501239807687,0,0,0,5.07731733344438,0,0,7938.65866672219,7801.28635722734,-44573.2630280892,1,1,mix_H100,0,1,0,1
18,NORMAL,111.446227758567,111.446227758567,0,84.7243348501013,0,0,0,4.89631545209322,0,0,7848.15772604661,7452.37306627499,-42720.6417383144,1,1,mix_H100,0,1,0,1
19,NORMAL,110.167470774166,110.167470774166,0,83.402669913589,0,0,0,4.93646332538427,0,0,7868.23166269214,7345.31426835565,-42187.5240307534,1,1,mix_H100,0,1,0,1
20,NORMAL,109.854633421327,109.854633421327,0,83.143674974538,0,0,0,4.88606663429249,0,0,7843.03331714625,7323.08989250411,-42055.1666460248,1,1,mix_H100,0,1,0,1
21,NORMAL,120.438633421327,120.438633421327,0,93.5261417785925,0,0,0,5.07466458362433,0,0,7937.33229181217,8174.87265477627,-46484.3440978582,1,1,mix_H100,0,1,0,1
22,NORMAL,135.451470774166,129.6739932804,0,100,0,0,0,4.87654982986307,5.77747749376636,0,7838.27491493154,8758.7079790482,-50015.6407452669,1,1,mix_H100,0,1,0,1
23,NORMAL,149.660359508325,126.721240261726,0,100,0,0,0,4.89566533815295,22.9391192465992,0,7847.83266907647,8699.65291867472,-49104.1424067343,1,1,mix_H100,0,1,0,1
24,NORMAL,176.716251931771,126.318363838264,0,100,0,0,0,4.8555315612048,50.3978880935064,0,7827.7657806024,8691.59539020548,-49092.1330467294,1,1,mix_H100,0,1,0,1
25,NORMAL,211.253226442193,126.475155016853,0,100,0,0,0,5.0023548115439,84.7780714253398,0,7901.17740577195,8694.73121377725,-49162.4088483272,1,1,mix_H100,0,1,0,1
26,NORMAL,234.917611746144,126.479718150979,0,100,0,0,0,5.00671556665191,108.437893595165,0,7903.35778332596,8694.82247645978,-49164.4979631987,1,1,mix_H100,0,1,0,1
27,NORMAL,235.344559933185,126.388627029001,0,100,0,0,0,4.92155357810751,108.955932904184,0,7860.77678905375,8693.00065402021,-49123.738791366,1,1,mix_H100,0,1,0,1
28,NORMAL,209.956409748643,126.414886712835,0,100,0,0,0,4.94621921932462,83.5415230358077,0,7873.10960966231,8693.5258476969,-49135.5464182979,1,1,mix_H100,0,1,0,1
29,NORMAL,173.53876448071,126.453016064338,0,100,0,0,0,4.98199498283919,47.0857484163715,0,7890.99749141959,8694.28843472696,-49152.6717130251,1,1,mix_H100,0,1,0,1
30,NORMAL,149.387038948077,126.479729711182,0,100,0,0,0,5.00708749072177,22.907309236895,0,7903.54374536089,8694.82270766384,-49164.6836940295,1,1,mix_H100,0,1,0,1
31,NORMAL,119.828151936921,119.828151936921,0,100,0,0,0,4.89032848100669,0,0,7845.16424050335,8757.59318914244,-46659.5580295724,1,1,mix_H100,0,1,0,1
32,NORMAL,103.495924044676,103.495924044676,0,77.1654811592225,0,0,0,4.86753779695611,0,0,7833.76889847805,6827.34641919331,-39555.1814307652,1,1,mix_H100,0,1,0,1
33,NORMAL,99.4747257814166,99.4747257814166,0,73.0851881077997,0,0,0,4.92293841529065,0,0,7861.46920764533,6495.36307961105,-37876.515406477,1,1,mix_H100,0,1,0,1
34,NORMAL,111.328,111.328,0,80,0,0,0,4.98827877954808,0,0,7894.13938977404,7158.74249075216,-42305.1506269632,1,1,mix_H100,0,1,0,1
35,NORMAL,129.11085859082,129.11085859082,0,100,0,0,0,4.9697725978471,0,0,7884.88629892355,28747.4452852566,-29855.3817317229,1,1,mix_H100,0,1,0,1
36,NORMAL,139.385415331254,126.899377200201,0,100,0,0,0,5.01515055336476,12.4860381310531,0,7907.57527668238,8703.21565744421,-49177.3362890929,1,1,mix_H100,0,1,0,1
37,NORMAL,139.082227758567,126.781760977398,0,100,0,0,0,4.9534567783301,12.3004667811686,0,7876.72838916505,8700.86333298816,-49131.8277125094,1,1,mix_H100,0,1,0,1
38,NORMAL,137.803470774166,126.795847441377,0,100,0,0,0,4.96673225599261,11.0076233327896,0,7883.3661279963,8701.14506226774,-49138.1837220613,1,1,mix_H100,0,1,0,1
39,NORMAL,123.966633421327,123.966633421327,0,100,0,0,0,4.90908573172159,0,0,7854.54286586079,8727.58689103943,-48072.0393370164,1,1,mix_H100,0,1,0,1
40,NORMAL,100.171470774166,100.171470774166,0,73.3871910499986,0,0,0,4.95608262387035,0,0,7878.04131193518,6527.91714976191,-38011.4019176421,1,1,mix_H100,0,1,0,1
41,NORMAL,79.9974153312537,79.9974153312537,0,53.3628691692474,0,0,0,4.81600085251663,0,0,7808.00042625832,4889.89091878583,-29576.0445020092,1,1,mix_H100,0,1,0,1
42,NORMAL,70.756,70.756,0,44.3068125005503,0,0,2958,4.97957890339303,0,0,91778.6694516965,10446.7360604532,-18385.8280982294,1,1,mix_H100,0,1,0,1
43,NORMAL,81.34,81.34,0,54.9858010339883,0,0,0,4.89074320747165,0,0,7845.37160373582,5016.80006374774,-30297.2577708125,1,1,mix_H100,0,1,0,1
44,NORMAL,111.328,111.328,0,81.879167490563,0,0,0,4.91714819932321,0,0,7858.5740996616,47274.597453179,-2498.38227552198,1,1,mix_H100,0,1,0,1
45,NORMAL,186.9448,126.391962231337,0,100,0,0,2958,4.92627377161361,60.5528377686625,0,91752.0168858068,14993.0673580669,-41634.9121840726,1,1,mix_H100,0,1,0,1
46,NORMAL,364.5796,126.264180800502,0,100,0,0,0,4.80673088910175,238.315419199498,0,7803.36544455087,8690.51172945024,-49068.8163714333,1,1,mix_H100,0,1,0,1
47,NORMAL,576.31054904882,126.467157320855,0,100,0,0,2958,4.99685201301967,449.843391727965,0,91787.3060065098,14994.5712598573,-41668.6974029852,1,1,mix_H100,0,1,0,1
0,NORMAL,327.969049616543,118.162067099407,0,0,25.1189661821088,0,0,28.4100252847013,209.806982517137,0,19605.0126423507,2363.24134198813,-39102.7713003625,1,1,mix_C100,0,0,1,1
1,NORMAL,314.917570879358,50.3312811358108,0,0,23.7587486505291,0,0,26.9921174100288,264.586289743547,0,18896.0587050144,1006.62562271622,-17889.4330822982,1,1,mix_C100,0,0,1,1
2,NORMAL,291.840438733695,52.238280234559,0,0,25.470913675625,0,0,28.7768026959885,239.602158499136,0,19788.4013479943,1044.76560469118,-18743.6357433031,1,1,mix_C100,0,0,1,1
3,NORMAL,232.456082987042,51.7055965100584,0,0,24.9926478879998,0,0,28.2782274467867,180.750486476984,0,19539.1137233934,1034.11193020117,-18505.0017931922,1,1,mix_C100,0,0,1,1
4,NORMAL,189.034659350842,51.2216347333831,0,0,24.5581271093495,0,0,27.8252517116369,137.813024617459,0,19312.6258558185,1024.43269466766,-18288.1931611508,1,1,mix_C100,0,0,1,1
5,NORMAL,158.383746939714,52.0516697944741,0,0,25.3033582198131,0,0,28.6020192320982,106.33207714524,0,19701.0096160491,1041.03339588948,-18659.9762201596,1,1,mix_C100,0,0,1,1
6,NORMAL,149.704634262795,51.3771582449326,0,0,24.6977548307078,0,0,27.9707132236934,98.3274760178619,0,19385.3566118467,1027.54316489865,-18357.813446948,1,1,mix_C100,0,0,1,1
7,NORMAL,158.133331487122,54.032989462239,0,0,27.0822573990366,0,0,30.4561964619595,104.100342024883,0,20628.0982309798,1080.65978924478,-19547.438441735,1,1,mix_C100,0,0,1,1
8,NORMAL,179.434951368027,52.0212618251556,0,0,25.2760470184024,0,0,28.5734233313494,127.413689542872,0,19686.7116656747,1040.42523650311,-18646.2864291716,1,1,mix_C100,0,0,1,1
9,NORMAL,204.820843804893,43.9235438035653,0,0,17.1304191459709,0,0,20.994943402635,160.897300001327,0,15897.4717013175,878.470876071305,-15019.0008252462,1,1,mix_C100,0,0,1,1
10,NORMAL,233.9947898688,44.3275385926174,0,0,17.4755045416628,0,0,21.3729967964191,189.667251276183,0,16086.4983982096,886.550771852348,-15199.9476263572,1,1,mix_C100,0,0,1,1
11,NORMAL,254.1043898688,43.7201504533327,0,0,16.9566765394417,0,0,20.8045262461843,210.384239415467,0,15802.2631230921,874.403009066655,-14927.8601140255,1,1,mix_C100,0,0,1,1
12,NORMAL,221.578,43.2995780482252,0,0,16.9049331755965,0,0,20.7478050269866,178.278421951775,0,15773.9025134933,865.991560964503,-14907.9109525288,1,1,mix_C100,0,0,1,1
13,NORMAL,196.9996,42.9785531812369,0,0,16.6307146351922,0,0,20.4473351823884,154.021046818763,0,15623.6675911942,859.571063624738,-14764.0965275695,1,1,mix_C100,0,0,1,1
14,NORMAL,159.0148,42.8464515075976,0,0,16.5178720661218,0,0,20.3236729604568,116.168348492402,0,15561.8364802284,856.929030151952,-14704.9074500765,1,1,mix_C100,0,0,1,1
15,NORMAL,135.436,44.1333494462178,0,0,17.6171232361283,0,0,21.5280014710202,91.3026505537822,0,16164.0007355101,882.666988924355,-15281.3337465857,1,1,mix_C100,0,0,1,1
16,NORMAL,124.074470669534,43.6809395253928,0,0,16.9231674281976,0,0,20.7676630881262,80.3935311441408,0,15783.8315440631,873.618790507856,-14910.2127535553,1,1,mix_C100,0,0,1,1
17,NORMAL,115.865415331254,44.7612301685225,0,0,17.8459388180374,0,0,21.7786313530697,71.1041851627312,0,16289.3156765349,895.224603370451,-15394.0910731644,1,1,mix_C100,0,0,1,1
18,NORMAL,111.446227758567,43.4348324404445,0,0,16.7129395319793,0,0,20.5372747591779,68.0113953181221,0,15668.637379589,868.69664880889,-14799.9407307801,1,1,mix_C100,0,0,1,1
19,NORMAL,110.167470774166,43.7290798197537,0,0,16.9642789591763,0,0,20.8126154564419,66.4383909544127,0,15806.3077282209,874.581596395075,-14931.7261318259,1,1,mix_C100,0,0,1,1
20,NORMAL,109.854633421327,43.3598000612357,0,0,16.6488416144462,0,0,20.4669892447738,66.4948333600917,0,15633.4946223869,867.196001224714,-14766.2986211622,1,1,mix_C100,0,0,1,1
21,NORMAL,120.438633421327,44.741943091839,0,0,17.8294514491041,0,0,21.7604414875761,75.6966903294884,0,16280.2207437881,894.83886183678,-15385.3818819513,1,1,mix_C100,0,0,1,1
22,NORMAL,135.451470774166,51.5861351056054,0,0,24.8853290026696,0,0,28.165565870142,83.8653356685611,0,19482.782935071,1031.72270211211,-18451.0602329589,1,1,mix_C100,0,0,1,1
23,NORMAL,149.660359508325,51.7861143007426,0,0,25.0648740390166,0,0,28.3526714970511,97.8742452075826,0,19576.3357485255,1035.72228601485,-18540.6134625107,1,1,mix_C100,0,0,1,1
24,NORMAL,176.716251931771,51.0064054445578,0,0,24.6880416062936,0,0,27.9598413090345,125.709846487213,0,19379.9206545173,1020.12810889116,-18359.7925456261,1,1,mix_C100,0,0,1,1
25,NORMAL,211.253226442193,52.5414699508575,0,0,26.0663149340046,0,0,29.3969618001567,158.711756491335,0,20098.4809000784,1050.82939901715,-19047.6515010612,1,1,mix_C100,0,0,1,1
26,NORMAL,234.917611746144,52.586495880273,0,0,26.1067777292938,0,0,29.4396308649004,182.331115865871,0,20119.8154324502,1051.72991760546,-19068.0855148447,1,1,mix_C100,0,0,1,1
27,NORMAL,235.344559933185,51.695227988511,0,0,25.3066009595104,0,0,28.6060232724128,183.649331944674,0,19703.0116362064,1033.90455977022,-18669.1070764362,1,1,mix_C100,0,0,1,1
28,NORMAL,209.956409748643,51.9526236020074,0,0,25.5377368891721,0,0,28.8474401693405,158.003786146636,0,19823.7200846703,1039.05247204015,-18784.6676126301,1,1,mix_C100,0,0,1,1
29,NORMAL,173.53876448071,52.3262054562824,0,0,25.8731893919444,0,0,29.197608496443,121.212559024427,0,19998.8042482215,1046.52410912565,-18952.2801390959,1,1,mix_C100,0,0,1,1
30,NORMAL,149.387038948077,52.5880492161495,0,0,26.1083195049675,0,0,29.4432080154366,96.7989897319275,0,20121.6040077183,1051.76098432299,-19069.8430233953,1,1,mix_C100,0,0,1,1
31,NORMAL,119.828151936921,51.3664109350767,0,0,25.0115244326952,0,0,28.3003241298793,68.4617410018439,0,19550.1620649396,1027.32821870153,-18522.8338462381,1,1,mix_C100,0,0,1,1
32,NORMAL,103.495924044676,42.8609367563383,0,0,16.5304938708845,0,0,20.3398361167673,60.634987288338,0,15569.9180583837,857.218735126766,-14712.6993232569,1,1,mix_C100,0,0,1,1
33,NORMAL,99.4747257814166,43.2664550103452,0,0,16.8769173367283,0,0,20.719768829765,56.2082707710714,0,15759.8844148825,865.329100206903,-14894.5553146756,1,1,mix_C100,0,0,1,1
34,NORMAL,111.328,43.7447930503232,0,0,17.2855435519924,0,0,21.167875948036,67.5832069496769,0,15983.937974018,874.895861006463,-15109.0421130115,1,1,mix_C100,0,0,1,1
35,NORMAL,129.11085859082,43.9687809157251,0,0,17.1693983198193,0,0,21.0409454225665,85.1420776750949,0,15920.4727112832,879.375618314503,-15041.0970929687,1,1,mix_C100,0,0,1,1
36,NORMAL,139.385415331254,44.3008392942727,0,0,17.4530744511847,0,0,21.3521490135898,95.0845760369812,0,16076.0745067949,886.016785885453,-15190.0577209094,1,1,mix_C100,0,0,1,1
37,NORMAL,139.082227758567,43.8484079490697,0,0,17.0666469716718,0,0,20.929026817543,95.2338198094969,0,15864.5134087715,876.968158981394,-14987.5452497901,1,1,mix_C100,0,0,1,1
38,NORMAL,137.803470774166,43.9452558921206,0,0,17.1494084507437,0,0,21.0200622969703,93.8582148820459,0,15910.0311484852,878.905117842411,-15031.1260306428,1,1,mix_C100,0,0,1,1
39,NORMAL,123.966633421327,43.5225037074362,0,0,16.7883333136858,0,0,20.6247016140389,80.4441297138912,0,15712.3508070194,870.450074148723,-14841.9007328707,1,1,mix_C100,0,0,1,1
40,NORMAL,100.171470774166,43.8664018932484,0,0,17.0821221690806,0,0,20.9470036314146,56.305068880918,0,15873.5018157073,877.328037864968,-14996.1737778423,1,1,mix_C100,0,0,1,1
41,NORMAL,79.9974153312537,42.8397554012603,0,0,16.2052092392539,0,0,19.9862994665775,37.1576599299935,0,15393.1497332888,856.795108025206,-14536.3546252636,1,1,mix_C100,0,0,1,1
42,NORMAL,70.756,43.6777049945773,0,0,17.2285174951276,0,0,21.1081252771297,27.0782950054227,0,15954.0626385649,873.554099891546,-15080.5085386733,1,1,mix_C100,0,0,1,1
43,NORMAL,81.34,43.0264971334299,0,0,16.6722981674182,0,0,20.4988640975327,38.31350286657,0,15649.4320487664,860.529942668599,-14788.9021060978,1,1,mix_C100,0,0,1,1
44,NORMAL,111.328,43.2195228571942,0,0,16.8372133088906,0,0,20.6799421363585,68.1084771428059,0,15739.9710681793,864.390457143883,-14875.5806110354,1,1,mix_C100,0,0,1,1
45,NORMAL,186.9448,43.2859623599975,0,0,16.89400012866,0,0,20.7425160919811,143.658837640003,0,15771.2580459905,865.719247199949,-14905.5387987906,1,1,mix_C100,0,0,1,1
46,NORMAL,364.5796,42.4098696879284,0,0,16.1456888874265,0,0,19.9226733376871,322.169730312071,0,15361.3366688436,848.197393758569,-14513.139275085,1,1,mix_C100,0,0,1,1
47,NORMAL,576.31054904882,43.8021465419393,0,0,17.3349892210841,0,0,21.2265358273931,532.508402506881,0,16013.2679136966,876.042930838785,-15137.2249828578,1,1,mix_C100,0,0,1,1
0,NORMAL,327.969049616543,327.969049616543,183.242239985412,51.683708713834,0,168.582860786579,0,4.90152819036143,0,0,48310.6506839596,69745.7995320247,-26244.9453764255,1,1,mix_E80_H20,0.78,0.22,0,1
1,NORMAL,314.917570879358,282.982788895538,200,56.4102564102564,0,184,0,4.75666503637626,31.9347819838199,0,51938.3325181881,9137.47676497959,-70981.1423798577,1,1,mix_E80_H20,0.78,0.22,0,1
2,NORMAL,291.840438733695,283.17762296919,200,56.4102564102564,0,184,0,4.93899935418708,8.66281576450496,0,52029.4996770935,9141.37344645264,-71068.41285729,1,1,mix_E80_H20,0.78,0.22,0,1
3,NORMAL,232.456082987042,232.456082987042,165.743134364983,40,0,152.483683615785,0,4.88806266089401,0,0,44440.1153982353,7115.21290511692,-57307.2875556514,1,1,mix_E80_H20,0.805582819939736,0.194417180060264,0,1
4,NORMAL,189.034659350842,189.034659350842,126.649498346911,35.7216533798979,0,116.517538479158,0,4.84178395038508,0,0,35785.1012101904,5983.01460377996,-47647.1824290968,1,1,mix_E80_H20,0.78,0.22,0,1
5,NORMAL,158.383746939714,158.383746939714,102.675639584741,28.9597957803116,0,94.4615884179619,0,4.92114239170311,0,0,30531.3524161624,4953.11240983691,-40045.3847716881,1,1,mix_E80_H20,0.78,0.22,0,1
6,NORMAL,149.704634262795,149.704634262795,95.9596800618845,27.0655507866853,0,88.2829056569338,0,4.85664490119084,0,0,29016.2198082595,4662.74563141405,-37874.3306205727,1,1,mix_E80_H20,0.780000000000001,0.219999999999999,0,1
7,NORMAL,158.133331487122,158.133331487122,102.322427550657,28.8601718732622,0,94.1366333466045,0,5.1105670158543,0,0,41844.4715127048,4941.96205965995,-51319.8861366051,1,1,mix_E80_H20,0.78,0.22,0,1
8,NORMAL,179.434951368027,179.434951368027,119.097994517794,33.5917420434803,0,109.57015495637,0,4.91822048595489,0,0,47304.3660272708,5659.7065516195,-58425.7375865039,1,1,mix_E80_H20,0.78,0.22,0,1
9,NORMAL,204.820843804893,204.820843804893,138.861620934893,39.1660982124056,0,127.752691260101,0,4.96305011005965,0,0,53872.4939086662,6511.09617402668,-66927.1991315714,1,1,mix_E80_H20,0.78,0.22,0,1
10,NORMAL,233.9947898688,233.9947898688,167.142755817846,40,0,153.771335352418,0,5.01817374620185,0,0,63266.7675999714,7145.98704275208,-76103.1656197523,1,1,mix_E80_H20,0.80689645726653,0.19310354273347,0,1
11,NORMAL,254.1043898688,254.1043898688,186.419551083025,40.9213648718836,0,171.505986996383,0,4.93528492667786,0,0,69609.797782037,67604.9832888608,-22447.4762470359,1,1,mix_E80_H20,0.82,0.18,0,1
12,NORMAL,221.578,221.578,152.24301699935,42.9403381280217,0,140.063575639402,0,4.92701417753725,0,0,58286.3943189533,7078.92979827507,-72658.7238004156,1,1,mix_E80_H20,0.78,0.22,0,1
13,NORMAL,196.9996,196.9996,133.108373934085,37.5433875198701,0,122.459704019358,0,4.88320177512656,0,0,51927.0943345323,6254.62748211283,-64427.627501768,1,1,mix_E80_H20,0.78,0.22,0,1
14,NORMAL,159.0148,159.0148,103.495252035649,29.1909685228753,0,95.215631872797,0,4.86517000213155,0,0,42110.2124752727,4979.98579795779,-51712.8560116243,1,1,mix_E80_H20,0.78,0.22,0,1
15,NORMAL,135.436,135.436,88.9197737899105,20,0,81.8061918867177,0,5.0407739988108,0,0,37370.6160786238,3941.76562268804,-43420.0429872022,1,1,mix_E80_H20,0.816378612403502,0.183621387596498,0,1
16,NORMAL,124.074470669534,124.074470669534,77.3166985723384,20,0,71.1313626865514,0,4.929909164702,0,0,33472.2451495095,3714.53503607871,-39748.9026446973,1,1,mix_E80_H20,0.794485424460496,0.205514575539504,0,1
17,NORMAL,115.865415331254,115.865415331254,69.3810967049996,19.5690272757691,0,63.8306089685996,0,5.07731733344438,0,0,47513.6362272539,3523.78347775757,-53765.7487075871,1,1,mix_E80_H20,0.78,0.22,0,1
18,NORMAL,111.446227758567,111.446227758567,66.0849811830791,18.6393536670223,0,60.7981826884327,0,4.89631545209322,0,0,45543.0309928749,3378.08322761413,-51476.4163225402,1,1,mix_E80_H20,0.78,0.22,0,1
19,NORMAL,110.167470774166,110.167470774166,65.0540825325994,18.3485873809896,0,59.8497559299915,0,4.93646332538427,0,0,44975.0803392869,3334.58168311524,-50806.7121161833,1,1,mix_E80_H20,0.78,0.22,0,1
20,NORMAL,109.854633421327,109.854633421327,64.8520664801396,18.2916084943983,0,59.6639011617285,0,4.88606663429249,0,0,44834.6520374179,3324.81205772361,-50647.5890883985,1,1,mix_E80_H20,0.78,0.22,0,1
21,NORMAL,120.438633421327,120.438633421327,73.5261417785925,20,0,67.6440504363051,0,5.07466458362433,0,0,49876.6435623213,3641.81829111459,-56226.0178024733,1,1,mix_E80_H20,0.786156045575507,0.213843954424493,0,1
22,NORMAL,135.451470774166,135.451470774166,88.7506646712307,20,0,81.6506114975322,0,4.87654982986307,0,0,37232.4950540431,3942.07503817137,-43281.6125471383,1,1,mix_E80_H20,0.816093078047266,0.183906921952734,0,1
23,NORMAL,149.660359508325,149.660359508325,95.8925130123474,27.0466062342518,0,88.2211119713596,0,4.89566533815295,0,0,39607.4329787659,24660.6921614521,-28458.133327502,1,1,mix_E80_H20,0.78,0.22,0,1
24,NORMAL,176.716251931771,176.716251931771,117.310352712935,33.0875353805714,0,107.9255244959,0,4.8555315612048,0,0,33729.8916596184,5574.24707196287,-44684.8414062747,1,1,mix_E80_H20,0.78,0.22,0,1
25,NORMAL,211.253226442193,211.253226442193,144.77807142534,40,0,133.195825711313,0,5.0023548115439,0,0,39868.175576487,6691.15577421993,-53159.4048648001,1,1,mix_E80_H20,0.783524096276965,0.216475903723035,0,1
26,NORMAL,234.917611746144,234.917611746144,168.437893595165,40,0,154.962862107552,0,5.00671556665191,0,0,45094.4446891383,7164.44348029896,-57912.3862713724,1,1,mix_E80_H20,0.808096314398142,0.191903685601858,0,1
27,NORMAL,235.344559933185,235.344559933185,168.955932904184,40,0,155.439458271849,0,4.92155357810751,0,0,45166.2467742976,7172.98244403977,-57975.6493927908,1,1,mix_E80_H20,0.80857207812165,0.19142792187835,0,1
28,NORMAL,209.956409748643,209.956409748643,143.541523035808,40,0,132.058201192943,0,4.94621921932462,0,0,39567.0778959687,6665.21944034894,-52884.2435181527,1,1,mix_E80_H20,0.782065663734324,0.217934336265676,0,1
29,NORMAL,173.53876448071,173.53876448071,114.72688376477,32.3588646516017,0,105.548733063588,0,4.98199498283919,0,0,33222.6934266808,5465.7731103048,-43922.1026577433,1,1,mix_E80_H20,0.78,0.22,0,1
30,NORMAL,149.387038948077,149.387038948077,95.8677012047781,27.0396080321169,0,88.1982851083959,0,5.00708749072177,0,0,29071.1321713759,4654.79429512164,-37924.2343671973,1,1,mix_E80_H20,0.78,0.22,0,1
31,NORMAL,119.828151936921,119.828151936921,73.4732654345391,20,0,67.595404199776,0,4.89032848100669,0,0,32179.5097524227,3629.60866142645,-38541.0936222627,1,1,mix_E80_H20,0.786035077441407,0.213964922558593,0,1
32,NORMAL,103.495924044676,103.495924044676,60.1890753041935,16.9764058550289,0,55.3739492798581,0,4.86753779695611,0,0,27768.390639227,3116.55262731948,-33132.5649812332,1,1,mix_E80_H20,0.78,0.22,0,1
33,NORMAL,99.4747257814166,99.4747257814166,57.0064467240838,16.0787413837159,0,52.4459309861571,0,4.92293841529065,0,0,26742.0043626619,2980.78559970453,-31793.5088042147,1,1,mix_E80_H20,0.78,0.22,0,1
34,NORMAL,111.328,111.328,66.1976253913021,18.6711251103672,0,60.9018153599979,0,4.98827877954808,0,0,29818.7929193733,3377.67745439995,-35768.4557526255,1,1,mix_E80_H20,0.78,0.22,0,1
35,NORMAL,129.11085859082,129.11085859082,82.3114759949142,20,0,75.726557915321,0,4.9697725978471,0,0,35146.4471484391,3815.26279450444,-41322.3768852012,1,1,mix_E80_H20,0.804518507767455,0.195481492232545,0,1
36,NORMAL,139.385415331254,139.385415331254,87.7793673807694,24.7582831073965,0,80.7570179903079,0,5.01515055336476,0,0,36980.1017531932,24314.1129371674,-25034.2274795059,1,1,mix_E80_H20,0.78,0.22,0,1
37,NORMAL,139.082227758567,139.082227758567,87.5943640893115,24.7061026918571,0,80.5868149621666,0,4.9534567783301,0,0,36887.981775545,4304.83214406511,-44925.3210660592,1,1,mix_E80_H20,0.78,0.22,0,1
38,NORMAL,137.803470774166,137.803470774166,91.0076233327896,20,0,83.7270134661664,0,4.96673225599261,0,0,38025.0909758162,3989.11503817137,-44027.1684689113,1,1,mix_E80_H20,0.819832193505828,0.180167806494172,0,1
39,NORMAL,123.966633421327,123.966633421327,77.2324630275771,20,0,71.0538659853709,0,4.90908573172159,0,0,33433.9346205943,3712.37829111459,-39712.7488607462,1,1,mix_E80_H20,0.79430738071165,0.20569261928835,0,1
40,NORMAL,100.171470774166,100.171470774166,57.2420090189989,16.1451820309997,0,52.662648297479,0,4.95608262387035,0,0,26836.5946990276,2998.81671702462,-31903.2590882061,1,1,mix_E80_H20,0.78,0.22,0,1
41,NORMAL,79.9974153312537,79.9974153312537,41.623037952013,11.7398312172344,0,38.2931949158519,0,4.81600085251663,0,0,31549.7812740865,2323.73568130044,-35090.7912915842,1,1,mix_E80_H20,0.78,0.22,0,1
42,NORMAL,70.756,70.756,34.5593137504292,9.74749875012105,0,31.7945686503949,0,4.97957890339303,0,0,27602.4220149414,2016.07553329969,-30455.8033171786,1,1,mix_E80_H20,0.78,0.22,0,1
43,NORMAL,81.34,81.34,42.8889248065109,12.0968762274774,0,39.45781082199,0,4.89074320747165,0,0,32309.2143133696,2372.6000140245,-35979.7252701265,1,1,mix_E80_H20,0.78,0.22,0,1
44,NORMAL,111.328,111.328,66.2576385523233,18.6880518993732,0,60.9570274681374,0,4.91714819932321,0,0,45651.9311299068,3378.72102955445,-51609.0063283993,1,1,mix_E80_H20,0.78,0.22,0,1
45,NORMAL,186.9448,186.9448,125.231213459557,35.3216243091057,0,115.212716382792,0,4.92627377161361,0,0,79295.021043138,25916.5547120287,-71023.7237805762,1,1,mix_E80_H20,0.78,0.22,0,1
46,NORMAL,364.5796,282.674437210758,200,56.4102564102564,0,184,0,4.80673088910175,81.9051627892416,0,74043.3654445509,29131.309731284,-73092.342339916,1,1,mix_E80_H20,0.78,0.22,0,1
47,NORMAL,576.31054904882,282.877413731112,200,56.4102564102564,0,184,0,4.99685201301967,293.433135317709,0,74138.4260065098,9135.36926169106,-93183.3433714679,1,1,mix_E80_H20,0.78,0.22,0,1
0,NORMAL,327.969049616543,327.969049616543,163.157894736842,100,0,150.105263157895,0,4.90152819036143,0,0,43876.0272530754,112724.609105771,6338.28020765672,1,1,mix_E60_H40,0.62,0.38,0,1
1,NORMAL,314.917570879358,314.917570879358,163.157894736842,100,0,150.105263157895,0,4.75666503637626,0,0,43803.5956760829,12463.5795310274,-89598.9207079953,1,1,mix_E60_H40,0.62,0.38,0,1
2,NORMAL,291.840438733695,291.840438733695,163.157894736842,100,0,150.105263157895,0,4.93899935418708,0,0,43894.7628349883,12002.0368881141,-82480.0268456168,1,1,mix_E60_H40,0.62,0.38,0,1
3,NORMAL,232.456082987042,232.456082987042,127.56074330629,78.1823910586937,0,117.355883841787,0,4.88806266089401,0,0,36009.4434524758,9469.24441305118,-65596.9651205335,1,1,mix_E60_H40,0.62,0.38,0,1
4,NORMAL,189.034659350842,189.034659350842,100.670114070621,61.7010376561872,0,92.6165049449716,0,4.84178395038508,0,0,30048.8531619857,7584.70290688042,-53287.4975851999,1,1,mix_E60_H40,0.62,0.38,0,1
5,NORMAL,158.383746939714,158.383746939714,76.3485525117306,55.2868828533222,0,70.2406683107922,0,4.92114239170311,0,0,24718.3315904417,6576.23738351204,-45761.1887589856,1,1,mix_E60_H40,0.58,0.42,0,1
6,NORMAL,149.704634262795,149.704634262795,76.2756431261133,46.7495877224565,0,70.1735916760242,0,4.85664490119084,0,0,24669.9844528412,5876.31141043817,-42147.8796270229,1,1,mix_E60_H40,0.62,0.38,0,1
7,NORMAL,158.133331487122,158.133331487122,81.3332116428299,49.8493877810893,0,74.8265547114035,0,5.1105670158543,0,0,34892.8432040324,6235.99509959997,-53559.5896487638,1,1,mix_E60_H40,0.62,0.38,0,1
8,NORMAL,179.434951368027,179.434951368027,94.66763666799,58.0220998932842,0,87.0942257345508,0,4.91822048595489,0,0,39213.0315074157,7165.89384198966,-61032.6362205351,1,1,mix_E60_H40,0.62,0.38,0,1
9,NORMAL,204.820843804893,204.820843804893,110.377185871325,67.6505332759733,0,101.547011001619,0,4.96305011005965,0,0,44438.4490156126,28267.2265725204,-49966.6975832473,1,1,mix_E60_H40,0.62,0.38,0,1
10,NORMAL,233.9947898688,233.9947898688,128.428508607064,78.7142472107813,0,118.154227918499,0,5.01817374620185,0,0,50444.6089237606,9532.80869569791,-80234.2601698939,1,1,mix_E60_H40,0.62,0.38,0,1
11,NORMAL,254.1043898688,254.1043898688,131.857731253847,95.4831847010619,0,121.309112753539,0,4.93528492667786,0,0,51538.9230546131,30968.8439441739,-68269.6232027787,1,1,mix_E60_H40,0.58,0.42,0,1
12,NORMAL,221.578,221.578,121.01368017897,74.1696749484012,0,111.332585764653,0,4.92701417753725,0,0,47943.2379640436,9004.28965156604,-75991.1234320241,1,1,mix_E60_H40,0.62,0.38,0,1
13,NORMAL,196.9996,196.9996,105.804092101452,64.847669352503,0,97.3397647333361,0,4.88320177512656,0,0,42883.9161915643,7937.99874183125,-67341.1949349714,1,1,mix_E60_H40,0.62,0.38,0,1
14,NORMAL,159.0148,159.0148,76.958007923944,55.7282126345802,0,70.8013672900285,0,4.86517000213155,0,0,33321.077225476,6616.06743246487,-54544.5748857837,1,1,mix_E60_H40,0.58,0.42,0,1
15,NORMAL,135.436,135.436,67.5302597497445,41.389514040166,0,62.127838969765,0,5.0407739988108,0,0,30286.4090285208,5260.47795562059,-45702.4612504431,1,1,mix_E60_H40,0.62,0.38,0,1
16,NORMAL,124.074470669534,124.074470669534,60.3363531148498,36.9803454574886,0,55.5094448656618,0,4.929909164702,0,0,27848.3547339893,4761.41206798306,-41560.830232932,1,1,mix_E60_H40,0.62,0.38,0,1
17,NORMAL,115.865415331254,115.865415331254,55.1490768680766,33.8010471126921,0,50.7371507186304,0,5.07731733344438,0,0,39395.6921122731,4401.21996585393,-51880.110619485,1,1,mix_E60_H40,0.62,0.38,0,1
18,NORMAL,111.446227758567,111.446227758567,52.5290876070628,32.1952472430385,0,48.3267605984978,0,4.89631545209322,0,0,37810.7492971152,4213.83498939072,-49680.3599975707,1,1,mix_E60_H40,0.62,0.38,0,1
19,NORMAL,110.167470774166,110.167470774166,51.7096553464252,31.6930145671638,0,47.5728829187112,0,4.93646332538427,0,0,37363.4190722931,4157.29605957481,-49038.6735345566,1,1,mix_E60_H40,0.62,0.38,0,1
20,NORMAL,109.854633421327,109.854633421327,51.5490784842135,31.5945964903244,0,47.4251522054765,0,4.88606663429249,0,0,37246.6276845417,4144.97161357602,-48885.0408950911,1,1,mix_E60_H40,0.62,0.38,0,1
21,NORMAL,120.438633421327,120.438633421327,57.9862079027274,35.5399338758652,0,53.3473112705092,0,5.07466458362433,0,0,41012.6652795279,4599.89066323944,-54167.0907114009,1,1,mix_E60_H40,0.62,0.38,0,1
22,NORMAL,135.451470774166,135.451470774166,66.7250446318483,40.8959950969393,0,61.3870410613005,0,4.87654982986307,0,0,29937.6096969997,25230.360802471,-25509.6177953677,1,1,mix_E60_H40,0.62,0.38,0,1
23,NORMAL,149.660359508325,149.660359508325,76.2222539328915,46.7168653137077,0,70.1244736182602,0,4.89566533815295,0,0,33092.6431716501,5873.4085042052,-50557.09445777,1,1,mix_E60_H40,0.62,0.38,0,1
24,NORMAL,176.716251931771,176.716251931771,97.8947368421053,60,0,90.0631578947368,0,4.8555315612048,0,0,29442.9236753392,7458.3673691575,-49219.8112518088,1,1,mix_E60_H40,0.62,0.38,0,1
25,NORMAL,211.253226442193,211.253226442193,107.171281426697,77.6067899986427,0,98.5975789125613,0,5.0023548115439,0,0,31564.5963447867,29009.7001637787,-41324.1152115084,1,1,mix_E60_H40,0.58,0.42,0,1
26,NORMAL,234.917611746144,234.917611746144,129.231494029002,79.2063995661626,0,118.892974506682,0,5.00671556665191,0,0,36437.6716649296,9581.60744861971,-66424.3836050077,1,1,mix_E60_H40,0.62,0.38,0,1
27,NORMAL,235.344559933185,235.344559933185,129.552678400594,79.4032545035899,0,119.188464128547,0,4.92155357810751,0,0,36466.0081799049,9602.28296830549,-66530.3853793256,1,1,mix_E60_H40,0.62,0.38,0,1
28,NORMAL,209.956409748643,209.956409748643,113.795744282201,69.7457787536069,0,104.692084739625,0,4.94621921932462,0,0,32999.2099471722,8499.11455462803,-59342.2705810644,1,1,mix_E60_H40,0.62,0.38,0,1
29,NORMAL,173.53876448071,173.53876448071,91.1931640181503,55.8925843982212,0,83.8977108966983,0,4.98199498283919,0,0,28026.4481066272,6916.68061626161,-49031.4460800001,1,1,mix_E60_H40,0.62,0.38,0,1
30,NORMAL,149.387038948077,149.387038948077,76.2025317268749,46.7047775100201,0,70.1063291887249,0,5.00708749072177,0,0,24729.0627506549,5867.19685232899,-42193.6871099547,1,1,mix_E60_H40,0.62,0.38,0,1
31,NORMAL,119.828151936921,119.828151936921,57.9534245694143,35.5198408651249,0,53.3171506038611,0,4.89032848100669,0,0,27039.3384578934,4586.44225360431,-40197.1746424595,1,1,mix_E60_H40,0.62,0.38,0,1
32,NORMAL,103.495924044676,103.495924044676,47.8425983187179,29.3228828405045,0,44.0151904532205,0,4.86753779695611,0,0,23679.2374616374,3877.74109744744,-34450.0247657525,1,1,mix_E60_H40,0.62,0.38,0,1
33,NORMAL,99.4747257814166,99.4747257814166,45.3128166268358,27.7723714809639,0,41.6877912966889,0,4.92293841529065,0,0,22869.0740744533,3701.72456994176,-33041.3050303199,1,1,mix_E60_H40,0.62,0.38,0,1
34,NORMAL,111.328,111.328,52.6186253110349,32.2501251906343,0,48.4091352861522,0,4.98827877954808,0,0,25321.4280927888,4214.85378487265,-37217.4348047699,1,1,mix_E60_H40,0.62,0.38,0,1
35,NORMAL,129.11085859082,129.11085859082,63.4331151168468,38.8783608780674,0,58.3584659074991,0,4.9697725978471,0,0,28893.9340256232,4979.15680671575,-43336.8366605491,1,1,mix_E60_H40,0.62,0.38,0,1
36,NORMAL,139.385415331254,139.385415331254,65.2631578947368,40,0,60.0421052631579,0,5.01515055336476,0,0,29522.7331714192,5253.79955200116,-46649.355165375,1,1,mix_E60_H40,0.62,0.38,0,1
37,NORMAL,139.082227758567,139.082227758567,68.9862850902214,42.2819166682002,0,63.4673822830037,0,4.9534567783301,0,0,30724.9860110464,25388.4211685006,-26799.1895084421,1,1,mix_E60_H40,0.62,0.38,0,1
38,NORMAL,137.803470774166,137.803470774166,68.8247264663295,42.18289686646,0,63.3187483490232,0,4.96673225599261,0,0,30678.1155336446,5356.74123215781,-46394.2465074549,1,1,mix_E60_H40,0.62,0.38,0,1
39,NORMAL,123.966633421327,123.966633421327,65.2631578947368,40,0,60.0421052631579,0,4.90908573172159,0,0,29469.7007605976,5186.34475981742,-41332.4240960454,1,1,mix_E60_H40,0.62,0.38,0,1
40,NORMAL,100.171470774166,100.171470774166,45.5000584509991,27.8871325989995,0,41.8600537749192,0,4.95608262387035,0,0,22947.6606709061,3722.73475450919,-33156.2114634749,1,1,mix_E60_H40,0.62,0.38,0,1
41,NORMAL,79.9974153312537,79.9974153312537,32.6315789473684,20,0,30.021052631579,0,4.81600085251663,0,0,26421.0530578373,2832.99392931311,-33820.321481433,1,1,mix_E60_H40,0.62,0.38,0,1
42,NORMAL,70.756,70.756,27.4702237503412,16.8365887502091,0,25.2726058503139,0,4.97957890339303,0,0,23558.8050788911,2453.1341029722,-29516.5509645736,1,1,mix_E60_H40,0.62,0.38,0,1
43,NORMAL,81.34,81.34,32.6315789473684,20,0,30.0210526315789,0,4.89074320747165,0,0,26458.4242353148,2859.84562268804,-34365.8404547475,1,1,mix_E60_H40,0.62,0.38,0,1
44,NORMAL,111.328,111.328,52.6663280800518,32.2793623716447,0,48.4530218336477,0,4.91714819932321,0,0,37899.4476365232,24216.6563237759,-29808.2575248284,1,1,mix_E60_H40,0.62,0.38,0,1
45,NORMAL,186.9448,186.9448,97.8947368421053,60,0,90.0631578947368,0,4.92627377161361,0,0,63702.2947805437,27438.0328680641,-67114.0824767186,1,1,mix_E60_H40,0.62,0.38,0,1
46,NORMAL,364.5796,292.576739163407,163.157894736842,100,0,150.105263157895,0,4.80673088910175,72.0028608365931,0,61841.260181393,52016.7628967083,-60820.3948053487,1,1,mix_E60_H40,0.62,0.38,0,1
47,NORMAL,576.31054904882,289.625052057697,163.157894736842,100,0,150.105263157895,0,4.99685201301967,286.685496991123,0,61936.3207433519,11957.7291545941,-99934.5542450903,1,1,mix_E60_H40,0.62,0.38,0,1
0,NORMAL,327.969049616543,265.456894020746,72.4137931034483,100,0,66.6206896551724,0,4.90152819036143,62.5121555957973,0,23839.7296124221,111474.365993855,15817.6737251005,1,1,mix_E40_H60,0.42,0.58,0,1
1,NORMAL,314.917570879358,198.98632558873,72.4137931034483,100,0,66.6206896551724,0,4.75666503637626,115.931245290628,0,23767.2980354295,10144.9546252148,-63578.3060665473,1,1,mix_E40_H60,0.42,0.58,0,1
2,NORMAL,291.840438733695,199.181159662382,72.4137931034483,100,0,66.6206896551724,0,4.93899935418708,92.6592790713131,0,23858.4651943349,10148.8513066878,-63665.5765439796,1,1,mix_E40_H60,0.42,0.58,0,1
3,NORMAL,232.456082987042,199.126741725507,72.4137931034483,100,0,66.6206896551724,0,4.88806266089401,33.3293412615351,0,23832.9968476884,10147.7629479503,-63641.1965560706,1,1,mix_E40_H60,0.42,0.58,0,1
4,NORMAL,189.034659350842,189.034659350842,68.1958837252596,94.1752680015489,0,62.7402130272388,0,4.84178395038508,0,0,22878.5431017299,9586.81328575599,-60337.8915303288,1,1,mix_E40_H60,0.42,0.58,0,1
5,NORMAL,158.383746939714,158.383746939714,55.2868828533222,76.3485525117306,0,50.8639322250564,0,4.92114239170311,0,0,20067.9149298651,7874.73736245214,-50333.8319488235,1,1,mix_E40_H60,0.42,0.58,0,1
6,NORMAL,149.704634262795,149.704634262795,57.9310344827586,80,0,53.2965517241379,0,4.85664490119084,0,0,20619.4948643885,8373.44928503371,-46766.2747980382,1,1,mix_E40_H60,0.42,0.58,0,1
7,NORMAL,158.133331487122,158.133331487122,48.1599188756535,66.5065546378072,0,44.3071253656012,0,5.1105670158543,0,0,23905.8486395436,7262.94743355299,-55311.4317112497,1,1,mix_E40_H60,0.42,0.58,0,1
8,NORMAL,179.434951368027,179.434951368027,64.1296893557351,88.560047205539,0,58.9993142072763,0,4.91822048595489,0,0,29098.8633575969,29048.6279549523,-44291.2595130741,1,1,mix_E40_H60,0.42,0.58,0,1
9,NORMAL,204.820843804893,199.206917761043,72.4137931034483,100,0,66.6206896551724,0,4.96305011005965,5.61392604384989,0,31864.9733308919,10149.3664686611,-71671.5695185634,1,1,mix_E40_H60,0.42,0.58,0,1
10,NORMAL,233.9947898688,199.265827154403,72.4137931034483,100,0,66.6206896551724,0,5.01817374620185,34.7289627143973,0,31892.535148963,10150.5446565283,-71697.9531487674,1,1,mix_E40_H60,0.42,0.58,0,1
11,NORMAL,254.1043898688,199.177267017339,72.4137931034483,100,0,66.6206896551724,0,4.93528492667786,54.9271228514608,0,31851.090739201,10148.773453787,-71658.2799417466,1,1,mix_E40_H60,0.42,0.58,0,1
12,NORMAL,221.578,198.808437976077,72.4137931034483,100,0,66.6206896551724,0,4.92701417753725,22.7695620239231,0,31846.9553646307,10141.3968729617,-71661.5211480016,1,1,mix_E40_H60,0.42,0.58,0,1
13,NORMAL,196.9996,196.9996,71.6737398106612,98.978021643294,0,65.9398406258083,0,4.88320177512656,0,0,31579.9435128543,10042.2128164793,-70983.1542264757,1,1,mix_E40_H60,0.42,0.58,0,1
14,NORMAL,159.0148,159.0148,55.7282126345802,76.958007923944,0,51.2699556238138,0,4.86517000213155,0,0,26289.7690256387,7924.93274007053,-56809.9499851111,1,1,mix_E40_H60,0.42,0.58,0,1
15,NORMAL,135.436,135.436,57.9310344827586,80,0,53.2965517241379,0,5.0407739988108,0,0,27107.1456200951,8511.2403115376,-47963.9307384463,1,1,mix_E40_H60,0.42,0.58,0,1
16,NORMAL,124.074470669534,124.074470669534,27.3719280917991,37.7993292696273,0,25.1821738444552,0,4.929909164702,0,0,16930.5371663549,4811.90428821357,-41598.3963875976,1,1,mix_E40_H60,0.42,0.58,0,1
17,NORMAL,115.865415331254,115.865415331254,43.448275862069,60,0,39.9724137931034,0,5.07731733344438,0,0,32721.5552184463,6451.3897311282,-50948.1023413164,1,1,mix_E40_H60,0.42,0.58,0,1
18,NORMAL,111.446227758567,111.446227758567,28.8371582656895,39.8227423669046,0,26.5301856044344,0,4.89631545209322,0,0,24296.8728007959,4684.08746311859,-44802.260383017,1,1,mix_E40_H60,0.42,0.58,0,1
19,NORMAL,110.167470774166,110.167470774166,35.0291213637074,48.3735485498816,0,32.2267916546108,0,4.93646332538427,0,0,27848.8424885508,25185.6890301493,-26828.6253075234,1,1,mix_E40_H60,0.42,0.58,0,1
20,NORMAL,109.854633421327,109.854633421327,43.448275862069,60,0,39.9724137931035,0,4.88606663429249,0,0,32625.9298688704,6505.3675631166,-48677.6172595814,1,1,mix_E40_H60,0.42,0.58,0,1
21,NORMAL,120.438633421327,120.438633421327,29.831747001011,41.1962220490152,0,27.4452072409302,0,5.07466458362433,0,0,24953.3607811889,4948.61373186769,-48001.2389919189,1,1,mix_E40_H60,0.42,0.58,0,1
22,NORMAL,135.451470774166,135.451470774166,57.9310344827586,80.0000000000001,0,53.296551724138,0,4.87654982986307,0,0,27025.0335356212,28516.6230005814,-27814.6666342109,1,1,mix_E40_H60,0.42,0.58,0,1
23,NORMAL,149.660359508325,149.660359508325,38.0546457945503,52.5516537162838,0,35.0102741309863,0,4.89566533815295,0,0,20451.5313562315,6233.13651916057,-51129.5933687578,1,1,mix_E40_H60,0.42,0.58,0,1
24,NORMAL,176.716251931771,176.716251931771,63.1671129992727,87.2307750942337,0,58.1137439593309,0,4.8555315612048,0,0,21775.0643308418,28912.3013083169,-36439.7364534297,1,1,mix_E40_H60,0.42,0.58,0,1
25,NORMAL,211.253226442193,198.888948120301,72.4137931034483,100,0,66.6206896551724,0,5.0023548115439,12.3642783218916,0,23890.1429230133,10143.0070758462,-63703.0985034996,1,1,mix_E40_H60,0.42,0.58,0,1
26,NORMAL,234.917611746144,198.893511254427,72.4137931034483,100,0,66.6206896551724,0,5.00671556665191,36.0241004917164,0,23892.3233005673,10143.0983385287,-63705.1876183711,1,1,mix_E40_H60,0.42,0.58,0,1
27,NORMAL,235.344559933185,198.802420132449,72.4137931034483,100,0,66.6206896551724,0,4.92155357810751,36.5421398007358,0,23849.7423062951,10141.2765160892,-63664.4284465385,1,1,mix_E40_H60,0.42,0.58,0,1
28,NORMAL,209.956409748643,198.828679816284,72.4137931034483,100,0,66.6206896551724,0,4.94621921932462,11.1277299323595,0,23862.0751269037,10141.8017097659,-63676.2360734703,1,1,mix_E40_H60,0.42,0.58,0,1
29,NORMAL,173.53876448071,173.53876448071,61.776014334876,85.3097340814954,0,56.8339331880859,0,4.98199498283919,0,0,21531.1414565602,8730.31499870762,-55418.1253578211,1,1,mix_E40_H60,0.42,0.58,0,1
30,NORMAL,149.387038948077,149.387038948077,51.6210698794959,71.2862393573991,0,47.4913842891362,0,5.00708749072177,0,0,19301.4759747536,7382.70004883818,-47530.5030384016,1,1,mix_E40_H60,0.42,0.58,0,1
31,NORMAL,119.828151936921,119.828151936921,57.9310344827586,80,0,53.2965517241379,0,4.89032848100669,0,0,27031.922861193,8662.47860093716,-42095.4292698143,1,1,mix_E40_H60,0.42,0.58,0,1
32,NORMAL,103.495924044676,103.495924044676,11.7200139979513,16.1847812352661,0,10.7824128781152,0,4.86753779695611,0,0,11715.4375345995,3067.74716370895,-32971.7387562968,1,1,mix_E40_H60,0.42,0.58,0,1
33,NORMAL,99.4747257814166,99.4747257814166,30.6957790052759,42.3894091025238,0,28.2401166848538,0,4.92293841529065,0,0,18027.9112141927,24602.8982827384,-14601.0503129511,1,1,mix_E40_H60,0.42,0.58,0,1
34,NORMAL,111.328,111.328,43.448275862069,60,0,39.9724137931034,0,4.98827877954808,0,0,22284.2083552913,6483.08262887611,-38988.2872148897,1,1,mix_E40_H60,0.42,0.58,0,1
35,NORMAL,129.11085859082,129.11085859082,34.3243926033289,47.4003516903114,0,31.5784411950626,0,4.9697725978471,0,0,19253.1251291461,5504.556980097,-44214.2862437562,1,1,mix_E40_H60,0.42,0.58,0,1
36,NORMAL,139.385415331254,139.385415331254,47.2658132050297,65.2718372831362,0,43.4845481486273,0,5.01515055336476,0,0,23562.0126101882,26811.8659689639,-29357.32129949,1,1,mix_E40_H60,0.42,0.58,0,1
37,NORMAL,139.082227758567,139.082227758567,57.9310344827586,80,0,53.2965517241379,0,4.9534567783301,0,0,27063.4870098547,8482.74407697119,-49183.6109606319,1,1,mix_E40_H60,0.42,0.58,0,1
38,NORMAL,137.803470774166,137.803470774166,34.6954029801951,47.9126993536028,0,31.9197707417795,0,4.96673225599261,0,0,19374.4835950369,5709.99662593973,-46961.6392631414,1,1,mix_E40_H60,0.42,0.58,0,1
39,NORMAL,123.966633421327,123.966633421327,43.448275862069,60,0,39.9724137931035,0,4.90908573172159,0,0,22244.6118313781,6364.94392152542,-43582.838078843,1,1,mix_E40_H60,0.42,0.58,0,1
40,NORMAL,100.171470774166,100.171470774166,27.929942800017,38.5699210095473,0,25.6955473760156,0,4.95608262387035,0,0,17128.4383673008,4381.35302889562,-34285.4680993207,1,1,mix_E40_H60,0.42,0.58,0,1
41,NORMAL,79.9974153312537,79.9974153312537,28.9655172413793,40,0,26.648275862069,0,4.81600085251663,0,0,24329.9314607411,4534.11899416511,-34079.1250227618,1,1,mix_E40_H60,0.42,0.58,0,1
42,NORMAL,70.756,70.756,11.3477951113997,15.6707646776472,0,10.4399715024877,0,4.97957890339303,0,0,14362.5717832389,2381.25838949736,-25508.8672504157,1,1,mix_E40_H60,0.42,0.58,0,1
43,NORMAL,81.34,81.34,23.0940364342751,31.8917645997132,0,21.2465135195331,0,4.89074320747165,0,0,21018.2099858463,23593.0000369737,-13357.0479627508,1,1,mix_E40_H60,0.42,0.58,0,1
44,NORMAL,111.328,111.328,43.448275862069,60,0,39.9724137931035,0,4.91714819932321,0,0,32641.4706513858,26480.7744303753,-29375.9610386002,1,1,mix_E40_H60,0.42,0.58,0,1
45,NORMAL,186.9448,186.9448,58.8215703976234,81.229787691956,0,54.1158447658135,0,4.92627377161361,0,0,41414.9606406112,48746.8977072723,-40005.4981147605,1,1,mix_E40_H60,0.42,0.58,0,1
46,NORMAL,364.5796,198.67797390395,72.4137931034483,100,0,66.6206896551724,0,4.80673088910175,165.90162609605,0,31786.8137204129,10138.7875915192,-71603.9887852262,1,1,mix_E40_H60,0.42,0.58,0,1
47,NORMAL,576.31054904882,198.880950424303,72.4137931034483,100,0,66.6206896551724,0,4.99685201301967,377.429598624517,0,31881.8742823719,10142.8471219263,-71694.9898167782,1,1,mix_E40_H60,0.42,0.58,0,1
0,NORMAL,327.969049616543,221.248229219926,28.2051282051282,100,0,25.948717948718,0,4.90152819036143,106.720820396617,0,14078.456402873,110590.192724914,24694.7736657081,1,1,mix_E20_H80,0.22,0.78,0,1
1,NORMAL,314.917570879358,154.77766069041,28.2051282051282,100,0,25.9487179487179,0,4.75666503637626,160.139910188948,0,14006.0248258804,9260.78132724839,-54701.2061549646,1,1,mix_E20_H80,0.22,0.78,0,1
2,NORMAL,291.840438733695,154.972494764062,28.2051282051282,100,0,25.9487179487179,0,4.93899935418708,136.867943969633,0,14097.1919847858,9264.67800872144,-54788.476632397,1,1,mix_E20_H80,0.22,0.78,0,1
3,NORMAL,232.456082987042,154.918076827187,28.2051282051282,100,0,25.9487179487179,0,4.88806266089401,77.5380061598552,0,14071.7236381393,9263.58964998394,-54764.096644488,1,1,mix_E20_H80,0.22,0.78,0,1
4,NORMAL,189.034659350842,154.868635829162,28.2051282051282,100,0,25.9487179487179,0,4.84178395038508,34.1660235216803,0,14048.5842828848,9262.60083002343,-54741.946109194,1,1,mix_E20_H80,0.22,0.78,0,1
5,NORMAL,158.383746939714,154.953439779789,28.2051282051282,100,0,25.9487179487179,0,4.92114239170311,3.43030715992458,0,14088.2635035439,9264.29690903598,-54779.9292508404,1,1,mix_E20_H80,0.22,0.78,0,1
6,NORMAL,149.704634262795,149.704634262795,28.2051282051282,100,0,25.9487179487179,0,4.85664490119084,0,0,14056.0147582877,9314.71771939284,-52805.2340292003,1,1,mix_E20_H80,0.22,0.78,0,1
7,NORMAL,158.133331487122,158.133331487122,28.2051282051282,100,0,25.948717948718,0,5.1105670158543,0,0,17296.8219694656,9327.89474318263,-58906.41326989,1,1,mix_E20_H80,0.22,0.78,0,1
8,NORMAL,179.434951368027,157.712370249111,28.2051282051282,100,0,25.948717948718,0,4.91822048595489,21.7225811189166,0,17200.6487045159,9319.47551842241,-58747.6381211787,1,1,mix_E20_H80,0.22,0.78,0,1
9,NORMAL,204.820843804893,154.998252862723,28.2051282051282,100,0,25.9487179487179,0,4.96305011005965,49.82259094217,0,17223.0635165683,9265.19317069465,-57913.8330022062,1,1,mix_E20_H80,0.22,0.78,0,1
10,NORMAL,233.9947898688,155.057162256083,28.2051282051282,100,0,25.9487179487179,0,5.01817374620185,78.9376276127174,0,17250.6253346394,9266.37135856185,-57940.2166324101,1,1,mix_E20_H80,0.22,0.78,0,1
11,NORMAL,254.1043898688,154.968602119019,28.2051282051282,100,0,25.9487179487179,0,4.93528492667786,99.1357877497809,0,17209.1809248774,9264.60015582058,-57900.5434253894,1,1,mix_E20_H80,0.22,0.78,0,1
12,NORMAL,221.578,154.599773077757,28.2051282051282,100,0,25.9487179487179,0,4.92701417753725,66.9782269222432,0,17205.0455503071,9257.22357499534,-57903.7846316444,1,1,mix_E20_H80,0.22,0.78,0,1
13,NORMAL,196.9996,154.552966751173,28.2051282051282,100,0,25.9487179487179,0,4.88320177512656,42.446633248827,0,17183.1393491017,9256.28744846366,-57882.8145569707,1,1,mix_E20_H80,0.22,0.78,0,1
14,NORMAL,159.0148,154.533707646604,28.2051282051282,100,0,25.9487179487179,0,4.86517000213155,4.48109235339601,0,17174.1234626042,9255.90226637228,-57874.1838525646,1,1,mix_E20_H80,0.22,0.78,0,1
15,NORMAL,135.436,135.436,28.2051282051282,100,0,25.9487179487179,0,5.0407739988108,0,0,17261.9254609439,9452.50874589673,-50721.1499165581,1,1,mix_E20_H80,0.22,0.78,0,1
16,NORMAL,124.074470669534,124.074470669534,16.9230769230769,60,0,15.5692307692308,0,4.929909164702,0,0,13469.8776592741,6180.62628145479,-43985.5863482978,1,1,mix_E20_H80,0.22,0.78,0,1
17,NORMAL,115.865415331254,115.865415331254,19.5690272757691,69.3810967049995,0,18.0035050937076,0,5.07731733344438,0,0,19100.8318248209,26594.8111860948,-27166.0153992296,1,1,mix_E20_H80,0.22,0.78,0,1
18,NORMAL,111.446227758567,111.446227758567,18.6393536670223,66.084981183079,0,17.1482053736605,0,4.89631545209322,0,0,18480.0450577161,6303.21439383218,-45190.2191851473,1,1,mix_E20_H80,0.22,0.78,0,1
19,NORMAL,110.167470774166,110.167470774166,18.3485873809896,65.0540825325994,0,16.8807003905104,0,4.93646332538427,0,0,18334.2659048086,6214.08200072374,-44618.57708049,1,1,mix_E20_H80,0.22,0.78,0,1
20,NORMAL,109.854633421327,109.854633421327,18.2916084943983,64.8520664801396,0,16.8282798148465,0,4.88606663429249,0,0,18276.5668023511,6195.37050320704,-44478.6704118226,1,1,mix_E20_H80,0.22,0.78,0,1
21,NORMAL,120.438633421327,120.438633421327,20.5757511912903,72.9503905873022,0,18.9296910959871,0,5.07466458362433,0,0,19673.7407713242,6906.33065777933,-49210.4799929863,1,1,mix_E20_H80,0.22,0.78,0,1
22,NORMAL,135.451470774166,135.451470774166,23.9251462276708,84.8255184435599,0,22.0111345294571,0,4.87654982986307,0,0,15762.2833455361,27938.7161259371,-30198.9715363043,1,1,mix_E20_H80,0.22,0.78,0,1
23,NORMAL,149.660359508325,149.660359508325,27.0466062342518,95.8925130123474,0,24.8828777355117,0,4.89566533815295,0,0,16805.6686538607,8905.19936108805,-55804.4972834398,1,1,mix_E20_H80,0.22,0.78,0,1
24,NORMAL,176.716251931771,155.498684150605,28.2051282051282,100,0,25.9487179487179,0,4.8555315612048,21.2175677811659,0,14055.4580882947,9275.20179645229,-55057.6910263175,1,1,mix_E20_H80,0.22,0.78,0,1
25,NORMAL,211.253226442193,154.680283221981,28.2051282051282,100,0,25.9487179487179,0,5.0023548115439,56.5729432202116,0,14128.8697134643,9258.83377787982,-54825.9985919169,1,1,mix_E20_H80,0.22,0.78,0,1
26,NORMAL,234.917611746144,154.684846356107,28.2051282051282,100,0,25.9487179487179,0,5.00671556665191,80.2327653900365,0,14131.0500910183,9258.92504056234,-54828.0877067884,1,1,mix_E20_H80,0.22,0.78,0,1
27,NORMAL,235.344559933185,154.593755234129,28.2051282051282,100,0,25.9487179487179,0,4.92155357810751,80.7508046990559,0,14088.4690967461,9257.10321812277,-54787.3285349558,1,1,mix_E20_H80,0.22,0.78,0,1
28,NORMAL,209.956409748643,154.620014917963,28.2051282051282,100,0,25.9487179487179,0,4.94621921932462,55.3363948306796,0,14100.8019173546,9257.62841179947,-54799.1361618876,1,1,mix_E20_H80,0.22,0.78,0,1
29,NORMAL,173.53876448071,154.658144269466,28.2051282051282,100,0,25.9487179487179,0,4.98199498283919,18.8806202112433,0,14118.6897991119,9258.39099882952,-54816.2614566149,1,1,mix_E20_H80,0.22,0.78,0,1
30,NORMAL,149.387038948077,149.387038948077,28.2051282051282,100,0,25.9487179487179,0,5.00708749072177,0,0,14131.2360530532,9311.90346144873,-52840.1971616455,1,1,mix_E20_H80,0.22,0.78,0,1
31,NORMAL,119.828151936921,119.828151936921,20.5641183955986,72.9091470389405,0,18.9189889239507,0,4.89032848100669,0,0,14656.0002531256,6891.57826925262,-44186.8882516968,1,1,mix_E20_H80,0.22,0.78,0,1
32,NORMAL,103.495924044676,103.495924044676,16.9230769230769,60,0,15.5692307692308,0,4.86753779695611,0,0,13438.6919754011,5769.05534895764,-37723.1227766884,1,1,mix_E20_H80,0.22,0.78,0,1
33,NORMAL,99.4747257814166,99.4747257814166,16.0787413837159,57.0064467240838,0,14.7924420730187,0,4.92293841529065,0,0,13186.748353932,5504.07199553485,-36160.7955955827,1,1,mix_E20_H80,0.22,0.78,0,1
34,NORMAL,111.328,111.328,18.6711251103672,66.197625391302,0,17.1774351015379,0,4.98827877954808,0,0,14078.0160263277,26307.7946110544,-20839.882435131,1,1,mix_E20_H80,0.22,0.78,0,1
35,NORMAL,129.11085859082,129.11085859082,22.5085247188811,79.8029512760331,0,20.7078427413706,0,4.9697725978471,0,0,15339.709685817,7502.25115924137,-47703.7910646819,1,1,mix_E20_H80,0.22,0.78,0,1
36,NORMAL,139.385415331254,139.385415331254,24.7582831073965,87.7793673807694,0,22.7776204588048,0,5.01515055336476,0,0,16107.5186418521,28199.5065421842,-31759.0400883699,1,1,mix_E20_H80,0.22,0.78,0,1
37,NORMAL,139.082227758567,139.082227758567,24.7061026918571,87.5943640893115,0,22.7296144765085,0,4.9534567783301,0,0,16059.3896007081,8182.03691579473,-51635.9604984217,1,1,mix_E20_H80,0.22,0.78,0,1
38,NORMAL,137.803470774166,137.803470774166,24.4216771332137,86.5859461995759,0,22.4679429625566,0,4.96673225599261,0,0,15971.8255945167,8094.29051286778,-51132.3780307413,1,1,mix_E20_H80,0.22,0.78,0,1
39,NORMAL,123.966633421327,123.966633421327,21.3911418660669,75.8413211615101,0,19.6798505167816,0,4.90908573172159,0,0,14939.2890519022,7155.12312228044,-45671.428007135,1,1,mix_E20_H80,0.22,0.78,0,1
40,NORMAL,100.171470774166,100.171470774166,16.1451820309997,57.2420090189989,0,14.8535674685197,0,4.95608262387035,0,0,13225.3256006023,5532.52984822062,-36288.5924016474,1,1,mix_E20_H80,0.22,0.78,0,1
41,NORMAL,79.9974153312537,79.9974153312537,11.2820512820513,40,0,10.3794871794872,0,4.81600085251663,0,0,14243.2824775404,4066.03955200115,-30845.5696045864,1,1,mix_E20_H80,0.22,0.78,0,1
42,NORMAL,70.756,70.756,9.74749875012107,34.5593137504292,0,8.96769885011138,0,4.97957890339303,0,0,13449.7627387656,3545.78052715347,-27168.4200830614,1,1,mix_E20_H80,0.22,0.78,0,1
43,NORMAL,81.34,81.34,12.0968762274774,42.8889248065109,0,11.1291261292792,0,4.89074320747165,0,0,14745.4298038889,24271.0000497232,-11900.0050142089,1,1,mix_E20_H80,0.22,0.78,0,1
44,NORMAL,111.328,111.328,18.6880518993732,66.2576385523232,0,17.1930077474234,0,4.91714819932321,0,0,18518.2389030641,26311.4945593294,-25306.3855159009,1,1,mix_E20_H80,0.22,0.78,0,1
45,NORMAL,186.9448,158.144027834712,28.2051282051282,100,0,25.9487179487179,0,4.92627377161361,28.800772165288,0,23951.3420140119,29328.1086701344,-45748.4439135421,1,1,mix_E20_H80,0.22,0.78,0,1
46,NORMAL,364.5796,154.46930900563,28.2051282051282,100,0,25.9487179487179,0,4.80673088910175,210.11029099437,0,17144.9039060893,9254.6142935528,-57846.2522688692,1,1,mix_E20_H80,0.22,0.78,0,1
47,NORMAL,576.31054904882,154.672285525983,28.2051282051282,100,0,25.9487179487179,2958,4.99685201301967,421.638263522837,0,101128.844468048,15558.6738239599,-50446.1333004211,1,1,mix_E20_H80,0.22,0.78,0,1
0,NORMAL,327.969049616543,232.592913137625,114.430845940718,0,25.1189661821088,105.276378265461,0,28.4100252847013,95.3761364789188,0,44871.3434260612,4651.85828982749,-62080.4851362337,1,1,mix_E80_C20,0.82,0,0.18,1
1,NORMAL,314.917570879358,158.565580543777,108.234299407966,0,23.7587486505291,99.5755554553287,0,26.9921174100288,156.351990335581,0,42794.1920142933,3171.31161087554,-39622.8804034178,1,1,mix_E80_C20,0.82,0,0.18,1
2,NORMAL,291.840438733695,168.272442534629,116.03416230007,0,25.470913675625,106.751429316064,0,28.7768026959885,123.567996199067,0,45408.7443838496,3365.44885069257,-42043.2955331571,1,1,mix_E80_C20,0.82,0,0.18,1
3,NORMAL,232.456082987042,165.560992444279,113.855395934221,0,24.9926478879998,104.746964259483,0,28.2782274467867,66.8950905427626,0,44678.3851456694,3311.21984888559,-41367.1652967838,1,1,mix_E80_C20,0.82,0,0.18,1
4,NORMAL,189.034659350842,163.09754712042,111.875912387037,0,24.5581271093495,102.925839396074,0,27.8252517116369,25.9371122304223,0,44014.8273108762,3261.9509424084,-40752.8763684678,1,1,mix_E80_C20,0.82,0,0.18,1
5,NORMAL,158.383746939714,158.383746939714,114.863816159878,0,25.214008425339,105.674710867087,0,28.518398652558,0,0,45021.12993438,3420.94661539919,-38516.4895722473,1,1,mix_E80_C20,0.82,0,0.18,1
6,NORMAL,149.704634262795,149.704634262795,93.2100420265371,0,20.4607409326545,85.7532386644141,0,24.0053880597545,0,0,37983.4713093366,2994.09268525589,-38073.0723708143,1,1,mix_E80_C20,0.82,0,0.18,1
7,NORMAL,158.133331487122,158.133331487122,113.941678378745,0,25.0115879367976,104.826344108445,0,28.5183070119781,0,0,57396.6373850293,3395.78663649113,-51162.5124207558,1,1,mix_E80_C20,0.82,0,0.18,1
8,NORMAL,179.434951368027,175.777855462957,115.146436417167,0,25.2760470184024,105.934721503793,0,28.5734233313494,3.65709590506995,0,57823.2114070403,3515.55710925915,-57145.9926255635,1,1,mix_E80_C20,0.82,0,0.18,1
9,NORMAL,204.820843804893,121.962119912988,78.0385761094228,0,17.1304191459709,71.795490020669,0,20.994943402635,82.8587238919045,0,41743.8481087583,2439.24239825976,-39304.6057104986,1,1,mix_E80_C20,0.82,0,0.18,1
10,NORMAL,233.9947898688,123.938170393525,79.6106318009081,0,17.4755045416628,73.2417812568354,0,21.3729967964191,110.056619475275,0,42453.5396506703,2478.76340787051,-39974.7762427998,1,1,mix_E80_C20,0.82,0,0.18,1
11,NORMAL,254.1043898688,120.967232466345,77.2470820130121,0,16.9566765394417,71.0673154519712,0,20.8045262461843,133.137157402455,0,41386.4966858017,2419.3446493269,-38967.1520364748,1,1,mix_E80_C20,0.82,0,0.18,1
12,NORMAL,221.578,120.310940292609,77.011362244384,0,16.9049331755965,70.8504532648333,0,20.7478050269866,101.267059707391,0,41280.0656888333,2406.21880585218,-38873.8468829811,1,1,mix_E80_C20,0.82,0,0.18,1
13,NORMAL,196.9996,118.740697630446,75.7621444492088,0,16.6307146351922,69.7011728932721,0,20.4473351823884,78.2589023695543,0,40716.0898327722,2374.81395260891,-38341.2758801632,1,1,mix_E80_C20,0.82,0,0.18,1
14,NORMAL,159.0148,118.094535364375,75.248083856777,0,16.5178720661218,69.2282371482349,0,20.3236729604568,40.9202646356254,0,40484.001853593,2361.89070728749,-38122.1111463055,1,1,mix_E80_C20,0.82,0,0.18,1
15,NORMAL,135.436,124.389133077469,80.2557836312511,0,17.6171232361283,73.835320940751,0,21.5280014710202,11.0468669225311,0,42744.7162741805,2487.78266154938,-40256.9336126311,1,1,mix_E80_C20,0.82,0,0.18,1
16,NORMAL,124.074470669534,120.775368920515,77.0944293951224,0,16.9231674281976,70.9268750435126,0,20.7676630881262,3.29910174901843,0,41317.5065597277,2415.5073784103,-38901.9991813174,1,1,mix_E80_C20,0.82,0,0.18,1
17,NORMAL,115.865415331254,115.865415331254,79.3985438477901,0,17.4289486495149,73.0466603399668,0,21.3883866134345,0,0,61383.1227174967,2553.62936212116,-55952.1808551249,1,1,mix_E80_C20,0.82,0,0.18,1
18,NORMAL,111.446227758567,111.446227758567,62.3166779193992,0,13.6792707627949,57.3313436858472,0,17.6981877344691,0,0,49794.5269524598,2228.92455517133,-50442.9148975391,1,1,mix_E80_C20,0.82,0,0.18,1
19,NORMAL,110.167470774166,110.167470774166,77.2817152584696,0,16.9642789591763,71.0991780377921,0,20.8126154564419,0,0,59887.798111652,2528.64914460504,-53398.4820896704,1,1,mix_E80_C20,0.82,0,0.18,1
20,NORMAL,109.854633421327,109.854633421327,58.3257071862384,0,12.8032040164914,53.6596506113394,0,16.8680252333858,0,0,47102.9959957233,2197.09266842655,-48866.5702046733,1,1,mix_E80_C20,0.82,0,0.18,1
21,NORMAL,120.438633421327,120.438633421327,79.4112980719853,0,17.4317483572651,73.0583942262265,0,21.3882491583067,0,0,61390.3289994138,2508.27980794629,-57670.5061243325,1,1,mix_E80_C20,0.82,0,0.18,1
22,NORMAL,135.451470774166,135.451470774166,84.8255184435599,0,23.9251462276707,78.0394769680751,0,27.2669756989553,0,0,47127.6995579847,2709.02941548333,-44418.6701425013,1,1,mix_E80_C20,0.78,0,0.22,1
23,NORMAL,149.660359508325,149.660359508325,97.7963804818907,0,21.4674981545613,89.9726700433394,0,24.986060990803,0,0,50283.1917110037,2993.2071901665,-48501.5275879722,1,1,mix_E80_C20,0.82,0,0.18,1
24,NORMAL,176.716251931771,163.474150539895,112.467745095337,0,24.6880416062936,103.47032548771,0,27.9598413090345,13.2421013918754,0,44212.7987715678,3269.48301079791,-40943.3157607699,1,1,mix_E80_C20,0.82,0,0.18,1
25,NORMAL,211.253226442193,171.288015761323,118.746545810466,0,26.0663149340046,109.246822145628,0,29.3969618001567,39.9652106808696,0,46317.7182150292,3425.76031522646,-42891.9578998027,1,1,mix_E80_C20,0.82,0,0.18,1
26,NORMAL,234.917611746144,171.517372202611,118.930876322338,0,26.1067777292938,109.416406216551,0,29.4396308649004,63.4002395435325,0,46379.7529244225,3430.34744405223,-42949.4054803703,1,1,mix_E80_C20,0.82,0,0.18,1
27,NORMAL,235.344559933185,166.980854581836,115.285626593325,0,25.3066009595104,106.062776465859,0,28.6060232724128,68.3637053513484,0,45158.0779880126,3339.61709163672,-41818.4608963759,1,1,mix_E80_C20,0.82,0,0.18,1
28,NORMAL,209.956409748643,168.291202763791,116.338579161784,0,25.5377368891721,107.031492828841,0,28.8474401693405,41.6652069848515,0,45511.2783635922,3365.82405527583,-42145.4543083164,1,1,mix_E80_C20,0.82,0,0.18,1
29,NORMAL,173.53876448071,170.192957130696,117.866751674413,0,25.8731893919444,108.43741154046,0,29.197608496443,3.34580735001398,0,46023.7830179319,3403.85914261391,-42619.923875318,1,1,mix_E80_C20,0.82,0,0.18,1
30,NORMAL,149.387038948077,149.387038948077,114.447355760171,0,25.122590288818,105.291567299357,0,28.5206132875003,0,0,44930.2827955959,3487.61988332436,-35356.415571433,1,1,mix_E80_C20,0.82,0,0.18,1
31,NORMAL,119.828151936921,119.828151936921,61.5086181705413,0,13.5018917935335,56.587928716898,0,17.5276720779042,0,0,34535.4903770354,2396.56303873841,-38225.1746791356,1,1,mix_E80_C20,0.82,0,0.18,1
32,NORMAL,103.495924044676,103.495924044676,75.3055831895847,0,16.5304938708845,69.281136534418,0,20.3398361167673,0,0,40511.1272107741,2510.03635793093,-32642.4626657562,1,1,mix_E80_C20,0.82,0,0.18,1
33,NORMAL,99.4747257814166,99.4747257814166,59.9298542483958,0,13.1553338594039,55.1354659085241,0,17.2363588034172,0,0,33866.9471287773,1989.49451562833,-31877.4526131489,1,1,mix_E80_C20,0.82,0,0.18,1
34,NORMAL,111.328,111.328,56.2628589138372,0,12.350383664013,51.7618302007302,0,16.5484725309891,0,0,32308.4951377574,2226.56,-35440.5633248444,1,1,mix_E80_C20,0.82,0,0.18,1
35,NORMAL,129.11085859082,122.184928817124,78.2161479013991,0,17.1693983198193,71.9588560692871,0,21.0409454225665,6.92592977369581,0,41825.6608962266,2443.69857634248,-39381.9623198841,1,1,mix_E80_C20,0.82,0,0.18,1
36,NORMAL,139.385415331254,123.809289571892,79.5084502776192,0,17.4530744511847,73.1477742554097,0,21.3521490135898,15.5761257593619,0,42409.2732387424,2476.18579143784,-39933.0874473045,1,1,mix_E80_C20,0.82,0,0.18,1
37,NORMAL,139.082227758567,121.596466375574,77.7480584265047,0,17.0666469716718,71.5282137523843,0,20.929026817543,17.4857613829922,0,41614.6703596299,2431.92932751149,-39182.7410321184,1,1,mix_E80_C20,0.82,0,0.18,1
38,NORMAL,137.803470774166,122.070338834397,78.1250829422766,0,17.1494084507437,71.8750763068945,0,21.0200622969703,15.7331319397693,0,41785.0586189672,2441.40677668794,-39343.6518422792,1,1,mix_E80_C20,0.82,0,0.18,1
39,NORMAL,123.966633421327,120.002688803116,76.4801850956798,0,16.7883333136858,70.3617702880254,0,20.6247016140389,3.96394461821147,0,41042.5881107086,2400.05377606232,-38642.5343346463,1,1,mix_E80_C20,0.82,0,0.18,1
40,NORMAL,100.171470774166,100.171470774166,60.1774966609988,0,13.2096943889998,55.3632969281189,0,17.3219454491954,0,0,33991.7596187205,2003.42941548333,-31988.3302032372,1,1,mix_E80_C20,0.82,0,0.18,1
41,NORMAL,79.9974153312537,79.9974153312537,45.9729074841932,0,10.0916138379936,42.2950748854577,0,14.2631356077604,0,0,38754.514232864,1680.99787121326,-36086.7023647349,1,1,mix_E80_C20,0.82,0,0.18,1
42,NORMAL,70.756,70.756,33.876899529775,0,7.4363925797067,31.166747567393,0,11.9411879106121,0,0,30693.9774470897,1415.12,-30265.6714440054,1,1,mix_E80_C20,0.82,0,0.18,1
43,NORMAL,81.34,81.34,45.6100447103911,0,10.0119610339883,41.9612411335598,0,14.2636500854482,0,0,38547.7945455312,1645.88614131173,-36669.5262626345,1,1,mix_E80_C20,0.82,0,0.18,1
44,NORMAL,111.328,111.328,69.0774186772933,0,15.1633358072107,63.5512251831099,0,19.1128784156128,0,0,54358.1988213345,2226.56,-52364.0209629195,1,1,mix_E80_C20,0.82,0,0.18,1
45,NORMAL,186.9448,120.247518501671,76.9615561416733,0,16.89400012866,70.8046316503394,0,20.7425160919811,66.6972814983292,0,59670.129669201,2404.95037003342,-57265.1792991676,1,1,mix_E80_C20,0.82,0,0.18,1
46,NORMAL,364.5796,115.962452397316,73.5525827093872,0,16.1456888874265,67.6683760926363,0,19.9226733376871,248.617147602684,0,39721.9520621926,2319.24904794631,-37402.7030142463,1,1,mix_E80_C20,0.82,0,0.18,1
47,NORMAL,576.31054904882,122.772652993544,78.9705064516051,0,17.3349892210841,72.6528659354767,0,21.2265358273931,453.537896055276,0,42168.2996504682,2455.45305987089,-39712.8465905973,1,1,mix_E80_C20,0.82,0,0.18,1
0,NORMAL,327.969049616543,159.145643501795,40.983576402388,0,25.1189661821088,37.704890290197,0,28.4100252847013,168.823406114749,0,28654.1863119979,3182.91287003589,-47332.273441962,1,1,mix_E60_C40,0.62,0,0.38,1
1,NORMAL,314.917570879358,89.095555249832,38.7642741140212,0,23.7587486505291,35.6631321848995,0,26.9921174100288,225.822015629526,0,27455.2104293903,1781.91110499664,-25673.2993243937,1,1,mix_E60_C40,0.62,0,0.38,1
2,NORMAL,291.840438733695,93.7960867579472,41.5578065233882,0,25.470913675625,38.2331820015172,0,28.7768026959885,198.044351975748,0,28964.3650283584,1875.92173515894,-27088.4432931994,1,1,mix_E60_C40,0.62,0,0.38,1
3,NORMAL,232.456082987042,92.4830746431106,40.7774781330522,0,24.9926478879998,37.5152798824081,0,28.2782274467867,139.973008343931,0,28542.7808951713,1849.66149286221,-26693.1194023091,1,1,mix_E60_C40,0.62,0,0.38,1
4,NORMAL,189.034659350842,91.2901579117954,40.0685231784124,0,24.5581271093495,36.8630413241394,0,27.8252517116369,97.7445014390466,0,28159.7557736119,1825.80315823591,-26333.952615376,1,1,mix_E60_C40,0.62,0,0.38,1
5,NORMAL,158.383746939714,93.3360963636427,41.2844265691687,0,25.3033582198131,37.9816724436352,0,28.6020192320982,65.047650576071,0,28816.6110025215,1866.72192727285,-26949.8890752487,1,1,mix_E60_C40,0.62,0,0.38,1
6,NORMAL,149.704634262795,91.6734950739822,40.2963368290496,0,24.6977548307078,37.0726298827257,0,27.9707132236934,58.0311391888123,0,28282.7877837008,1833.46990147964,-26449.3178822212,1,1,mix_E60_C40,0.62,0,0.38,1
7,NORMAL,158.133331487122,98.2198304817198,44.1868410194808,0,27.0822573990366,40.6518937379223,0,30.4561964619595,59.9135010054018,0,35262.7799766318,1964.3966096344,-33298.3833669974,1,1,mix_E60_C40,0.62,0,0.38,1
8,NORMAL,179.434951368027,93.2611280130753,41.2398661879198,0,25.2760470184024,37.9406768928862,0,28.5734233313494,86.1738233549519,0,33345.3553471137,1865.22256026151,-31480.1327868522,1,1,mix_E60_C40,0.62,0,0.38,1
9,NORMAL,204.820843804893,71.8731750417283,27.949631238163,0,17.1304191459709,25.7136607391099,0,20.994943402635,132.947668763164,0,25154.3895673971,1437.46350083457,-23716.9260665625,1,1,mix_E60_C40,0.62,0,0.38,1
10,NORMAL,233.9947898688,72.8402038974356,28.5126653048182,0,17.4755045416628,26.2316520804327,0,21.3729967964191,161.154585971365,0,25529.8931471653,1456.80407794871,-24073.0890692166,1,1,mix_E60_C40,0.62,0,0.38,1
11,NORMAL,254.1043898688,71.3863069124218,27.6661564590891,0,16.9566765394417,25.4528639423619,0,20.8045262461843,182.718082956378,0,24965.2941423424,1427.72613824844,-23537.568004094,1,1,mix_E60_C40,0.62,0,0.38,1
12,NORMAL,221.578,70.8813111241984,27.5817330759732,0,16.9049331755965,25.3751944298954,0,20.7478050269866,150.696688875802,0,24908.9725082557,1417.62622248397,-23491.3462857717,1,1,mix_E60_C40,0.62,0,0.38,1
13,NORMAL,196.9996,70.1128770597083,27.1343238784714,0,16.6307146351922,24.9635779681937,0,20.4473351823884,126.886722940292,0,24610.555659744,1402.25754119417,-23208.2981185498,1,1,mix_E60_C40,0.62,0,0.38,1
14,NORMAL,159.0148,69.7966638260068,26.9502123184092,0,16.5178720661218,24.7941953329365,0,20.3236729604568,89.2181361739932,0,24487.7468000855,1395.93327652014,-23091.8135235654,1,1,mix_E60_C40,0.62,0,0.38,1
15,NORMAL,135.436,72.8770768314797,28.743727385262,0,17.6171232361283,26.444229194441,0,21.5280014710202,62.5589231685203,0,25683.9232455089,1457.54153662959,-24226.3817088793,1,1,mix_E60_C40,0.62,0,0.38,1
16,NORMAL,124.074470669534,71.292423224031,27.6114836986382,0,16.9231674281976,25.4025650027471,0,20.7676630881262,52.7820474455026,0,24928.7549450521,1425.84846448062,-23502.9064805715,1,1,mix_E60_C40,0.62,0,0.38,1
17,NORMAL,115.865415331254,73.8782882400573,29.1170580715347,0,17.8459388180374,26.7876934258119,0,21.7786313530697,41.9871270911965,0,32897.6856005383,1477.56576480115,-31420.1198357371,1,1,mix_E60_C40,0.62,0,0.38,1
18,NORMAL,111.446227758567,70.7033127294633,27.2684802890188,0,16.7129395319793,25.0870018658973,0,20.5372747591779,40.7429150291033,0,31222.5785364453,1414.06625458927,-29808.512281856,1,1,mix_E60_C40,0.62,0,0.38,1
19,NORMAL,110.167470774166,71.4076402268308,27.678560407077,0,16.9642789591763,25.4642755745109,0,20.8126154564419,38.7598305473357,0,31594.1585844177,1428.15280453662,-30166.0057798811,1,1,mix_E60_C40,0.62,0,0.38,1
20,NORMAL,109.854633421327,70.5236995374374,27.1638994762017,0,16.6488416144462,24.9907875181056,0,20.4669892447738,39.33093388389,0,31127.7828836124,1410.47399074875,-29717.3088928636,1,1,mix_E60_C40,0.62,0,0.38,1
21,NORMAL,120.438633421327,73.8321007193246,29.0901576274856,0,17.8294514491041,26.7629450172868,0,21.7604414875761,46.6065327020028,0,32873.2466545059,1476.64201438649,-31396.6046401194,1,1,mix_E60_C40,0.62,0,0.38,1
22,NORMAL,135.451470774166,92.1885140046979,40.6023788990925,0,24.8853290026696,37.3541885871651,0,28.165565870142,43.2629567694686,0,32930.2908264504,1843.77028009396,-31086.5205463565,1,1,mix_E60_C40,0.62,0,0.38,1
23,NORMAL,149.660359508325,92.6814351012434,40.8953208005008,0,25.0648740390166,37.6236951364607,0,28.3526714970511,56.9789244070819,0,33120.8659976514,1853.62870202487,-31267.2372956265,1,1,mix_E60_C40,0.62,0,0.38,1
24,NORMAL,176.716251931771,91.2868943811421,40.2804889365842,0,24.6880416062936,37.0580498216575,0,27.9598413090345,85.4293575506286,0,28273.8526117151,1825.73788762284,-26448.1147240922,1,1,mix_E60_C40,0.62,0,0.38,1
25,NORMAL,211.253226442193,95.0707206326545,42.529250681797,0,26.0663149340046,39.1269106272533,0,29.3969618001567,116.182505809538,0,29488.9394506191,1901.41441265309,-27587.5250379661,1,1,mix_E60_C40,0.62,0,0.38,1
26,NORMAL,234.917611746144,95.1817648070155,42.5952689267425,0,26.1067777292938,39.1876474126031,0,29.4396308649004,139.735846939128,0,29524.8508114749,1903.63529614031,-27621.2155153346,1,1,mix_E60_C40,0.62,0,0.38,1
27,NORMAL,235.344559933185,92.9849453435016,41.2897173549907,0,25.3066009595104,37.9865399665914,0,28.6060232724128,142.359614589683,0,28819.7812281883,1859.69890687003,-26960.0823213183,1,1,mix_E60_C40,0.62,0,0.38,1
28,NORMAL,209.956409748643,93.6194574738145,41.6668338718071,0,25.5377368891721,38.3334871620626,0,28.8474401693405,116.336952274828,0,29023.7570035653,1872.38914947629,-27151.367854089,1,1,mix_E60_C40,0.62,0,0.38,1
29,NORMAL,173.53876448071,94.5403565694547,42.2141511131723,0,25.8731893919444,38.8370190241186,0,29.197608496443,78.9984079112548,0,29319.68881401,1890.80713138909,-27428.8816826209,1,1,mix_E60_C40,0.62,0,0.38,1
30,NORMAL,149.387038948077,95.1858336716228,42.5977844554733,0,26.1083195049675,39.1899616990354,0,29.4432080154366,54.2012052764542,0,29527.1948154868,1903.71667343246,-27623.4781420544,1,1,mix_E60_C40,0.62,0,0.38,1
31,NORMAL,119.828151936921,92.174687641053,40.8082767059763,0,25.0115244326952,37.5436145694982,0,28.3003241298793,27.6534642958676,0,33065.863309959,1843.49375282106,-31222.3695571379,1,1,mix_E60_C40,0.62,0,0.38,1
32,NORMAL,103.495924044676,69.8317425456761,26.9708057893378,0,16.5304938708845,24.8131413261908,0,20.3398361167673,33.6641814990002,0,24502.6489358123,1396.63485091352,-23106.0140848988,1,1,mix_E60_C40,0.62,0,0.38,1
33,NORMAL,99.4747257814166,70.8024780334281,27.536023023083,0,16.8769173367283,25.3331411812363,0,20.719768829765,28.6722477479884,0,24879.8152401276,1416.04956066856,-23463.765679459,1,1,mix_E60_C40,0.62,0,0.38,1
34,NORMAL,111.328,71.9475220035739,28.2027289532507,0,17.2855435519924,25.9465106369907,0,21.167875948036,39.3804779964262,0,25324.6818033346,1438.95044007148,-23885.7313632631,1,1,mix_E60_C40,0.62,0,0.38,1
35,NORMAL,129.11085859082,71.9820097533251,28.0132288375999,0,17.1693983198193,25.7721705305919,0,21.0409454225665,57.1288488374949,0,25198.4541022963,1439.6401950665,-23758.8139072298,1,1,mix_E60_C40,0.62,0,0.38,1
36,NORMAL,139.385415331254,72.7769081356793,28.4760688414066,0,17.4530744511847,26.1979833340941,0,21.3521490135898,66.6085071955745,0,25507.3485070688,1455.53816271359,-24051.8103443552,1,1,mix_E60_C40,0.62,0,0.38,1
37,NORMAL,139.082227758567,71.6939898502183,27.8455819011487,0,17.0666469716718,25.6179353490568,0,20.929026817543,67.3882379083482,0,25086.9701344319,1433.87979700437,-23653.0903374276,1,1,mix_E60_C40,0.62,0,0.38,1
38,NORMAL,137.803470774166,71.925869680176,27.9806137880554,0,17.1494084507437,25.742164685011,0,21.0200622969703,65.8776010939905,0,25177.2104350891,1438.51739360352,-23738.6930414856,1,1,mix_E60_C40,0.62,0,0.38,1
39,NORMAL,123.966633421327,70.9139949034499,27.3914911960137,0,16.7883333136858,25.2001719003326,0,20.6247016140389,53.0526385178776,0,24784.4126911392,1418.279898069,-23366.1327930702,1,1,mix_E60_C40,0.62,0,0.38,1
40,NORMAL,100.171470774166,71.7372328006957,27.8708309074473,0,17.0821221690806,25.6411644348515,0,20.9470036314146,28.4342379734707,0,25104.3210122538,1434.74465601391,-23669.5763562399,1,1,mix_E60_C40,0.62,0,0.38,1
41,NORMAL,79.9974153312537,69.2798336337272,26.4400782324669,0,16.2052092392539,24.3248719738696,0,19.9862994665775,10.7175816975266,0,30474.5703570879,1385.59667267454,-29088.9736844133,1,1,mix_E60_C40,0.62,0,0.38,1
42,NORMAL,70.756,70.756,28.1096864394187,0,17.2285174951276,25.8609115242652,0,21.1081252771297,0,0,31987.8277836093,1446.06174301988,-30165.0367483825,1,1,mix_E60_C40,0.62,0,0.38,1
43,NORMAL,81.34,71.371483820986,27.2021706942087,0,16.6722981674182,25.025997038672,0,20.4988640975327,9.968516179014,0,31165.550212743,1427.42967641972,-30114.8498285302,1,1,mix_E60_C40,0.62,0,0.38,1
44,NORMAL,111.328,70.6907656243314,27.4712427671373,0,16.8372133088906,25.2735433457663,0,20.6799421363585,40.6372343756686,0,31409.5679425544,1413.81531248663,-29995.7526300677,1,1,mix_E60_C40,0.62,0,0.38,1
45,NORMAL,186.9448,70.8498573067585,27.563894946761,0,16.89400012866,25.3587833510202,0,20.7425160919811,116.094942693241,0,31493.703723623,1416.99714613517,-30076.7065774879,1,1,mix_E60_C40,0.62,0,0.38,1
46,NORMAL,364.5796,68.7528357674137,26.3429660794853,0,16.1456888874265,24.2355287931265,0,19.9226733376871,295.826764232586,0,24086.1270343691,1375.05671534827,-22711.0703190208,1,1,mix_E60_C40,0.62,0,0.38,1
47,NORMAL,576.31054904882,72.0855500079185,28.2834034659792,0,17.3349892210841,26.0207311887009,0,21.2265358273931,504.224999040902,0,25380.7311416289,1441.71100015837,-23939.0201414705,1,1,mix_E60_C40,0.62,0,0.38,1
0,NORMAL,327.969049616543,136.351663300244,18.1895962008374,0,25.1189661821088,16.7344285047704,0,28.4100252847013,191.617386316299,0,23621.2754834956,2727.03326600488,-42755.2422174907,1,1,mix_E40_C60,0.42,0,0.58,1
1,NORMAL,314.917570879358,67.5358922275733,17.2046110917625,0,23.7587486505291,15.8282422044215,0,26.9921174100288,247.381678651785,0,22694.8368340756,1350.71784455147,-21344.1189895241,1,1,mix_E40_C60,0.42,0,0.58,1
2,NORMAL,291.840438733695,70.682734965184,18.444454730625,0,25.470913675625,16.968898352175,0,28.7768026959885,221.157703768511,0,23860.9369525163,1413.65469930368,-22447.2822532126,1,1,mix_E40_C60,0.42,0,0.58,1
3,NORMAL,232.456082987042,69.8037208427479,18.0981243326895,0,24.9926478879998,16.6502743860743,0,28.2782274467867,162.652362144294,0,23535.1795760512,1396.07441685496,-22139.1051591962,1,1,mix_E40_C60,0.42,0,0.58,1
4,NORMAL,189.034659350842,69.0051060884293,17.7834713550462,0,24.5581271093495,16.3607936466425,0,27.8252517116369,120.029553262413,0,23239.2163310127,1380.10212176859,-21859.1142092441,1,1,mix_E40_C60,0.42,0,0.58,1
5,NORMAL,158.383746939714,70.3747912639939,18.3231214695198,0,25.3033582198131,16.8572717519582,0,28.6020192320982,88.0089556757199,0,23746.7548365191,1407.49582527988,-22339.2590112392,1,1,mix_E40_C60,0.42,0,0.58,1
6,NORMAL,149.704634262795,69.2617393292383,17.8845810843057,0,24.6977548307078,16.4538145975612,0,27.9707132236934,80.4428949335563,0,23334.2721152614,1385.23478658477,-21949.0373286766,1,1,mix_E40_C60,0.42,0,0.58,1
7,NORMAL,158.133331487122,73.6442793029207,19.6112898406817,0,27.0822573990366,18.0423866534272,0,30.4561964619595,84.4890521842009,0,27123.3574262135,1472.88558605841,-25650.4718401551,1,1,mix_E40_C60,0.42,0,0.58,1
8,NORMAL,179.434951368027,70.3246062177918,18.3033443926362,0,25.2760470184024,16.8390768412253,0,28.5734233313494,109.110345150235,0,25748.7793285158,1406.49212435584,-24342.28720416,1,1,mix_E40_C60,0.42,0,0.58,1
9,NORMAL,204.820843804893,56.3283300816821,12.4047862781168,0,17.1304191459709,11.4124033758675,0,20.994943402635,148.49251372321,0,20005.9369166298,1126.56660163364,-18879.3703149961,1,1,mix_E40_C60,0.42,0,0.58,1
10,NORMAL,233.9947898688,56.9822142952008,12.6546757025834,0,17.4755045416628,11.6423016463767,0,21.3729967964191,177.012575573599,0,20277.7269909052,1139.64428590402,-19138.0827050012,1,1,mix_E40_C60,0.42,0,0.58,1
11,NORMAL,254.1043898688,55.999123119825,12.2789726664923,0,16.9566765394417,11.2966548531729,0,20.8045262461843,198.105266748975,0,19869.0588702344,1119.9824623965,-18749.0764078379,1,1,mix_E40_C60,0.42,0,0.58,1
12,NORMAL,221.578,55.5410813822778,12.2415033340526,0,16.9049331755965,11.2621830673284,0,20.7478050269866,166.036918617722,0,19828.2884177315,1110.82162764556,-18717.466790086,1,1,mix_E40_C60,0.42,0,0.58,1
13,NORMAL,196.9996,55.0214844687899,12.0429312875529,0,16.6307146351922,11.0794967845487,0,20.4473351823884,141.97811553121,0,19612.2864336318,1100.4296893758,-18511.856744256,1,1,mix_E40_C60,0.42,0,0.58,1
14,NORMAL,159.0148,54.8076692106513,11.9612177030537,0,16.5178720661218,11.0043202868094,0,20.3236729604568,104.207130789349,0,19523.3917834798,1096.15338421303,-18427.2383992668,1,1,mix_E40_C60,0.42,0,0.58,1
15,NORMAL,135.436,56.8905766172072,12.7572271709895,0,17.6171232361283,11.7366489973103,0,21.5280014710202,78.5454233827928,0,20389.1943745418,1137.81153234414,-19251.3828421977,1,1,mix_E40_C60,0.42,0,0.58,1
16,NORMAL,124.074470669534,55.935646973398,12.2547074480052,0,16.9231674281976,11.2743308521648,0,20.7676630881262,68.1388236961357,0,19842.5906508424,1118.71293946796,-18723.8777113745,1,1,mix_E40_C60,0.42,0,0.58,1
17,NORMAL,115.865415331254,57.6841513815841,12.9229212130616,0,17.8459388180374,11.8890875160166,0,21.7786313530697,58.1812639496697,0,23660.5499364652,1153.68302763168,-22506.8669088335,1,1,mix_E40_C60,0.42,0,0.58,1
18,NORMAL,111.446227758567,55.5373058946364,12.1024734541919,0,16.7129395319793,11.1342755778565,0,20.5372747591779,55.9089218639302,0,22571.88823786,1110.74611789273,-21461.1421199673,1,1,mix_E40_C60,0.42,0,0.58,1
19,NORMAL,110.167470774166,56.0135576867434,12.2844778669897,0,16.9642789591763,11.3017196376305,0,20.8126154564419,54.153913087423,0,22813.3739035519,1120.27115373487,-21693.102749817,1,1,mix_E40_C60,0.42,0,0.58,1
20,NORMAL,109.854633421327,55.4158577820416,12.0560577208059,0,16.6488416144462,11.0915731031414,0,20.4669892447738,54.4387756392859,0,22510.2699463346,1108.31715564083,-21401.9527906938,1,1,mix_E40_C60,0.42,0,0.58,1
21,NORMAL,120.438633421327,57.652925175673,12.910982083834,0,17.8294514491041,11.8781035171273,0,21.7604414875761,62.7857082456544,0,23644.644924407,1153.05850351346,-22491.5864208935,1,1,mix_E40_C60,0.42,0,0.58,1
22,NORMAL,135.451470774166,69.606545762711,18.0204106571056,0,24.8853290026696,16.5787778045371,0,28.165565870142,65.8449250114555,0,25451.1429447044,1392.13091525422,-24059.0120294502,1,1,mix_E40_C60,0.42,0,0.58,1
23,NORMAL,149.660359508325,69.936540328996,18.1504260282534,0,25.0648740390166,16.6983919459931,0,28.3526714970511,79.7238191793292,0,25587.7568490831,1398.73080657992,-24189.0260425031,1,1,mix_E40_C60,0.42,0,0.58,1
24,NORMAL,176.716251931771,68.8839528146325,17.8775473700747,0,24.6880416062936,16.4473435804687,0,27.9598413090345,107.832299117138,0,23327.2831138297,1377.67905629265,-21949.6040575371,1,1,mix_E40_C60,0.42,0,0.58,1
25,NORMAL,211.253226442193,71.4170773168608,18.8756073660034,0,26.0663149340046,17.3655587767231,0,29.3969618001567,139.836149125332,0,24266.2150064919,1428.34154633722,-22837.8734601547,1,1,mix_E40_C60,0.42,0,0.58,1
26,NORMAL,234.917611746144,71.4914038911409,18.9049080108679,0,26.1067777292938,17.3925153699985,0,29.4396308649004,163.426207855003,0,24294.0191212498,1429.82807782282,-22864.191043427,1,1,mix_E40_C60,0.42,0,0.58,1
27,NORMAL,235.344559933185,70.0206976488461,18.3254696603351,0,25.3066009595104,16.8594320875083,0,28.6060232724128,165.323862284339,0,23749.2753372084,1400.41395297692,-22348.8613842315,1,1,mix_E40_C60,0.42,0,0.58,1
28,NORMAL,209.956409748643,70.4454675562355,18.4928439542281,0,25.5377368891721,17.0134164378898,0,28.8474401693405,139.510942192408,0,23906.9400297638,1408.90935112471,-22498.0306786391,1,1,mix_E40_C60,0.42,0,0.58,1
29,NORMAL,173.53876448071,71.0619632918283,18.7357578355459,0,25.8731893919444,17.2368972087022,0,29.197608496443,102.476801188881,0,24135.6595783101,1421.23926583657,-22714.4203124735,1,1,mix_E40_C60,0.42,0,0.58,1
30,NORMAL,149.387038948077,71.4940736852639,18.9060244691144,0,26.1083195049675,17.3935425115853,0,29.4432080154366,77.8929652628131,0,24296.0542104988,1429.88147370528,-22866.1727367935,1,1,mix_E40_C60,0.42,0,0.58,1
31,NORMAL,119.828151936921,69.478204489787,18.1117935547103,0,25.0115244326952,16.6628500703335,0,28.3003241298793,50.3499474471336,0,25548.7880902597,1389.56408979574,-24159.224000464,1,1,mix_E40_C60,0.42,0,0.58,1
32,NORMAL,103.495924044676,54.8312943869788,11.9703576306405,0,16.5304938708845,11.0127290201892,0,20.3398361167673,48.6646296576975,0,19534.5005056518,1096.62588773958,-18437.8746179122,1,1,mix_E40_C60,0.42,0,0.58,1
33,NORMAL,99.4747257814166,55.4876710128036,12.2212160024584,0,16.8769173367283,11.2435187222617,0,20.719768829765,43.987054768613,0,19807.5511548967,1109.75342025607,-18697.7977346407,1,1,mix_E40_C60,0.42,0,0.58,1
34,NORMAL,111.328,56.2619107948694,12.5171177445462,0,17.2855435519924,11.5157483249825,0,21.167875948036,55.0660892051307,0,20129.6073710117,1125.23821589739,-19004.3691551143,1,1,mix_E40_C60,0.42,0,0.58,1
35,NORMAL,129.11085859082,56.401793492146,12.4330125764209,0,17.1693983198193,11.4383715703072,0,21.0409454225665,72.709065098674,0,20038.2864765938,1128.03586984292,-18910.2506067509,1,1,mix_E40_C60,0.42,0,0.58,1
36,NORMAL,139.385415331254,56.9392725175444,12.6384332232717,0,17.4530744511847,11.62735856541,0,21.3521490135898,82.4461428137095,0,20261.9235903425,1138.78545035089,-19123.1381399916,1,1,mix_E40_C60,0.42,0,0.58,1
37,NORMAL,139.082227758567,56.207014376832,12.3586064277623,0,17.0666469716718,11.3699179135413,0,20.929026817543,82.8752133817345,0,19957.6838576464,1124.14028753664,-18833.5435701097,1,1,mix_E40_C60,0.42,0,0.58,1
38,NORMAL,137.803470774166,56.3637930461073,12.4185371539868,0,17.1494084507437,11.4250541816678,0,21.0200622969703,81.4396777280591,0,20023.0506538856,1127.27586092215,-18895.7747929634,1,1,mix_E40_C60,0.42,0,0.58,1
39,NORMAL,123.966633421327,55.6795726587259,12.1570689512897,0,16.7883333136858,11.1845034351865,0,20.6247016140389,68.2870607626015,0,19738.7720436866,1113.59145317452,-18625.1805905121,1,1,mix_E40_C60,0.42,0,0.58,1
40,NORMAL,100.171470774166,56.2362144984447,12.3698126051963,0,17.0821221690806,11.3802275967806,0,20.9470036314146,43.9352562757217,0,19970.3837505483,1124.72428996889,-18845.6594605794,1,1,mix_E40_C60,0.42,0,0.58,1
41,NORMAL,79.9974153312537,54.5745620917545,11.7348066904942,0,16.2052092392539,10.7960221552547,0,19.9862994665775,25.4228532394993,0,22086.6834695467,1091.49124183509,-20995.1922277116,1,1,mix_E40_C60,0.42,0,0.58,1
42,NORMAL,70.756,56.1535280082904,12.4758230137131,0,17.2285174951276,11.477757172616,0,21.1081252771297,14.6024719917096,0,23070.2720855868,1123.07056016581,-21947.201525421,1,1,mix_E40_C60,0.42,0,0.58,1
43,NORMAL,81.34,55.0995406339742,12.0730435005442,0,16.6722981674182,11.1072000205007,0,20.4988640975327,26.2404593660258,0,22535.8960614768,1101.99081267948,-21433.9052487973,1,1,mix_E40_C60,0.42,0,0.58,1
44,NORMAL,111.328,55.4119876670805,12.1924648098863,0,16.8372133088906,11.2170676250954,0,20.6799421363585,55.9160123329196,0,22694.5529957384,1108.23975334161,-21586.3132423968,1,1,mix_E40_C60,0.42,0,0.58,1
45,NORMAL,186.9448,55.5195486600616,12.2335863000641,0,16.89400012866,11.254899396059,0,20.7425160919811,131.425251339938,0,22749.2956715471,1110.39097320123,-21638.9046983459,1,1,mix_E40_C60,0.42,0,0.58,1
46,NORMAL,364.5796,54.1015754339959,11.6917057460675,0,16.1456888874265,10.7563692863821,0,19.9226733376871,310.478024566004,0,19233.6296119411,1082.03150867992,-18151.5981032612,1,1,mix_E40_C60,0.42,0,0.58,1
47,NORMAL,576.31054904882,56.3550697710001,12.5529232290609,0,17.3349892210841,11.548689370736,0,21.2265358273931,519.95547927782,0,20170.7960871615,1127.10139542,-19043.6946917415,1,1,mix_E40_C60,0.42,0,0.58,1
0,NORMAL,327.969049616543,125.246903812373,7.0848366154666,0,25.1189661821088,6.51804968622928,0,28.4100252847013,202.72214580417,0,21169.3445670457,2504.93810332246,-40525.4064637232,1,1,mix_E20_C80,0.22,0,0.78,1
1,NORMAL,314.917570879358,57.0324666526267,6.70118551681589,0,23.7587486505291,6.16509067547062,0,26.9921174100288,257.885104226731,0,20375.6804671274,1140.64933305253,-19235.0311340748,1,1,mix_E20_C80,0.219999999999999,0,0.78,1
2,NORMAL,291.840438733695,59.4223840917865,7.18410385722756,0,25.470913675625,6.60937554864935,0,28.7768026959885,232.418054641909,0,21374.6514796701,1188.44768183573,-20186.2037978344,1,1,mix_E20_C80,0.22,0,0.78,1
3,NORMAL,232.456082987042,58.754804888725,7.04920837866658,0,24.9926478879998,6.48527170837325,0,28.2782274467867,173.701278098317,0,21095.5789334029,1175.0960977745,-19920.4828356284,1,1,mix_E20_C80,0.22,0,0.78,1
4,NORMAL,189.034659350842,58.1482859693534,6.92665123597036,0,24.5581271093495,6.37251913709273,0,27.8252517116369,130.886373381489,0,20842.0304487207,1162.96571938707,-19679.0647293336,1,1,mix_E20_C80,0.219999999999999,0,0.78,1
5,NORMAL,158.383746939714,59.1885144205752,7.13684462610111,0,25.3033582198131,6.56589705601302,0,28.6020192320982,99.1952325191386,0,21276.8249094922,1183.7702884115,-20093.0546210807,1,1,mix_E20_C80,0.22,0,0.78,1
6,NORMAL,149.704634262795,58.343191658722,6.96603341378937,0,24.6977548307078,6.40875074068622,0,27.9707132236934,91.3614426040726,0,20923.4567896114,1166.86383317444,-19756.5929564369,1,1,mix_E20_C80,0.22,0,0.78,1
7,NORMAL,158.133331487122,61.6715748824801,7.63858542024107,0,27.0822573990366,7.02749858662179,0,30.4561964619595,96.4617566046416,0,23157.9977221636,1233.4314976496,-21924.566224514,1,1,mix_E20_C80,0.219999999999999,0,0.780000000000001,1
8,NORMAL,179.434951368027,59.1504032918844,7.12914146672887,0,25.2760470184024,6.55881014939057,0,28.5734233313494,120.284548076143,0,22047.8833194553,1183.00806583769,-20864.8752536176,1,1,mix_E20_C80,0.22,0,0.78,1
9,NORMAL,204.820843804893,48.7552004857622,4.83165668219689,0,17.1304191459709,4.44512414762114,0,20.994943402635,156.06564331913,0,17497.7163944611,975.104009715243,-16522.6123847458,1,1,mix_E20_C80,0.219999999999999,0,0.780000000000001,1
10,NORMAL,233.9947898688,49.2565270530864,4.92898846046897,0,17.4755045416628,4.53466938363145,0,21.3729967964191,184.738262815714,0,17718.9793763169,985.130541061728,-16733.8488352552,1,1,mix_E20_C80,0.22,0,0.78,1
11,NORMAL,254.1043898688,48.5028028106111,4.78265235727841,0,16.9566765394417,4.40004016869614,0,20.8045262461843,205.601587058189,0,17386.2775838227,970.056056212223,-16416.2215276105,1,1,mix_E20_C80,0.219999999999999,0,0.780000000000001,1
12,NORMAL,221.578,48.0676361233934,4.76805807516823,0,16.9049331755965,4.38661342915477,0,20.7478050269866,173.510363876607,0,17353.083347989,961.352722467868,-16391.7306255212,1,1,mix_E20_C80,0.219999999999999,0,0.780000000000001,1
13,NORMAL,196.9996,47.6692675655219,4.69071438428496,0,16.6307146351922,4.31545723354217,0,20.4473351823884,149.330332434478,0,17177.2321952694,953.385351310437,-16223.846843959,1,1,mix_E20_C80,0.22,0,0.78,1
14,NORMAL,159.0148,47.5053385006063,4.65888699300869,0,16.5178720661218,4.286176033568,0,20.3236729604568,111.509461499394,0,17104.8598523129,950.106770012126,-16154.7530823008,1,1,mix_E20_C80,0.219999999999999,0,0.780000000000001,1
15,NORMAL,135.436,49.1022816410232,4.96893219480539,0,17.6171232361283,4.57141761922096,0,21.5280014710202,86.3337183589768,0,17809.7110784296,982.045632820463,-16827.6654456092,1,1,mix_E20_C80,0.219999999999999,0,0.780000000000001,1
16,NORMAL,124.074470669534,48.4541405948844,4.77320106949161,0,16.9231674281976,4.39134498393228,0,20.7676630881262,75.6203300746492,0,17364.7157382787,969.082811897688,-16395.6329263811,1,1,mix_E20_C80,0.219999999999999,0,0.780000000000001,1
17,NORMAL,115.865415331254,49.7947000915587,5.03346992303619,0,17.8459388180374,4.6307923291933,0,21.7786313530697,66.070715239695,0,19160.4069206347,995.894001831175,-18164.5129188035,1,1,mix_E20_C80,0.22,0,0.78,1
18,NORMAL,111.446227758567,48.1487384622848,4.71390602184029,0,16.7129395319793,4.33679354009307,0,20.5372747591779,63.2974892962818,0,18357.4493744467,962.974769245696,-17394.474605201,1,1,mix_E20_C80,0.219999999999999,0,0.780000000000001,1
19,NORMAL,110.167470774166,48.513876449265,4.78479662951124,0,16.9642789591763,4.40201289915035,0,20.8126154564419,61.6535943249015,0,18535.5557256941,970.2775289853,-17565.2781967088,1,1,mix_E20_C80,0.22,0,0.78,1
20,NORMAL,109.854633421327,48.055627183259,4.69582712202327,0,16.6488416144462,4.32016095226141,0,20.4669892447738,61.7990062380685,0,18311.994412789,961.11254366518,-17350.8818691238,1,1,mix_E20_C80,0.219999999999999,0,0.780000000000001,1
21,NORMAL,120.438633421327,49.7707627313299,5.02881963949089,0,17.8294514491041,4.62651406833162,0,21.7604414875761,70.6678706899975,0,19148.6594661537,995.415254626598,-18153.2442115271,1,1,mix_E20_C80,0.22,0,0.78,1
22,NORMAL,135.451470774166,58.6050740550763,7.0189389494709,0,24.8853290026696,6.45742383351323,0,28.165565870142,76.8463967190902,0,21807.4555151358,1172.10148110153,-20635.3540340342,1,1,mix_E20_C80,0.22,0,0.78,1
23,NORMAL,149.660359508325,58.8556941579011,7.06957985715851,0,25.0648740390166,6.50401346858582,0,28.3526714970511,90.8046653504241,0,21917.7805972164,1177.11388315802,-20740.6667140584,1,1,mix_E20_C80,0.219999999999999,0,0.780000000000001,1
24,NORMAL,176.716251931771,57.9696992309483,6.96329378639048,0,24.6880416062936,6.40623028347924,0,27.9598413090345,118.746552700822,0,20917.4159225523,1159.39398461897,-19758.0219379333,1,1,mix_E20_C80,0.219999999999999,0,0.780000000000001,1
25,NORMAL,211.253226442193,59.8935074963459,7.35203754548847,0,26.0663149340046,6.76387454184939,0,29.3969618001567,151.359718945847,0,21721.8107901222,1197.87014992692,-20523.9406401953,1,1,mix_E20_C80,0.22,0,0.78,1
26,NORMAL,234.917611746144,59.9499460090481,7.36345012877515,0,26.1067777292938,6.77437411847314,0,29.4396308649004,174.967665737096,0,21745.6652208838,1198.99892018096,-20546.6663007028,1,1,mix_E20_C80,0.22,0,0.78,1
27,NORMAL,235.344559933185,58.832987233501,7.1377592449901,0,25.3066009595104,6.56673850539089,0,28.6060232724128,176.511572699684,0,21279.0288775002,1176.65974467002,-20102.3691328302,1,1,mix_E20_C80,0.22,0,0.78,1
28,NORMAL,209.956409748643,59.1555750322867,7.20295143027931,0,25.5377368891721,6.62671531585696,0,28.8474401693405,150.800834716356,0,21414.1317604759,1183.11150064573,-20231.0202598302,1,1,mix_E20_C80,0.22,0,0.78,1
29,NORMAL,173.53876448071,59.6237716950359,7.29756623875351,0,25.8731893919444,6.71376093965323,0,29.197608496443,113.914992785674,0,21610.1068737383,1192.47543390072,-20417.6314398376,1,1,mix_E20_C80,0.219999999999999,0,0.780000000000001,1
30,NORMAL,149.387038948077,59.95193420473,7.36388498858057,0,26.1083195049675,6.77477418949412,0,29.4432080154366,89.435104743347,0,21747.5498131969,1199.0386840946,-20548.5111291023,1,1,mix_E20_C80,0.22,0,0.78,1
31,NORMAL,119.828151936921,58.4209434673753,7.05453253229862,0,25.0115244326952,6.49016992971473,0,28.3003241298793,61.4072084695453,0,21886.6232396369,1168.41886934751,-20718.2043702894,1,1,mix_E20_C80,0.22,0,0.78,1
32,NORMAL,103.495924044676,47.5233837455621,4.6624469892238,0,16.5304938708845,4.28945123008589,0,20.3398361167673,55.9725402991142,0,17114.1205012146,950.467674911242,-16163.6528263033,1,1,mix_E20_C80,0.219999999999999,0,0.780000000000001,1
33,NORMAL,99.4747257814166,48.0266111822429,4.7601561718977,0,16.8769173367283,4.37934367814588,0,20.719768829765,51.4481145991737,0,17336.448139015,960.532223644857,-16375.9159153702,1,1,mix_E20_C80,0.219999999999999,0,0.780000000000001,1
34,NORMAL,111.328,48.6202027701159,4.8754097197927,0,17.2855435519924,4.48537694220928,0,21.167875948036,62.7077972298842,0,17598.6736732133,972.404055402317,-16626.269617811,1,1,mix_E20_C80,0.219999999999999,0,0.780000000000001,1
35,NORMAL,129.11085859082,48.8114317238793,4.84265080815416,0,17.1693983198193,4.45523874350183,0,21.0409454225665,80.2994268669407,0,17524.3586589439,976.228634477586,-16548.1300244663,1,1,mix_E20_C80,0.22,0,0.78,1
36,NORMAL,139.385415331254,49.2235013189658,4.92266202469311,0,17.4530744511847,4.52884906271766,0,21.3521490135898,90.1619140122881,0,17706.4601693732,984.470026379315,-16721.9901429939,1,1,mix_E20_C80,0.219999999999999,0,0.780000000000001,1
37,NORMAL,139.082227758567,48.6620776077463,4.81366965867663,0,17.0666469716718,4.4285760859825,0,20.929026817543,90.4201501508202,0,17458.8007997252,973.241552154926,-16485.5592475703,1,1,mix_E20_C80,0.219999999999999,0,0.780000000000001,1
38,NORMAL,137.803470774166,48.7822685320739,4.83701263995332,0,17.1494084507437,4.45005162875705,0,21.0200622969703,89.0212022420926,0,17512.0497348377,975.645370641478,-16536.4043641962,1,1,mix_E20_C80,0.219999999999999,0,0.780000000000001,1
39,NORMAL,123.966633421327,48.2576746420655,4.73517093462932,0,16.7883333136858,4.35635725985898,0,20.6247016140389,75.7089587792619,0,17280.6394205687,965.15349284131,-16315.4859277274,1,1,mix_E20_C80,0.22,0,0.78,1
40,NORMAL,100.171470774166,48.6844363511942,4.81803445794579,0,17.0821221690806,4.43259170131013,0,20.9470036314146,51.4870344229722,0,17469.2348281789,973.688727023884,-16495.546101155,1,1,mix_E20_C80,0.219999999999999,0,0.780000000000001,1
41,NORMAL,79.9974153312537,47.4104554431011,4.57070004184082,0,16.2052092392539,4.20504403849356,0,19.9862994665775,32.5869598881526,0,18000.2770371548,948.209108862022,-17052.0679282927,1,1,mix_E20_C80,0.219999999999999,0,0.780000000000001,1
42,NORMAL,70.756,48.5370304419209,4.85932544734365,0,17.2285174951276,4.47057941155616,0,21.1081252771297,22.2189695580791,0,18725.8218737297,970.740608838419,-17755.0812648913,1,1,mix_E20_C80,0.219999999999999,0,0.780000000000001,1
43,NORMAL,81.34,47.7289402062915,4.70244307286154,0,16.6722981674182,4.32624762703262,0,20.4988640975327,33.6110597937085,0,18331.7055775266,954.578804125829,-17377.1267734008,1,1,mix_E20_C80,0.22,0,0.78,1
44,NORMAL,111.328,47.9684804571377,4.74895759994349,0,16.8372133088906,4.36904099194802,0,20.6799421363585,63.3595195428624,0,18448.776483187,959.369609142753,-17489.4068740443,1,1,mix_E20_C80,0.22,0,0.78,1
45,NORMAL,186.9448,48.0509367552605,4.76497439526307,0,16.89400012866,4.38377644364202,0,20.7425160919811,138.893863244739,0,18489.1994410486,961.018735105211,-17528.1807059434,1,1,mix_E20_C80,0.22,0,0.78,1
46,NORMAL,364.5796,46.9637819382282,4.55391225029976,0,16.1456888874265,4.18959927027578,0,19.9226733376871,317.615818061772,0,16869.5924061428,939.275638764564,-15930.3167673783,1,1,mix_E20_C80,0.22,0,0.78,1
47,NORMAL,576.31054904882,48.6915024760911,4.88935593415189,0,17.3349892210841,4.49820745941974,0,21.2265358273931,527.619046572729,0,17632.6225990877,973.830049521823,-16658.7925495658,1,1,mix_E20_C80,0.219999999999999,0,0.780000000000001,1
0,NORMAL,327.969049616543,218.162067196907,0,100,25.1189661821088,0,0,28.4100252847013,109.806982419637,0,19605.0126423507,110528.469484453,19106.4941857701,1,1,mix_H80_C20,0,0.799239340376674,0.200760659623326,1
1,NORMAL,314.917570879358,150.331281135811,0,100,23.7587486505291,0,0,26.9921174100289,164.586289743547,0,18896.0587050144,9171.85373615641,-59680.1676251906,1,1,mix_H80_C20,0,0.808023683904406,0.191976316095594,1
2,NORMAL,291.840438733695,152.238280234559,0,100,25.470913675625,0,0,28.7768026959885,139.602158499136,0,19788.4013479943,9209.99371813138,-60534.3702861955,1,1,mix_H80_C20,0,0.796997463958269,0.203002536041731,1
3,NORMAL,232.456082987042,151.705596510058,0,100,24.9926478879997,0,0,28.2782274467867,80.7504864769837,0,19539.1137233933,9199.34004364136,-60295.7363360845,1,1,mix_H80_C20,0,0.800047056284506,0.199952943715494,1
4,NORMAL,189.034659350842,151.221634733383,0,100,24.5581271093495,0,0,27.8252517116369,37.813024617459,0,19312.6258558185,9189.66080810786,-60078.9277040432,1,1,mix_H80_C20,0,0.802838018848903,0.197161981151097,1
5,NORMAL,158.383746939714,152.051669794474,0,100,25.303358219813,0,0,28.6020192320982,6.33207714523974,0,19701.0096160491,9206.26150932968,-60450.710763052,1,1,mix_H80_C20,0,0.798063207728043,0.201936792271957,1
6,NORMAL,149.704634262795,149.704634262795,0,100,23.0252308485698,0,0,26.4054359805127,0,0,18602.7179902563,9159.32079869609,-59399.3598478928,1,1,mix_H80_C20,0,0.81284139286102,0.18715860713898,1
7,NORMAL,158.133331487122,154.032989462239,0,100,27.0822573990366,0,0,30.4561964619595,4.10034202488262,0,20628.0982309798,9245.88790268498,-61338.1729846273,1,1,mix_H80_C20,0,0.786891908018295,0.213108091981705,1
8,NORMAL,179.434951368027,152.021261825156,0,100,25.2760470184024,0,0,28.5734233313494,27.4136895428717,0,19686.7116656747,9205.65334994331,-60437.020972064,1,1,mix_H80_C20,0,0.798237192025308,0.201762807974692,1
9,NORMAL,204.820843804893,121.962119912988,0,78.0385761094228,17.1304191459709,0,0,20.994943402635,82.8587238919045,0,15897.4717013175,7250.49863188632,-47631.895008188,1,1,mix_H80_C20,0,0.82,0.18,1
10,NORMAL,233.9947898688,123.938170393526,0,79.6106318009081,17.4755045416628,0,0,21.3729967964192,110.056619475275,0,16086.4983982096,7386.94046094746,-48469.8154301942,1,1,mix_H80_C20,0,0.82,0.18,1
11,NORMAL,254.1043898688,120.967232466345,0,77.2470820130121,16.9566765394417,0,0,20.8045262461843,133.137157402455,0,15802.2631230921,7181.80346640533,-47209.9831002137,1,1,mix_H80_C20,0,0.82,0.18,1
12,NORMAL,221.578,120.310940292609,0,77.011362244384,16.9049331755965,0,0,20.7478050269866,101.267059707391,0,15773.9025134933,7154.14496148622,-47091.5249159446,1,1,mix_H80_C20,0,0.82,0.18,1
13,NORMAL,196.9996,118.740697630446,0,75.7621444492088,16.6307146351922,0,0,20.4473351823884,78.2589023695542,0,15623.6675911942,7045.7229815367,-46425.6531983409,1,1,mix_H80_C20,0,0.82,0.18,1
14,NORMAL,159.0148,118.094535364375,0,75.248083856777,16.5178720661218,0,0,20.3236729604568,40.9202646356254,0,15561.8364802284,7001.10672805056,-46151.6344232752,1,1,mix_H80_C20,0,0.82,0.18,1
15,NORMAL,135.436,124.389133077469,0,80.2557836312511,17.6171232361283,0,0,21.5280014710202,11.0468669225311,0,16164.0007355101,27435.7347966461,-28820.815239239,1,1,mix_H80_C20,0,0.82,0.18,1
16,NORMAL,124.074470669534,120.775368920515,0,77.0944293951224,16.9231674281976,0,0,20.7676630881262,3.29910174901843,0,15783.8315440631,7168.55481337469,-47128.5410894285,1,1,mix_H80_C20,0,0.82,0.18,1
17,NORMAL,115.865415331254,115.865415331254,0,79.3985438477901,17.4289486495149,0,0,21.3883866134345,0,0,16094.1933067172,7448.73070908726,-45432.4570116532,1,1,mix_H80_C20,0,0.82,0.18,1
18,NORMAL,111.446227758567,111.446227758567,0,60,15.9959486821941,0,0,19.8662722294564,0,0,15333.1361147282,5928.06142323545,-42255.9647855428,1,1,mix_H80_C20,0,0.789515770780266,0.210484229219734,1
19,NORMAL,110.167470774166,110.167470774166,0,77.2817152584696,16.9642789591763,0,0,20.8126154564419,0,0,15806.3077282209,27293.243180269,-23159.2224852697,1,1,mix_H80_C20,0,0.82,0.18,1
20,NORMAL,109.854633421327,109.854633421327,0,60,13.1707317073171,0,0,17.2119783227704,0,0,14005.9891613852,5896.22953649067,-41370.9179667334,1,1,mix_H80_C20,0,0.82,0.18,1
21,NORMAL,120.438633421327,120.438633421327,0,76.6914362584459,16.8347055201466,0,0,20.8295037807107,0,0,15814.7518903553,27136.9746572333,-26989.7224909963,1,1,mix_H80_C20,0,0.82,0.18,1
22,NORMAL,135.451470774166,135.451470774166,0,89.1755450304092,19.5751196408215,0,0,23.1959891773021,0,0,16997.9945886511,28206.9051880116,-33339.5913746116,1,1,mix_H80_C20,0,0.82,0.18,1
23,NORMAL,149.660359508325,149.660359508325,0,100,21.9512195121951,0,0,25.4387524684279,0,0,18119.376234214,9158.4353036067,-59242.5647343861,1,1,mix_H80_C20,0,0.82,0.18,1
24,NORMAL,176.716251931771,152.060326214741,0,100,24.6880416062936,0,0,27.9598413090345,24.6559257170297,0,19379.9206545173,9206.43463773502,-60476.8736550056,1,1,mix_H80_C20,0,0.80200152886957,0.19799847113043,1
25,NORMAL,211.253226442193,152.541469950857,0,100,26.0663149340046,0,0,29.3969618001567,58.7117564913352,0,20098.4809000784,9216.05751245735,-60838.3860439535,1,1,mix_H80_C20,0,0.793233307821758,0.206766692178242,1
26,NORMAL,234.917611746144,152.586495880273,0,100,26.1067777292938,0,0,29.4396308649004,82.3311158658709,0,20119.8154324502,9216.95803104566,-60858.820057737,1,1,mix_H80_C20,0,0.792978789884429,0.207021210115571,1
27,NORMAL,235.344559933185,151.695227988511,0,100,25.3066009595104,0,0,28.6060232724128,83.6493319446736,0,19703.0116362064,9199.13267321042,-60459.8416193285,1,1,mix_H80_C20,0,0.798042555095022,0.201957444904978,1
28,NORMAL,209.956409748643,151.952623602007,0,100,25.5377368891722,0,0,28.8474401693406,58.0037861466356,0,19823.7200846703,9204.28058548034,-60575.4021555224,1,1,mix_H80_C20,0,0.79657322553363,0.20342677446637,1
29,NORMAL,173.53876448071,152.326205456282,0,100,25.8731893919444,0,0,29.197608496443,21.2125590244271,0,19998.8042482215,9211.75222256584,-60743.0146819882,1,1,mix_H80_C20,0,0.794450355020557,0.205549644979443,1
30,NORMAL,149.387038948077,149.387038948077,0,100,22.907309236895,0,0,26.4472176876568,0,0,18623.6088438284,9152.96889240174,-59426.6026077591,1,1,mix_H80_C20,0,0.813621261590368,0.186378738409632,1
31,NORMAL,119.828151936921,119.828151936921,0,100,21.9512195121951,0,0,25.4359755346581,0,0,18117.9877673291,9416.12977450829,-48255.8732123674,1,1,mix_H80_C20,0,0.82,0.18,1
32,NORMAL,103.495924044676,103.495924044676,0,60,13.1707317073171,0,0,17.1951483122554,0,0,13997.5741561277,5769.05534895764,-39518.9655577902,1,1,mix_H80_C20,0,0.82,0.18,1
33,NORMAL,99.4747257814166,99.4747257814166,0,59.9298542483958,13.1553338594039,0,0,17.2363588034172,0,0,14018.1794017086,5684.30673809416,-38272.4082719375,1,1,mix_H80_C20,0,0.82,0.18,1
34,NORMAL,111.328,111.328,0,60,13.1707317073171,0,0,17.3163338851139,0,0,14058.166942557,5925.69686806412,-41962.2995638506,1,1,mix_H80_C20,0,0.82,0.18,1
35,NORMAL,129.11085859082,129.11085859082,0,78.2161479013991,17.1693983198193,0,0,21.0409454225665,0,0,15920.4727112832,27404.4211114834,-29872.8139865435,1,1,mix_H80_C20,0,0.82,0.18,1
36,NORMAL,139.385415331254,132.745111305574,0,79.5084502776193,17.4530744511847,0,0,21.3521490135898,6.64030402567968,0,16076.0745067949,7556.77955518789,-51184.2003154315,1,1,mix_H80_C20,0,0.82,0.18,1
37,NORMAL,139.082227758567,121.596466375574,0,77.7480584265047,17.0666469716718,0,0,20.929026817543,17.4857613829922,0,15864.5134087715,7225.27448327626,-47479.0299590636,1,1,mix_H80_C20,0,0.82,0.18,1
38,NORMAL,137.803470774166,122.070338834397,0,78.1250829422766,17.1494084507436,0,0,21.0200622969703,15.7331319397693,0,15910.0311484852,7257.99635389365,-47680.1720544641,1,1,mix_H80_C20,0,0.82,0.18,1
39,NORMAL,123.966633421327,120.002688803116,0,76.4801850956798,16.7883333136858,0,0,20.6247016140389,3.96394461821147,0,15712.3508070194,7115.23164879227,-46803.531864119,1,1,mix_H80_C20,0,0.82,0.18,1
40,NORMAL,100.171470774166,100.171470774166,0,60,13.3871910499986,0,0,17.4881036733927,0,0,14144.0518366964,5702.56628354744,-38415.0631469484,1,1,mix_H80_C20,0,0.817581367286862,0.182418632713138,1
41,NORMAL,79.9974153312537,79.9974153312537,0,45.9729074841932,10.0916138379936,0,0,14.2631356077604,0,0,12531.5678038802,24515.3324879946,-9995.62981380365,1,1,mix_H80_C20,0,0.82,0.18,1
42,NORMAL,70.756,70.756,0,36.3315862504512,7.97522625009905,0,0,12.4456192317116,0,0,11622.8096158558,3655.04516957159,-26117.5581060129,1,1,mix_H80_C20,0,0.82,0.18,1
43,NORMAL,81.34,81.34,0,45.0883568478704,9.89744418611788,0,0,14.1564427414119,0,0,12478.221370706,24406.6000522731,-10595.944027709,1,1,mix_H80_C20,0,0.82,0.18,1
44,NORMAL,111.328,111.328,0,69.6554661703911,15.2902242813053,0,0,19.2316698589143,0,0,15015.8349294571,26520.9783828848,-23291.9152147472,1,1,mix_H80_C20,0,0.82,0.18,1
45,NORMAL,186.9448,123.241038892739,0,76.9615561416734,16.89400012866,0,0,20.7425160919811,63.7037611072605,0,15771.2580459905,7209.6762736423,-47995.2820151309,1,1,mix_H80_C20,0,0.82,0.18,1
46,NORMAL,364.5796,115.962452397316,0,73.5525827093872,16.1456888874265,0,0,19.9226733376871,248.617147602684,0,15361.3366688436,6853.93355530681,-45251.3038646062,1,1,mix_H80_C20,0,0.82,0.18,1
47,NORMAL,576.31054904882,122.772652993544,0,78.9705064516051,17.3349892210841,0,0,21.2265358273931,453.537896055276,0,16013.2679136966,7324.16492495135,-48139.5797012257,1,1,mix_H80_C20,0,0.82,0.18,1
0,NORMAL,327.969049616543,159.145643501795,0,40.9835764023881,25.1189661821088,0,0,28.4100252847013,168.823406114749,0,19605.0126423507,105709.643844289,43769.891079132,1,1,mix_H60_C40,0,0.62,0.38,1
1,NORMAL,314.917570879358,89.095555249832,0,38.7642741140212,23.7587486505291,0,0,26.9921174100288,225.822015629526,0,18896.0587050144,4171.8170306453,-34089.3079747679,1,1,mix_H60_C40,0,0.62,0.38,1
2,NORMAL,291.840438733695,93.7960867579472,0,41.5578065233882,25.470913675625,0,0,28.7768026959885,198.044351975748,0,19788.4013479943,24438.055306268,-16110.948349341,1,1,mix_H60_C40,0,0.62,0.38,1
3,NORMAL,232.456082987042,92.4830746431106,0,40.7774781330522,24.9926478879998,0,0,28.2782274467867,139.973008343931,0,19539.1137233934,4363.68603867308,-35546.209433062,1,1,mix_H60_C40,0,0.62,0.38,1
4,NORMAL,189.034659350842,91.2901579117954,0,40.0685231784124,24.5581271093495,0,0,27.8252517116369,97.7445014390466,0,19312.6258558185,4296.11901387169,-35033.1233178984,1,1,mix_H60_C40,0,0.62,0.38,1
5,NORMAL,158.383746939714,93.3360963636427,0,41.2844265691687,25.3033582198131,0,0,28.6020192320982,65.047650576071,0,19701.0096160491,4412.00100058782,-35913.0413352362,1,1,mix_H60_C40,0,0.62,0.38,1
6,NORMAL,149.704634262795,91.6734950739822,0,40.2963368290496,24.6977548307078,0,0,27.9707132236934,58.0311391888123,0,19385.3566118467,4317.83098835077,-35197.9486016859,1,1,mix_H60_C40,0,0.62,0.38,1
7,NORMAL,158.133331487122,98.2198304817198,0,44.1868410194808,27.0822573990366,0,0,30.4561964619595,59.9135010054018,0,20628.0982309798,4688.61615460855,-38013.4438750761,1,1,mix_H60_C40,0,0.62,0.38,1
8,NORMAL,179.434951368027,93.2611280130753,0,41.2398661879198,25.2760470184024,0,0,28.5734233313494,86.1738233549519,0,19686.7116656747,4407.75438442425,-35880.7294336092,1,1,mix_H60_C40,0,0.62,0.38,1
9,NORMAL,204.820843804893,71.8731750417282,0,27.949631238163,17.1304191459709,0,0,20.994943402635,132.947668763164,0,15897.4717013175,3160.62202353265,-26699.3570217042,1,1,mix_H60_C40,0,0.62,0.38,1
10,NORMAL,233.9947898688,72.8402038974356,0,28.5126653048182,17.4755045416628,0,0,21.3729967964191,161.154585971365,0,16086.4983982096,3214.67493521247,-27115.5998949972,1,1,mix_H60_C40,0,0.62,0.38,1
11,NORMAL,254.1043898688,71.3863069124218,0,27.6661564590891,16.9566765394417,0,0,20.8045262461842,182.718082956378,0,15802.2631230921,3133.40779417255,-26489.7501180647,1,1,mix_H60_C40,0,0.62,0.38,1
12,NORMAL,221.578,70.8813111241984,0,27.5817330759732,16.9049331755965,0,0,20.7478050269866,150.696688875802,0,15773.9025134933,3118.1029842579,-26434.5198046379,1,1,mix_H60_C40,0,0.62,0.38,1
13,NORMAL,196.9996,70.1128770597084,0,27.1343238784715,16.6307146351922,0,0,20.4473351823884,126.886722940292,0,15623.6675911942,3075.15050534161,-26103.7297896301,1,1,mix_H60_C40,0,0.62,0.38,1
14,NORMAL,159.0148,69.7966638260068,0,26.9502123184092,16.5178720661218,0,0,20.3236729604568,89.2181361739932,0,15561.8364802284,3057.47534300653,-25967.5991388087,1,1,mix_H60_C40,0,0.62,0.38,1
15,NORMAL,135.436,72.8770768314797,0,28.743727385262,17.6171232361283,0,0,21.5280014710202,62.5589231685203,0,16164.0007355101,3229.65789823637,-27293.5485558932,1,1,mix_H60_C40,0,0.62,0.38,1
16,NORMAL,124.074470669534,71.292423224031,0,27.6114836986382,16.9231674281976,0,0,20.7676630881262,52.7820474455027,0,15783.8315440631,3128.15942000702,-26449.2546094071,1,1,mix_H60_C40,0,0.62,0.38,1
17,NORMAL,115.865415331254,73.8782882400573,0,29.1170580715347,17.8459388180374,0,0,21.7786313530697,41.9871270911965,0,16289.3156765349,3272.69881483411,-27562.3235185393,1,1,mix_H60_C40,0,0.62,0.38,1
18,NORMAL,111.446227758567,70.7033127294633,0,27.2684802890188,16.7129395319793,0,0,20.5372747591779,40.7429150291032,0,15668.637379589,3095.23026747575,-26195.6389422448,1,1,mix_H60_C40,0,0.62,0.38,1
19,NORMAL,110.167470774166,71.4076402268308,0,27.678560407077,16.9642789591763,0,0,20.8126154564419,38.7598305473357,0,15806.3077282209,3134.59919214926,-26498.7998368415,1,1,mix_H60_C40,0,0.62,0.38,1
20,NORMAL,109.854633421327,70.5236995374375,0,27.1638994762017,16.6488416144462,0,0,20.4669892447738,39.33093388389,0,15633.4946223869,3085.19035796217,-26118.2917427598,1,1,mix_H60_C40,0,0.62,0.38,1
21,NORMAL,120.438633421327,73.8321007193246,0,29.0901576274856,17.8294514491041,0,0,21.7604414875761,46.6065327020028,0,16280.2207437881,3270.1165906803,-27542.3724341628,1,1,mix_H60_C40,0,0.62,0.38,1
22,NORMAL,135.451470774166,92.1885140046979,0,40.6023788990925,24.8853290026696,0,0,28.165565870142,43.2629567694686,0,19482.782935071,24346.9995587063,-15419.092616778,1,1,mix_H60_C40,0,0.62,0.38,1
23,NORMAL,149.660359508325,92.6814351012434,0,40.8953208005007,25.0648740390166,0,0,28.3526714970511,56.9789244070819,0,19576.3357485255,4374.9185170989,-35631.0684187122,1,1,mix_H60_C40,0,0.62,0.38,1
24,NORMAL,176.716251931771,91.2868943811421,0,40.2804889365842,24.6880416062936,0,0,27.9598413090345,85.4293575506286,0,19379.9206545173,4309.1219157723,-35193.3047496931,1,1,mix_H60_C40,0,0.62,0.38,1
25,NORMAL,211.253226442193,95.0707206326545,0,42.529250681797,26.0663149340046,0,0,29.3969618001567,116.182505809538,0,20098.4809000784,4523.4397321227,-36820.9377565722,1,1,mix_H60_C40,0,0.62,0.38,1
26,NORMAL,234.917611746144,95.1817648070155,0,42.5952689267425,26.1067777292938,0,0,29.4396308649004,139.735846939128,0,20119.8154324502,4529.73079100729,-36868.9612798508,1,1,mix_H60_C40,0,0.62,0.38,1
27,NORMAL,235.344559933185,92.9849453435016,0,41.2897173549907,25.3066009595104,0,0,28.6060232724128,142.359614589683,0,19703.0116362064,4405.30416919991,-35924.3832497709,1,1,mix_H60_C40,0,0.62,0.38,1
28,NORMAL,209.956409748643,93.6194574738145,0,41.6668338718072,25.5377368891721,0,0,28.8474401693405,116.336952274828,0,19823.7200846703,4441.24450532137,-36197.543548425,1,1,mix_H60_C40,0,0.62,0.38,1
29,NORMAL,173.53876448071,94.5403565694547,0,42.2141511131724,25.8731893919444,0,0,29.197608496443,78.9984079112548,0,19998.8042482215,4493.40584366852,-36593.8839703372,1,1,mix_H60_C40,0,0.62,0.38,1
30,NORMAL,149.387038948077,95.1858336716228,0,42.5977844554733,26.1083195049675,0,0,29.4432080154366,54.2012052764542,0,20121.6040077183,4529.96725638395,-36871.7700463356,1,1,mix_H60_C40,0,0.62,0.38,1
31,NORMAL,119.828151936921,92.1746876410531,0,40.8082767059764,25.0115244326952,0,0,28.3003241298793,27.6534642958676,0,19550.1620649396,4359.41710090838,-35576.9124359617,1,1,mix_H60_C40,0,0.62,0.38,1
32,NORMAL,103.495924044676,69.8317425456761,0,26.9708057893378,16.5304938708845,0,0,20.3398361167673,33.6641814990002,0,15569.9180583837,3059.44655185913,-25983.9971747581,1,1,mix_H60_C40,0,0.62,0.38,1
33,NORMAL,99.4747257814166,70.8024780334281,0,27.536023023083,16.8769173367283,0,0,20.719768829765,28.6722477479884,0,15759.8844148825,3113.70819341104,-26402.0615999219,1,1,mix_H60_C40,0,0.62,0.38,1
34,NORMAL,111.328,71.9475220035739,0,28.2027289532507,17.2855435519924,0,0,21.167875948036,39.3804779964262,0,15983.937974018,3177.71301425463,-26895.169703716,1,1,mix_H60_C40,0,0.62,0.38,1
35,NORMAL,129.11085859082,71.9820097533251,0,28.0132288375999,17.1693983198193,0,0,21.0409454225665,57.128848837495,0,15920.4727112832,3166.71965484455,-26748.0311933831,1,1,mix_H60_C40,0,0.62,0.38,1
36,NORMAL,139.385415331254,72.7769081356793,0,28.4760688414066,17.4530744511847,0,0,21.3521490135898,66.6085071955745,0,16076.0745067949,3211.15276452657,-27090.416058673,1,1,mix_H60_C40,0,0.62,0.38,1
37,NORMAL,139.082227758567,71.6939898502184,0,27.8455819011487,17.0666469716718,0,0,20.929026817543,67.3882379083482,0,15864.5134087715,3150.623440725,-26624.4184640228,1,1,mix_H60_C40,0,0.62,0.38,1
38,NORMAL,137.803470774166,71.925869680176,0,27.9806137880554,17.1494084507437,0,0,21.0200622969703,65.8776010939905,0,15910.0311484852,3163.58606117784,-26724.4300622809,1,1,mix_H60_C40,0,0.62,0.38,1
39,NORMAL,123.966633421327,70.9139949034499,0,27.3914911960137,16.7883333136858,0,0,20.6247016140389,53.0526385178776,0,15712.3508070194,3107.02781397613,-26289.0061059365,1,1,mix_H60_C40,0,0.62,0.38,1
40,NORMAL,100.171470774166,71.7372328006957,0,27.8708309074472,17.0821221690806,0,0,20.9470036314146,28.4342379734708,0,15873.5018157073,3153.04495856923,-26643.598737272,1,1,mix_H60_C40,0,0.62,0.38,1
41,NORMAL,79.9974153312537,69.2798336337272,0,26.4400782324669,16.2052092392539,0,0,19.9862994665775,10.7175816975266,0,15393.1497332888,3015.68780907818,-25585.8575323268,1,1,mix_H60_C40,0,0.62,0.38,1
42,NORMAL,70.756,70.756,0,28.1096864394187,17.2285174951276,0,0,21.1081252771297,0,0,15954.0626385649,3179.08803398281,-26440.7097728633,1,1,mix_H60_C40,0,0.62,0.38,1
43,NORMAL,81.34,71.371483820986,0,27.2021706942087,16.6722981674182,0,0,20.4988640975327,9.968516179014,0,15649.4320487664,3104.50555152506,-26510.762023159,1,1,mix_H60_C40,0,0.62,0.38,1
44,NORMAL,111.328,70.6907656243314,0,27.4712427671373,16.8372133088906,0,0,20.6799421363585,40.6372343756686,0,15739.9710681793,3107.48009467758,-26356.0147514832,1,1,mix_H60_C40,0,0.62,0.38,1
45,NORMAL,186.9448,70.8498573067585,0,27.5638949467611,16.89400012866,0,0,20.7425160919811,116.094942693241,0,15771.2580459905,3116.37414655201,-26424.6929656733,1,1,mix_H60_C40,0,0.62,0.38,1
46,NORMAL,364.5796,68.7528357674137,0,26.3429660794853,16.1456888874265,0,0,19.9226733376871,295.826764232586,0,15361.3366688436,2999.16066599472,-25522.0583000868,1,1,mix_H60_C40,0,0.62,0.38,1
47,NORMAL,576.31054904882,72.0855500079185,0,28.2834034659792,17.3349892210841,0,0,21.2265358273931,504.224999040902,0,16013.2679136966,3185.44734208064,-26957.0670450204,1,1,mix_H60_C40,0,0.62,0.38,1
0,NORMAL,327.969049616543,136.351663397744,0,18.1895962008374,25.1189661821088,0,0,28.4100252847013,191.617386218799,0,19605.0126423507,23848.4633937251,-26704.3371340535,1,1,mix_H40_C60,0,0.42,0.58,1
1,NORMAL,314.917570879358,67.5358922275733,0,17.2046110917625,23.7587486505291,0,0,26.9921174100289,247.381678651785,0,18896.0587050144,2411.42136438886,-25079.3664327937,1,1,mix_H40_C60,0,0.42,0.58,1
2,NORMAL,291.840438733695,70.682734965184,0,18.444454730625,25.470913675625,0,0,28.7768026959885,221.157703768511,0,19788.4013479943,2550.79740772693,-26451.7088576625,1,1,mix_H40_C60,0,0.42,0.58,1
3,NORMAL,232.456082987042,69.8037208427479,0,18.0981243326895,24.9926478879998,0,0,28.2782274467867,162.652362144294,0,19539.1137233934,2511.86506621929,-26068.3408903091,1,1,mix_H40_C60,0,0.42,0.58,1
4,NORMAL,189.034659350842,69.0051060884293,0,17.7834713550462,24.5581271093495,0,0,27.8252517116369,120.029553262413,0,19312.6258558185,2476.49369729548,-25720.0364676495,1,1,mix_H40_C60,0,0.42,0.58,1
5,NORMAL,158.383746939714,70.3747912639939,0,18.3231214695198,25.3033582198131,0,0,28.6020192320982,88.0089556757199,0,19701.0096160491,2537.15806137851,-26317.3432734584,1,1,mix_H40_C60,0,0.42,0.58,1
6,NORMAL,149.704634262795,69.2617393292383,0,17.8845810843057,24.6977548307079,0,0,27.9707132236934,80.4428949335563,0,19385.3566118467,2487.86000756539,-25831.9112519986,1,1,mix_H40_C60,0,0.42,0.58,1
7,NORMAL,158.133331487122,73.6442793029207,0,19.6112898406817,27.0822573990366,0,0,30.4561964619595,84.4890521842009,0,20628.0982309798,2681.96634072436,-27743.1405194915,1,1,mix_H40_C60,0,0.42,0.58,1
8,NORMAL,179.434951368027,70.3246062177918,0,18.3033443926362,25.2760470184024,0,0,28.5734233313494,109.110345150235,0,19686.7116656747,2534.93505855043,-26295.3884967696,1,1,mix_H40_C60,0,0.42,0.58,1
9,NORMAL,204.820843804893,56.3283300816821,0,12.4047862781168,17.1304191459709,0,0,20.994943402635,148.49251372321,0,15897.4717013175,1891.34997266427,-20203.0521293471,1,1,mix_H40_C60,0,0.42,0.58,1
10,NORMAL,233.9947898688,56.9822142952008,0,12.6546757025834,17.4755045416628,0,0,21.3729967964192,177.012575573599,0,16086.4983982096,1919.83390998437,-20488.4295564877,1,1,mix_H40_C60,0,0.42,0.58,1
11,NORMAL,254.1043898688,55.999123119825,0,12.2789726664923,16.9566765394417,0,0,20.8045262461843,198.105266748975,0,15802.2631230921,1877.00913727272,-20059.3329856736,1,1,mix_H40_C60,0,0.42,0.58,1
12,NORMAL,221.578,55.5410813822778,0,12.2415033340526,16.9049331755965,0,0,20.7478050269866,166.036918617722,0,15773.9025134933,1865.53823270429,-20023.7251149221,1,1,mix_H40_C60,0,0.42,0.58,1
13,NORMAL,196.9996,55.0214844687899,0,12.042931287553,16.6307146351922,0,0,20.4473351823884,141.97811553121,0,15623.6675911942,1842.9038747983,-19796.9259731337,1,1,mix_H40_C60,0,0.42,0.58,1
14,NORMAL,159.0148,54.8076692106513,0,11.9612177030537,16.5178720661218,0,0,20.3236729604568,104.207130789349,0,15561.8364802284,1833.58974075148,-19703.5881884571,1,1,mix_H40_C60,0,0.42,0.58,1
15,NORMAL,135.436,56.8905766172072,0,12.7572271709895,17.6171232361283,0,0,21.5280014710202,78.5454233827928,0,16164.0007355101,1924.32368838542,-20612.6726886477,1,1,mix_H40_C60,0,0.42,0.58,1
16,NORMAL,124.074470669534,55.935646973398,0,12.2547074480052,16.9231674281976,0,0,20.7676630881263,68.1388236961357,0,15783.8315440631,1874.24360827222,-20031.5450121592,1,1,mix_H40_C60,0,0.42,0.58,1
17,NORMAL,115.865415331254,57.6841513815841,0,12.9229212130616,17.8459388180374,0,0,21.7786313530697,58.1812639496696,0,16289.3156765349,1950.41059933708,-20794.6747725021,1,1,mix_H40_C60,0,0.42,0.58,1
18,NORMAL,111.446227758567,55.5373058946364,0,12.1024734541919,16.7129395319793,0,0,20.5372747591779,55.9089218639302,0,15668.637379589,1856.8912137122,-19857.6532851454,1,1,mix_H40_C60,0,0.42,0.58,1
19,NORMAL,110.167470774166,56.0135576867434,0,12.2844778669897,16.9642789591763,0,0,20.8126154564419,54.153913087423,0,15806.3077282209,1877.63723677986,-20065.4996671999,1,1,mix_H40_C60,0,0.42,0.58,1
20,NORMAL,109.854633421327,55.4158577820416,0,12.0560577208059,16.6488416144462,0,0,20.4669892447738,54.4387756392859,0,15633.4946223869,1851.60061561653,-19804.6136996021,1,1,mix_H40_C60,0,0.42,0.58,1
21,NORMAL,120.438633421327,57.652925175673,0,12.910982083834,17.8294514491041,0,0,21.7604414875761,62.7857082456544,0,16280.2207437881,1949.05000066722,-20780.9761314868,1,1,mix_H40_C60,0,0.42,0.58,1
22,NORMAL,135.451470774166,69.6065457627109,0,18.0204106571056,24.8853290026696,0,0,28.165565870142,65.8449250114555,0,19482.782935071,2503.13033924346,-25981.922214209,1,1,mix_H40_C60,0,0.42,0.58,1
23,NORMAL,149.660359508325,69.936540328996,0,18.1504260282534,25.0648740390166,0,0,28.3526714970511,79.7238191793292,0,19576.3357485255,2517.74597478297,-26125.8098223821,1,1,mix_H40_C60,0,0.42,0.58,1
24,NORMAL,176.716251931771,68.8839528146325,0,17.8775473700747,24.6880416062936,0,0,27.9598413090345,107.832299117138,0,19379.9206545173,2479.87063274608,-25830.9509098339,1,1,mix_H40_C60,0,0.42,0.58,1
25,NORMAL,211.253226442193,71.4170773168608,0,18.8756073660034,26.0663149340047,0,0,29.3969618001567,139.836149125332,0,20098.4809000784,2592.06579824865,-26935.9064687463,1,1,mix_H40_C60,0,0.42,0.58,1
26,NORMAL,234.917611746144,71.4914038911409,0,18.9049080108679,26.1067777292938,0,0,29.4396308649004,163.426207855003,0,20119.8154324502,2595.35878132886,-26968.5854372446,1,1,mix_H40_C60,0,0.42,0.58,1
27,NORMAL,235.344559933185,70.0206976488461,0,18.3254696603351,25.3066009595104,0,0,28.6060232724128,165.323862284339,0,19703.0116362064,2530.22096039586,-26327.4554559251,1,1,mix_H40_C60,0,0.42,0.58,1
28,NORMAL,209.956409748643,70.4454675562355,0,18.4928439542281,25.5377368891721,0,0,28.8474401693405,139.510942192408,0,19823.7200846703,2549.0353655654,-26512.9629389729,1,1,mix_H40_C60,0,0.42,0.58,1
29,NORMAL,173.53876448071,71.0619632918283,0,18.7357578355459,25.8731893919444,0,0,29.197608496443,102.476801188881,0,19998.8042482215,2576.34147517972,-26782.090960748,1,1,mix_H40_C60,0,0.42,0.58,1
30,NORMAL,149.387038948077,71.4940736852639,0,18.9060244691144,26.1083195049675,0,0,29.4432080154366,77.8929652628131,0,20121.6040077183,2595.481009409,-26970.8095218972,1,1,mix_H40_C60,0,0.42,0.58,1
31,NORMAL,119.828151936921,69.478204489787,0,18.1117935547103,25.0115244326952,0,0,28.3003241298793,50.3499474471336,0,19550.1620649396,2506.19747787899,-26091.8854116438,1,1,mix_H40_C60,0,0.42,0.58,1
32,NORMAL,103.495924044676,54.8312943869788,0,11.9703576306405,16.5304938708845,0,0,20.3398361167673,48.6646296576975,0,15569.9180583837,1834.62574166316,-19715.1997045127,1,1,mix_H40_C60,0,0.42,0.58,1
33,NORMAL,99.4747257814166,55.4876710128036,0,12.2212160024584,16.8769173367283,0,0,20.719768829765,43.987054768613,0,15759.8844148825,1863.21926504389,-20001.8912521765,1,1,mix_H40_C60,0,0.42,0.58,1
34,NORMAL,111.328,56.2619107948694,0,12.5171177445462,17.2855435519924,0,0,21.167875948036,55.0660892051307,0,15983.937974018,1896.94707807656,-20340.0375620561,1,1,mix_H40_C60,0,0.42,0.58,1
35,NORMAL,129.11085859082,56.401793492146,0,12.4330125764209,17.1693983198193,0,0,21.0409454225665,72.709065098674,0,15920.4727112832,1894.55945655198,-20236.9443744652,1,1,mix_H40_C60,0,0.42,0.58,1
36,NORMAL,139.385415331254,56.9392725175444,0,12.6384332232717,17.4530744511847,0,0,21.3521490135898,82.4461428137095,0,16076.0745067949,1917.9736885304,-20471.7517996276,1,1,mix_H40_C60,0,0.42,0.58,1
37,NORMAL,139.082227758567,56.207014376832,0,12.3586064277623,17.0666469716718,0,0,20.929026817543,82.8752133817346,0,15864.5134087715,1886.07656545047,-20152.2976552171,1,1,mix_H40_C60,0,0.42,0.58,1
38,NORMAL,137.803470774166,56.3637930461073,0,12.4185371539868,17.1494084507436,0,0,21.0200622969703,81.4396777280591,0,15910.0311484852,1892.90700481776,-20220.9239267758,1,1,mix_H40_C60,0,0.42,0.58,1
39,NORMAL,123.966633421327,55.6795726587259,0,12.1570689512897,16.7883333136858,0,0,20.6247016140389,68.2870607626015,0,15712.3508070194,1863.10248592974,-19922.4291465006,1,1,mix_H40_C60,0,0.42,0.58,1
40,NORMAL,100.171470774166,56.2362144984447,0,12.3698126051963,17.0821221690806,0,0,20.9470036314146,43.9352562757217,0,15873.5018157073,1887.35145428432,-20165.6093271331,1,1,mix_H40_C60,0,0.42,0.58,1
41,NORMAL,79.9974153312537,54.5745620917545,0,11.7348066904942,16.2052092392539,0,0,19.9862994665775,25.4228532394993,0,15393.1497332888,1814.9688429753,-19440.4165384096,1,1,mix_H40_C60,0,0.42,0.58,1
42,NORMAL,70.756,56.1535280082904,0,12.4758230137131,17.2285174951276,0,0,21.1081252771297,14.6024719917096,0,15954.0626385649,1892.23350799029,-20294.2466163752,1,1,mix_H40_C60,0,0.42,0.58,1
43,NORMAL,81.34,55.0995406339742,0,12.0730435005442,16.6722981674182,0,0,20.4988640975327,26.2404593660258,0,15649.4320487664,1846.3214847229,-19834.3156666581,1,1,mix_H40_C60,0,0.42,0.58,1
44,NORMAL,111.328,55.4119876670805,0,12.1924648098863,16.8372133088906,0,0,20.6799421363585,55.9160123329196,0,15739.9710681793,1859.93302152202,-19970.9012139705,1,1,mix_H40_C60,0,0.42,0.58,1
45,NORMAL,186.9448,55.5195486600616,0,12.2335863000641,16.89400012866,0,0,20.7425160919811,131.425251339938,0,15771.2580459905,1864.61947505475,-20018.044374526,1,1,mix_H40_C60,0,0.42,0.58,1
46,NORMAL,364.5796,54.1015754339959,0,11.6917057460674,16.1456888874265,0,0,19.9226733376871,310.478024566004,0,15361.3366688436,1802.85183827717,-19399.1889869601,1,1,mix_H40_C60,0,0.42,0.58,1
47,NORMAL,576.31054904882,56.3550697710001,0,12.5529232290609,17.3349892210841,0,0,21.2265358273931,519.95547927782,0,16013.2679136966,1901.01774739663,-20383.1838068877,1,1,mix_H40_C60,0,0.42,0.58,1
0,NORMAL,327.969049616543,125.246903812373,0,7.08483661546659,25.1189661821088,0,0,28.4100252847013,202.72214580417,0,19605.0126423507,22941.7344421305,-22063.5765341048,1,1,mix_H20_C80,0,0.22,0.78,1
1,NORMAL,314.917570879358,57.0324666526267,0,6.70118551681588,23.7587486505291,0,0,26.9921174100288,257.885104226731,0,18896.0587050144,1553.79270646905,-20689.9077328575,1,1,mix_H20_C80,0,0.22,0.780000000000001,1
2,NORMAL,291.840438733695,59.4223840917865,0,7.18410385722755,25.470913675625,0,0,28.7768026959885,232.418054641909,0,19788.4013479943,1631.36407254027,-21745.9255155627,1,1,mix_H20_C80,0,0.219999999999999,0.780000000000001,1
3,NORMAL,232.456082987042,58.754804888725,0,7.04920837866658,24.9926478879998,0,0,28.2782274467867,173.701278098317,0,19539.1137233934,1609.69587451103,-21450.9177540961,1,1,mix_H20_C80,0,0.22,0.78,1
4,NORMAL,189.034659350842,58.1482859693534,0,6.92665123597035,24.5581271093495,0,0,27.8252517116369,130.886373381489,0,19312.6258558185,1590.00956870707,-21182.8915918871,1,1,mix_H20_C80,0,0.219999999999999,0.780000000000001,1
5,NORMAL,158.383746939714,59.1885144205752,0,7.13684462610111,25.3033582198131,0,0,28.6020192320982,99.1952325191386,0,19701.0096160491,1623.77303971243,-21642.5160125922,1,1,mix_H20_C80,0,0.22,0.78,1
6,NORMAL,149.704634262795,58.343191658722,0,6.96603341378937,24.6977548307078,0,0,27.9707132236934,91.3614426040726,0,19385.3566118467,1596.33568359302,-21268.9699790739,1,1,mix_H20_C80,0,0.22,0.78,1
7,NORMAL,158.133331487122,61.6715748824801,0,7.63858542024108,27.0822573990366,0,0,30.4561964619595,96.4617566046415,0,20628.0982309798,1704.36771344745,-22739.65939754,1,1,mix_H20_C80,0,0.22,0.780000000000001,1
8,NORMAL,179.434951368027,59.1504032918845,0,7.12914146672889,25.2760470184024,0,0,28.5734233313494,120.284548076143,0,19686.7116656747,1622.53589979138,-21625.6070147195,1,1,mix_H20_C80,0,0.22,0.78,1
9,NORMAL,204.820843804893,48.7552004857622,0,4.83165668219689,17.1304191459709,0,0,20.994943402635,156.06564331913,0,15897.4717013175,1272.98666583096,-17038.185643327,1,1,mix_H20_C80,0,0.219999999999999,0.780000000000001,1
10,NORMAL,233.9947898688,49.2565270530864,0,4.92898846046896,17.4755045416628,0,0,21.3729967964192,184.738262815714,0,16086.4983982096,1289.01392333478,-17259.8081095216,1,1,mix_H20_C80,0,0.219999999999999,0.780000000000001,1
11,NORMAL,254.1043898688,48.5028028106111,0,4.78265235727841,16.9566765394417,0,0,20.8045262461842,205.601587058189,0,15802.2631230921,1264.91748391126,-16926.5656647651,1,1,mix_H20_C80,0,0.219999999999999,0.780000000000001,1
12,NORMAL,221.578,48.0676361233934,0,4.76805807516823,16.9049331755965,0,0,20.7478050269866,173.510363876607,0,15773.9025134933,1255.31437938329,-16900.5174455733,1,1,mix_H20_C80,0,0.219999999999999,0.780000000000001,1
13,NORMAL,196.9996,47.6692675655219,0,4.69071438428496,16.6307146351922,0,0,20.4473351823884,149.330332434478,0,15623.6675911942,1242.57859325156,-16724.3805240713,1,1,mix_H20_C80,0,0.22,0.78,1
14,NORMAL,159.0148,47.5053385006063,0,4.65888699300869,16.5178720661218,0,0,20.3236729604568,111.509461499394,0,15561.8364802284,1237.33778067851,-16651.8905459781,1,1,mix_H20_C80,0,0.219999999999999,0.780000000000001,1
15,NORMAL,135.436,49.1022816410232,0,4.9689321948054,17.6171232361283,0,0,21.5280014710202,86.3337183589768,0,16164.0007355101,1288.39163743239,-17357.8870097332,1,1,mix_H20_C80,0,0.219999999999999,0.780000000000001,1
16,NORMAL,124.074470669534,48.4541405948844,0,4.77320106949161,16.9231674281976,0,0,20.7676630881262,75.6203300746492,0,15783.8315440631,1263.36154614501,-16904.968541705,1,1,mix_H20_C80,0,0.219999999999999,0.780000000000001,1
17,NORMAL,115.865415331254,49.7947000915587,0,5.03346992303619,17.8459388180374,0,0,21.7786313530697,66.070715239695,0,16289.3156765349,1306.21890460776,-17497.6151269968,1,1,mix_H20_C80,0,0.22,0.78,1
18,NORMAL,111.446227758567,48.1487384622848,0,4.7139060218403,16.7129395319793,0,0,20.5372747591779,63.2974892962818,0,15668.637379589,1253.59782854534,-16769.9166829688,1,1,mix_H20_C80,0,0.22,0.78,1
19,NORMAL,110.167470774166,48.513876449265,0,4.78479662951124,16.9642789591763,0,0,20.8126154564419,61.6535943249015,0,15806.3077282209,1265.27115595887,-16931.3277896822,1,1,mix_H20_C80,0,0.22,0.78,1
20,NORMAL,109.854633421327,48.055627183259,0,4.69582712202327,16.6488416144462,0,0,20.4669892447738,61.7990062380685,0,15633.4946223869,1250.62099755071,-16728.7192683201,1,1,mix_H20_C80,0,0.219999999999999,0.780000000000001,1
21,NORMAL,120.438633421327,49.7707627313299,0,5.02881963949089,17.8294514491041,0,0,21.7604414875761,70.6678706899975,0,16280.2207437881,1305.45345681469,-17486.9625481318,1,1,mix_H20_C80,0,0.22,0.78,1
22,NORMAL,135.451470774166,58.6050740550763,0,7.0189389494709,24.8853290026696,0,0,28.165565870142,76.8463967190902,0,19482.782935071,1604.83507847951,-21384.32637706,1,1,mix_H20_C80,0,0.22,0.78,1
23,NORMAL,149.660359508325,58.8556941579011,0,7.0695798571585,25.0648740390166,0,0,28.3526714970511,90.8046653504241,0,19576.3357485255,1612.96960801366,-21495.0428139136,1,1,mix_H20_C80,0,0.219999999999999,0.780000000000001,1
24,NORMAL,176.716251931771,57.9696992309483,0,6.96329378639048,24.6880416062936,0,0,27.9598413090345,118.746552700822,0,19379.9206545173,1588.69693075895,-21269.8041673383,1,1,mix_H20_C80,0,0.219999999999999,0.78,1
25,NORMAL,211.253226442193,59.8935074963459,0,7.35203754548847,26.0663149340046,0,0,29.3969618001567,151.359718945847,0,20098.4809000784,1651.14003559205,-22120.1219951901,1,1,mix_H20_C80,0,0.22,0.78,1
26,NORMAL,234.917611746144,59.9499460090481,0,7.36345012877516,26.1067777292938,0,0,29.4396308649004,174.967665737096,0,20119.8154324502,1652.97241763936,-22145.3254113594,1,1,mix_H20_C80,0,0.22,0.78,1
27,NORMAL,235.344559933185,58.8329872335011,0,7.1377592449901,25.3066009595104,0,0,28.6060232724128,176.511572699684,0,19703.0116362064,1616.71888431183,-21652.0290948207,1,1,mix_H20_C80,0,0.22,0.78,1
28,NORMAL,209.956409748643,59.1555750322867,0,7.20295143027931,25.5377368891721,0,0,28.8474401693405,150.800834716356,0,19823.7200846703,1627.18988722276,-21794.8339241116,1,1,mix_H20_C80,0,0.22,0.78,1
29,NORMAL,173.53876448071,59.6237716950359,0,7.29756623875349,25.8731893919444,0,0,29.197608496443,113.914992785674,0,19998.8042482215,1642.38703924927,-22001.9866740251,1,1,mix_H20_C80,0,0.219999999999999,0.780000000000001,1
30,NORMAL,149.387038948077,59.9519342047301,0,7.36388498858057,26.1083195049675,0,0,29.4432080154366,89.4351047433469,0,20121.6040077183,1653.03899165197,-22147.2646510169,1,1,mix_H20_C80,0,0.22,0.78,1
31,NORMAL,119.828151936921,58.4209434673753,0,7.05453253229862,25.0115244326952,0,0,28.3003241298793,61.4072084695453,0,19550.1620649396,1603.34689230057,-21470.974810053,1,1,mix_H20_C80,0,0.219999999999999,0.780000000000001,1
32,NORMAL,103.495924044676,47.5233837455621,0,4.6624469892238,16.5304938708845,0,0,20.3398361167673,55.9725402991142,0,15569.9180583837,1237.91816746511,-16661.1701677265,1,1,mix_H20_C80,0,0.219999999999999,0.780000000000001,1
33,NORMAL,99.4747257814166,48.0266111822429,0,4.7601561718977,16.8769173367283,0,0,20.719768829765,51.4481145991737,0,15759.8844148825,1254.00671019835,-16883.8595443005,1,1,mix_H20_C80,0,0.219999999999999,0.780000000000001,1
34,NORMAL,111.328,48.6202027701159,0,4.8754097197927,17.2855435519924,0,0,21.167875948036,62.7077972298842,0,15983.937974018,1272.98418609237,-17146.5116468885,1,1,mix_H20_C80,0,0.219999999999999,0.780000000000001,1
35,NORMAL,129.11085859082,48.8114317238793,0,4.84265080815415,17.1693983198193,0,0,21.0409454225665,80.2994268669407,0,15920.4727112832,1274.78910353764,-17064.8764370437,1,1,mix_H20_C80,0,0.22,0.78,1
36,NORMAL,139.385415331254,49.2235013189658,0,4.92266202469311,17.4530744511847,0,0,21.3521490135898,90.1619140122881,0,16076.0745067949,1287.96336945534,-17247.2743400927,1,1,mix_H20_C80,0,0.22,0.780000000000001,1
37,NORMAL,139.082227758567,48.6620776077463,0,4.81366965867663,17.0666469716718,0,0,20.929026817543,90.4201501508202,0,15864.5134087715,1270.0152672398,-16999.2131586194,1,1,mix_H20_C80,0,0.219999999999999,0.780000000000001,1
38,NORMAL,137.803470774166,48.7822685320739,0,4.83701263995332,17.1494084507436,0,0,21.0200622969703,89.0212022420926,0,15910.0311484852,1273.85823377054,-17052.5491428118,1,1,mix_H20_C80,0,0.219999999999999,0.780000000000001,1
39,NORMAL,123.966633421327,48.2576746420655,0,4.73517093462932,16.7883333136858,0,0,20.6247016140389,75.7089587792619,0,15712.3508070194,1257.08758252253,-16820.7634483139,1,1,mix_H20_C80,0,0.22,0.78,1
40,NORMAL,100.171470774166,48.6844363511942,0,4.81803445794579,17.0821221690806,0,0,20.9470036314146,51.4870344229722,0,15873.5018157073,1270.73154194039,-17009.6657683475,1,1,mix_H20_C80,0,0.219999999999999,0.780000000000001,1
41,NORMAL,79.9974153312537,47.4104554431011,0,4.57070004184082,16.2052092392539,0,0,19.9862994665775,32.5869598881526,0,15393.1497332888,1230.00319282262,-16446.4837465011,1,1,mix_H20_C80,0,0.219999999999999,0.780000000000001,1
42,NORMAL,70.756,48.537030441921,0,4.85932544734366,17.2285174951276,0,0,21.1081252771297,22.218969558079,0,15954.0626385649,1270.3291074416,-17111.2563369479,1,1,mix_H20_C80,0,0.219999999999999,0.780000000000001,1
43,NORMAL,81.34,47.7289402062915,0,4.70244307286154,16.6722981674182,0,0,20.4988640975327,33.6110597937085,0,15649.4320487664,1244.49514647241,-16754.087607708,1,1,mix_H20_C80,0,0.22,0.78,1
44,NORMAL,111.328,47.9684804571377,0,4.7489575999435,16.8372133088906,0,0,20.6799421363585,63.3595195428624,0,15739.9710681793,1252.15367818982,-16860.2048751823,1,1,mix_H20_C80,0,0.22,0.78,1
45,NORMAL,186.9448,48.0509367552605,0,4.76497439526307,16.89400012866,0,0,20.7425160919811,138.893863244739,0,15771.2580459905,1254.7902761202,-16896.8565993518,1,1,mix_H20_C80,0,0.22,0.78,1
46,NORMAL,364.5796,46.9637819382282,0,4.55391225029976,16.1456888874265,0,0,19.9226733376871,317.615818061772,0,15361.3366688436,1220.03471708144,-16416.252654924,1,1,mix_H20_C80,0,0.219999999999999,0.780000000000001,1
47,NORMAL,576.31054904882,48.6915024760911,0,4.88935593415189,17.3349892210841,0,0,21.2265358273931,527.619046572729,0,16013.2679136966,1275.26999614031,-17180.5227421564,1,1,mix_H20_C80,0,0.219999999999999,0.780000000000001,1
0,NORMAL,327.969049616543,232.592913040124,86.5208835161525,27.9099624245653,25.1189661821088,79.5992128348603,0,28.4100252847013,95.3761365764189,0,38708.8237227171,106372.571110652,31860.0569817229,1,1,mix_E60_H20_C20,0.62,0.2,0.18,1
1,NORMAL,314.917570879358,158.565580543777,81.835689796267,26.398609611699,23.7587486505291,75.2888346125656,0,26.9921174100288,156.351990335581,0,36965.3790120302,4798.84611221333,-45354.2124592282,1,1,mix_E60_H20_C20,0.62,0.2,0.18,1
2,NORMAL,291.840438733695,168.272442534629,87.7331471049307,28.3010151951389,25.470913675625,80.7144953365362,0,28.7768026959885,123.567996199067,0,39159.880228763,5110.27099589226,-48187.6538151173,1,1,mix_E60_H20_C20,0.62,0.2,0.18,1
3,NORMAL,232.456082987042,165.560992444279,86.0857871697769,27.7696087644442,24.9926478879997,79.1989241961947,0,28.2782274467867,66.8950905427626,0,38546.8555304801,5023.27957542345,-47396.151339232,1,1,mix_E60_H20_C20,0.62,0.2,0.18,1
4,NORMAL,189.034659350842,163.09754712042,84.5891044877595,27.2868078992773,24.5581271093495,77.8219761287387,0,27.8252517116369,25.9371122304223,0,37989.9001267158,4944.24489427506,-46677.0427967088,1,1,mix_E60_H20_C20,0.62,0.2,0.18,1
5,NORMAL,158.383746939714,158.383746939714,86.8482512428343,28.0155649170433,25.214008425339,79.9003911434076,0,28.518398652558,0,0,38835.2932006968,5148.17009980383,-44598.8745020782,1,1,mix_E60_H20_C20,0.62,0.2,0.18,1
6,NORMAL,149.704634262795,149.704634262795,70.4758854346988,22.7341565918383,20.4607409326545,64.8378145999229,0,24.0053880597545,0,0,32963.7695338587,4395.70529880942,-43008.8247590338,1,1,mix_E60_H20_C20,0.62,0.2,0.18,1
7,NORMAL,158.133331487122,158.133331487122,81.3332116428299,26.2365198847839,23.6128678963055,74.8265547114035,0,27.209278768032,0,0,45942.1990801213,4780.20792966745,-54268.6972264177,1,1,mix_E60_H20_C20,0.62,0.2,0.18,1
8,NORMAL,179.434951368027,167.167698242322,87.0619397300528,28.0844966871138,25.2760470184024,80.0969845516486,0,28.5734233313494,12.2672531257051,0,48521.6261042682,5074.82725011857,-57476.6795313832,1,1,mix_E60_H20_C20,0.62,0.2,0.18,1
9,NORMAL,204.820843804893,121.962119912988,59.0047770583441,19.0337990510788,17.1304191459709,54.2843948936766,0,20.994943402635,82.8587238919044,0,35439.853863041,3612.71952841258,-41335.6518806668,1,1,mix_E60_H20_C20,0.62,0.2,0.18,1
10,NORMAL,233.9947898688,123.938170393526,60.1934045323939,19.4172272685142,17.4755045416628,55.3779321698024,0,21.3729967964191,110.056619475275,0,36022.5539793384,3675.87976227952,-42046.7370202131,1,1,mix_E60_H20_C20,0.62,0.2,0.18,1
11,NORMAL,254.1043898688,120.967232466345,58.4063303025214,18.8407517104908,16.9566765394417,53.7338238783197,0,20.8045262461843,133.137157402455,0,35146.4397192872,3580.91997056554,-40977.5986373868,1,1,mix_E60_H20_C20,0.62,0.2,0.18,1
12,NORMAL,221.578,120.310940292609,58.228103160388,18.7832590839961,16.9049331755965,53.5698549075569,0,20.7478050269866,101.267059707391,0,35059.0502802138,3564.24957551902,-40878.1585983381,1,1,mix_E60_H20_C20,0.62,0.2,0.18,1
13,NORMAL,196.9996,118.740697630446,57.2835726323286,18.4785718168802,16.6307146351922,52.7008868217423,0,20.4473351823884,78.2589023695542,0,34595.9868470215,3514.06005722545,-40313.0752260603,1,1,mix_E60_H20_C20,0.62,0.2,0.18,1
14,NORMAL,159.0148,118.094535364375,56.8948926721973,18.3531911845798,16.5178720661218,52.3433012584215,0,20.3236729604568,40.9202646356253,0,34405.4249332601,3493.40680991263,-40080.5314577615,1,1,mix_E60_H20_C20,0.62,0.2,0.18,1
15,NORMAL,135.436,124.389133077469,60.2557836312511,20,17.6171232361283,55.4353209407511,0,21.5280014710202,11.0468669225311,0,36120.7162741805,3720.82828423742,-42391.0805212096,1,1,mix_E60_H20_C20,0.615653356581096,0.204346643418904,0.18,1
16,NORMAL,124.074470669534,120.775368920515,58.2909100304584,18.803519364664,16.9231674281976,53.6276372280218,0,20.7676630881262,3.29910174901839,0,35089.780946151,3574.78724059674,-40908.472817442,1,1,mix_E60_H20_C20,0.62,0.2,0.18,1
17,NORMAL,115.865415331254,115.865415331254,55.1490768680766,17.7900247961537,16.0110223165384,50.7371507186304,0,20.0614049855584,0,0,46887.7359383301,3414.10391674553,-52360.8101653034,1,1,mix_E60_H20_C20,0.62,0.2,0.18,1
18,NORMAL,111.446227758567,111.446227758567,52.5290876070628,16.9448669700203,15.2503802730182,48.3267605984978,0,19.1685251260067,0,0,44946.854134072,3273.61425739206,-50138.2112923885,1,1,mix_E60_H20_C20,0.62,0.2,0.18,1
19,NORMAL,110.167470774166,110.167470774166,51.7096553464252,16.6805339827178,15.012480584446,47.5728829187112,0,18.9860097986985,0,0,44388.1923089502,3231.74238605779,-49489.3712501757,1,1,mix_E60_H20_C20,0.62,0.2,0.18,1
20,NORMAL,109.854633421327,109.854633421327,51.5490784842135,16.6287349949076,14.9658614954168,47.4251522054765,0,18.8919617685786,0,0,44249.5752516847,3222.29211324206,-49334.3277827192,1,1,mix_E60_H20_C20,0.62,0.2,0.18,1
21,NORMAL,120.438633421327,120.438633421327,57.9862079027274,18.7052283557185,16.8347055201467,53.3473112705092,0,20.8295037807107,0,0,48890.084878071,3561.99266569649,-54672.469104539,1,1,mix_E60_H20_C20,0.62,0.2,0.18,1
22,NORMAL,135.451470774166,135.451470774166,67.425412096163,20,21.3252525750677,62.03137912847,0,24.8338567728604,0,0,40148.2248726794,3942.07503817137,-46197.3423657745,1,1,mix_E60_H20_C20,0.62,0.183906921952734,0.196093078047266,1
23,NORMAL,149.660359508325,149.660359508325,86.3345661343905,27.8498600433518,25.0648740390166,79.4278008436393,0,28.3526714970511,0,0,48170.3440522357,25199.5200202178,-30925.9815081205,1,1,mix_E60_H20_C20,0.62,0.2,0.18,1
24,NORMAL,176.716251931771,176.716251931771,82.0419125553712,25.5957112502243,24.6880416062936,75.4785595509415,0,27.9598413090345,0,0,37494.7749467432,5112.35902446921,-51126.5080830539,1,1,mix_E60_H20_C20,0.62,0.193429681011259,0.186570318988741,1
25,NORMAL,211.253226442193,171.288015761323,89.7839736615716,28.962572148894,26.0663149340046,82.6012557686458,0,29.3969618001567,39.9652106808696,0,39922.7822845534,5211.36895572548,-49179.9450558428,1,1,mix_E60_H20_C20,0.62,0.2,0.18,1
26,NORMAL,234.917611746144,171.517372202611,89.923345512012,29.0075308103264,26.1067777292938,82.729477871051,0,29.4396308649004,63.4002395435325,0,39974.8901215024,5218.7278885853,-49247.153492048,1,1,mix_E60_H20_C20,0.62,0.2,0.18,1
27,NORMAL,235.344559933185,166.980854581836,87.1671810827581,28.1184455105671,25.3066009595104,80.1938065961374,0,28.6060232724128,68.3637053513484,0,38949.5252192794,5073.18339931657,-47923.181958763,1,1,mix_E60_H20_C20,0.62,0.2,0.18,1
28,NORMAL,209.956409748643,168.291202763792,87.9633159515929,28.3752632101913,25.5377368891721,80.9262506754655,0,28.8474401693405,41.6652069848515,0,39246.020246782,5115.2237599732,-48305.932379728,1,1,mix_E60_H20_C20,0.62,0.2,0.18,1
29,NORMAL,173.53876448071,170.192957130696,89.1187634611416,28.7479882132715,25.8731893919443,81.9892623842503,0,29.197608496443,3.34580735001401,0,39676.2272204416,5176.238193987,-48861.3232827234,1,1,mix_E60_H20_C20,0.62,0.2,0.18,1
30,NORMAL,149.387038948077,149.387038948077,86.5333665503732,27.9139892097978,25.122590288818,79.6106972263434,0,28.5206132875003,0,0,38766.8739780725,5208.58099366948,-41416.7476691038,1,1,mix_E60_H20_C20,0.62,0.2,0.18,1
31,NORMAL,119.828151936921,119.828151936921,46.5065161777264,15.002101992815,13.5018917935335,42.7859948835083,0,17.5276720779042,0,0,29566.7941970151,3321.47684840641,-39826.0091586428,1,1,mix_E60_H20_C20,0.62,0.2,0.18,1
32,NORMAL,103.495924044676,103.495924044676,47.8425983187179,15.4330962318445,13.88978660866,44.0151904532205,0,17.8681730886958,0,0,30179.5551075073,3021.40406855348,-34867.9028292499,1,1,mix_E60_H20_C20,0.62,0.2,0.18,1
33,NORMAL,99.4747257814166,99.4747257814166,58.1316041598419,18.7521303741425,16.8769173367283,53.4810758270545,0,20.719768829765,0,0,35013.0717126221,3765.87004221132,-33063.0237324045,1,1,mix_E60_H20_C20,0.62,0.2,0.18,1
34,NORMAL,111.328,111.328,52.6186253110349,15.2763750903005,16.9737501003339,48.4091352861522,0,20.8760313535959,0,0,33265.3043798127,3168.38337178178,-37728.3812433827,1,1,mix_E60_H20_C20,0.62,0.18,0.2,1
35,NORMAL,129.11085859082,129.11085859082,49.2294724209952,15.8804749745146,14.2924274770631,45.2911146273156,0,18.3479974948432,0,0,30878.8000132552,3561.28467949301,-42802.7446666587,1,1,mix_E60_H20_C20,0.62,0.2,0.18,1
36,NORMAL,139.385415331254,123.809289571892,60.1161453318584,19.3923049457608,17.4530744511847,55.3068537053098,0,21.3521490135898,15.5761257593619,0,35986.5418407064,3671.76562779794,-42002.3888298149,1,1,mix_E60_H20_C20,0.62,0.2,0.18,1
37,NORMAL,139.082227758567,121.596466375574,58.7851173468694,18.9629410796353,17.0666469716718,54.0823079591199,0,20.929026817543,17.4857613829921,0,35334.1442740547,3601.03790208826,-41206.2261362513,1,1,mix_E60_H20_C20,0.62,0.2,0.18,1
38,NORMAL,137.803470774166,122.070338834397,59.0701846636726,19.0548982786041,17.1494084507437,54.3445698905788,0,21.0200622969703,15.7331319397693,0,35474.0763090935,3616.18472234787,-41376.9494550073,1,1,mix_E60_H20_C20,0.62,0.2,0.18,1
39,NORMAL,123.966633421327,120.002688803116,57.8264814138067,18.6537036818731,16.7883333136858,53.2003629007021,0,20.6247016140389,3.96394461821146,0,34864.4814512722,3550.09715965499,-40633.0215369567,1,1,mix_E60_H20_C20,0.62,0.2,0.18,1
40,NORMAL,100.171470774166,100.171470774166,58.8384208046109,18.9801357434229,17.0821221690806,54.131347140242,0,20.9470036314146,0,0,35360.7867861944,3819.00271031942,-33165.4091573604,1,1,mix_E60_H20_C20,0.62,0.2,0.18,1
41,NORMAL,79.9974153312537,79.9974153312537,18.3056300166655,5.90504194085984,5.31453774677386,16.8411796153323,0,9.79113714504682,0,0,20737.0999340294,1964.0076124734,-29581.0973109929,1,1,mix_E60_H20_C20,0.62,0.2,0.18,1
42,NORMAL,70.756,70.756,27.4702237503412,8.86136250011006,7.97522625009906,25.2726058503139,0,12.4456192317116,0,0,27291.8252430504,1961.44321209063,-29757.160972357,1,1,mix_E60_H20_C20,0.62,0.2,0.18,1
43,NORMAL,81.34,81.34,34.0911966410727,10.9971602067977,9.89744418611789,31.3639009097869,0,14.1564427414119,0,0,31923.8399347738,2304.80001274955,-35112.7771681892,1,1,mix_E60_H20_C20,0.62,0.2,0.18,1
44,NORMAL,111.328,111.328,52.6663280800518,16.9891380903393,15.2902242813054,48.4530218336477,0,19.2316698589143,0,0,45056.7084663187,3273.97911777678,-50269.8168285845,1,1,mix_E60_H20_C20,0.62,0.2,0.18,1
45,NORMAL,186.9448,120.247518501671,58.1904448876067,18.7711112540667,16.89400012866,53.5352092965981,0,20.7425160919811,66.6972814983292,0,48963.0878098814,3562.23219827427,-54778.1449398673,1,1,mix_E60_H20_C20,0.62,0.2,0.18,1
46,NORMAL,364.5796,115.962452397316,55.6129283900245,17.9396543193627,16.1456888874265,51.1638941188226,0,19.9226733376871,248.617147602684,0,33780.3385516197,3425.26965949766,-39316.995904578,1,1,mix_E60_H20_C20,0.62,0.2,0.18,1
47,NORMAL,576.31054904882,122.772652993544,59.7094073170673,19.2610991345378,17.3349892210841,54.9326547317019,0,21.2265358273931,453.537896055276,0,35789.0236171092,3642.943758671,-41768.1473492871,1,1,mix_E60_H20_C20,0.62,0.2,0.18,1
0,NORMAL,327.969049616543,232.592913040124,72.5659023038699,41.864943636848,25.1189661821088,66.7606301195603,0,28.4100252847013,95.3761365764189,0,35627.5638710451,107232.927535577,28830.3280552137,1,1,mix_E50_H30_C20,0.52,0.3,0.18,1
1,NORMAL,314.917570879358,158.565580543777,68.6363849904174,39.5979144175486,23.7587486505291,63.1454741911841,0,26.9921174100288,156.351990335581,0,34050.9725108986,5612.61336288223,-48219.8784871335,1,1,mix_E50_H30_C20,0.52,0.3,0.18,1
2,NORMAL,291.840438733695,168.272442534629,73.5826395073612,42.4515227927084,25.470913675625,67.6960283467723,0,28.7768026959885,123.567996199067,0,36035.4481512196,25982.6820684921,-31259.8329560974,1,1,mix_E50_H30_C20,0.52,0.3,0.18,1
3,NORMAL,232.456082987042,165.560992444279,72.2009827875548,41.6544131466662,24.9926478879997,66.4249041645504,0,28.2782274467867,66.8950905427626,0,35481.0907228855,5879.30943869239,-50410.6443604561,1,1,mix_E50_H30_C20,0.52,0.3,0.18,1
4,NORMAL,189.034659350842,163.09754712042,70.9457005381208,40.9302118489159,24.5581271093495,65.2700444950712,0,27.8252517116369,25.9371122304223,0,34977.4365346355,5785.39187020839,-49639.1260108294,1,1,mix_E50_H30_C20,0.52,0.3,0.18,1
5,NORMAL,158.383746939714,158.383746939714,68.4504263898274,39.4906306095158,23.6943783657095,62.9743922786412,0,27.0962090770703,0,0,34061.9586854091,5602.36239930697,-48187.520966142,1,1,mix_E50_H30_C20,0.52,0.3,0.18,1
6,NORMAL,149.704634262795,149.704634262795,63.9731200412563,36.9075692545709,22.1445415527426,58.8552704379558,0,25.5812188525113,0,0,32315.8743313651,5269.52852092611,-45483.8773246125,1,1,mix_E50_H30_C20,0.52,0.3,0.18,1
7,NORMAL,158.133331487122,158.133331487122,68.214951700438,39.3547798271758,23.6128678963055,62.757755564403,0,27.209278768032,0,0,41597.4313872011,5588.97857962996,-55668.5119215169,1,1,mix_E50_H30_C20,0.52,0.3,0.18,1
8,NORMAL,179.434951368027,167.167698242322,73.0196913864959,42.1267450306707,25.2760470184024,67.1781160755762,0,28.5734233313494,12.2672531257051,0,43870.8334528822,25940.5638927546,-38975.0905759778,1,1,mix_E50_H30_C20,0.52,0.3,0.18,1
9,NORMAL,204.820843804893,121.962119912988,49.4878775328047,28.5506985766181,17.1304191459709,45.5288473301804,0,20.994943402635,82.8587238919044,0,32287.8567401824,4199.45809348899,-42351.1749657508,1,1,mix_E50_H30_C20,0.52,0.3,0.18,1
10,NORMAL,233.9947898688,123.938170393526,50.4847908981368,29.1258409027713,17.4755045416628,46.4460076262859,0,21.3729967964191,110.056619475275,0,32807.0611436725,4274.43793948403,-43082.7174089197,1,1,mix_E50_H30_C20,0.52,0.3,0.18,1
11,NORMAL,254.1043898688,120.967232466345,48.985954447276,28.2611275657362,16.9566765394417,45.0670780914939,0,20.8045262461843,133.137157402455,0,32026.4112360299,4161.70763118486,-41982.8219378427,1,1,mix_E50_H30_C20,0.52,0.3,0.18,1
12,NORMAL,221.578,120.310940292609,48.8364736183899,28.1748886259942,16.9049331755965,44.9295557289187,0,20.7478050269866,101.267059707391,0,31948.5425759041,4143.26496035244,-41880.3144560166,1,1,mix_E50_H30_C20,0.52,0.3,0.18,1
13,NORMAL,196.9996,118.740697630446,48.0442867238885,27.7178577253203,16.6307146351922,44.2007437859774,0,20.4473351823884,78.2589023695542,0,31535.9353541461,4083.68310953372,-41298.9748990088,1,1,mix_E50_H30_C20,0.52,0.3,0.18,1
14,NORMAL,159.0148,118.094535364375,47.7182970799074,27.5297867768697,16.5178720661218,43.9008333135148,0,20.3236729604568,40.9202646356253,0,31366.1364730937,4059.1648612252,-41059.7416134895,1,1,mix_E50_H30_C20,0.52,0.3,0.18,1
15,NORMAL,135.436,124.389133077469,50.8939115710373,29.3618720602138,17.6171232361283,46.8223986453543,0,21.5280014710202,11.0468669225311,0,33020.0642478377,4298.00905243802,-43390.0610370002,1,1,mix_E50_H30_C20,0.52,0.3,0.18,1
16,NORMAL,124.074470669534,120.775368920515,48.8891503481264,28.205279046996,16.9231674281976,44.9780183202763,0,20.7676630881262,3.29910174901839,0,31975.9181393626,4154.42717168996,-41911.7096355043,1,1,mix_E50_H30_C20,0.52,0.3,0.18,1
17,NORMAL,115.865415331254,115.865415331254,46.2540644699997,26.6850371942306,16.0110223165384,42.5537393123997,0,20.0614049855584,0,0,41814.020866467,3962.50172180575,-51182.2863602396,1,1,mix_E50_H30_C20,0.52,0.3,0.18,1
18,NORMAL,111.446227758567,111.446227758567,44.0566541220527,25.4173004550304,15.2503802730182,40.5321217922885,0,19.1685251260067,0,0,40114.1780742222,3795.95910850243,-49015.6760892826,1,1,mix_E50_H30_C20,0.52,0.3,0.18,1
19,NORMAL,110.167470774166,110.167470774166,43.3693883550663,25.0208009740767,15.012480584446,39.899837286661,0,18.9860097986985,0,0,39630.904017079,3745.93887134503,-48384.3471366591,1,1,mix_E50_H30_C20,0.52,0.3,0.18,1
20,NORMAL,109.854633421327,109.854633421327,43.2347109867597,24.9431024923614,14.9658614954168,39.775934107819,0,18.8919617685786,0,0,39507.060031137,3734.89183564982,-48232.7351619021,1,1,mix_E50_H30_C20,0.52,0.3,0.18,1
21,NORMAL,120.438633421327,120.438633421327,48.6335937248681,28.0578425335778,16.8347055201467,44.7429062268787,0,20.8295037807107,0,0,43555.3537510201,4138.60266433147,-53433.3164249353,1,1,mix_E50_H30_C20,0.52,0.3,0.18,1
22,NORMAL,135.451470774166,135.451470774166,56.5503456290399,32.6251994013692,19.5751196408215,52.0263179787167,0,23.1959891773021,0,0,35727.4690609891,4720.44738104247,-47305.2541094487,1,1,mix_E50_H30_C20,0.52,0.3,0.18,1
23,NORMAL,149.660359508325,149.660359508325,63.9283420082316,36.8817357739798,22.1290414643879,58.8140746475731,0,25.6051674530506,0,0,39375.6505996516,5267.05033282864,-52533.2264170795,1,1,mix_E50_H30_C20,0.52,0.3,0.18,1
24,NORMAL,176.716251931771,163.474150539895,71.3210090848481,41.1467360104893,24.6880416062936,65.6153283580603,0,27.9598413090345,13.2421013918754,0,35127.5994604517,25806.2731470797,-29876.5743890718,1,1,mix_E50_H30_C20,0.52,0.3,0.18,1
25,NORMAL,211.253226442193,171.288015761323,75.3026875871245,43.4438582233411,26.0663149340046,69.2784725801546,0,29.3969618001567,39.9652106808696,0,36725.3143193155,6104.17327597499,-52323.9386338628,1,1,mix_E50_H30_C20,0.52,0.3,0.18,1
26,NORMAL,234.917611746144,171.517372202611,75.4195801068487,43.5112962154897,26.1067777292938,69.3860136983008,0,29.4396308649004,63.4002395435325,0,36772.4587200424,6112.91811085184,-52396.0274978868,1,1,mix_E50_H30_C20,0.52,0.3,0.18,1
27,NORMAL,235.344559933185,166.980854581836,73.1079583274745,42.1776682658507,25.3066009595104,67.2593216612765,0,28.6060232724128,68.3637053513484,0,35845.2488349128,5939.9665531565,-50975.5424899565,1,1,mix_E50_H30_C20,0.52,0.3,0.18,1
28,NORMAL,209.956409748643,168.291202763792,73.7756843464973,42.5628948152869,25.5377368891721,67.8736295987775,0,28.8474401693405,41.6652069848515,0,36113.3911883769,5989.92361232188,-51386.1714154338,1,1,mix_E50_H30_C20,0.52,0.3,0.18,1
29,NORMAL,173.53876448071,170.192957130696,74.7447693545059,43.1219823199072,25.8731893919443,68.7651878061454,0,29.197608496443,3.34580735001401,0,36502.4493216964,6062.42771967354,-51982.022986426,1,1,mix_E50_H30_C20,0.52,0.3,0.18,1
30,NORMAL,149.387038948077,149.387038948077,63.9118008031854,36.8721927710685,22.1233156626411,58.7988567389306,0,25.7134377342045,0,0,32368.4444844456,5260.99557372532,-45527.3077620063,1,1,mix_E50_H30_C20,0.52,0.3,0.18,1
31,NORMAL,119.828151936921,119.828151936921,48.6060980259603,28.0419796303617,16.825187778217,44.7176101838835,0,20.6381719896833,0,0,31817.4256610397,4125.41505047465,-41700.651482805,1,1,mix_E50_H30_C20,0.52,0.3,0.18,1
32,NORMAL,103.495924044676,103.495924044676,40.1260502027957,23.1496443477667,13.88978660866,36.915966186572,0,17.8681730886958,0,0,27623.8343715138,3497.14686238346,-35691.3151945745,1,1,mix_E50_H30_C20,0.52,0.3,0.18,1
33,NORMAL,99.4747257814166,99.4747257814166,38.0042978160558,21.9255564323399,13.1553338594039,34.9639539907714,0,17.2363588034172,0,0,26605.2028383863,3341.25508482315,-34217.0705370959,1,1,mix_E50_H30_C20,0.52,0.3,0.18,1
34,NORMAL,111.328,111.328,44.131750260868,25.4606251505008,15.2763750903005,40.6012102399986,0,19.2872560961911,0,0,29660.063734495,3796.2656196363,-38582.8985071117,1,1,mix_E50_H30_C20,0.52,0.3,0.18,1
35,NORMAL,129.11085859082,122.184928817124,49.6004840350335,28.6156638663655,17.1693983198193,45.6324453122309,0,21.0409454225665,6.9259297736958,0,32348.1530236864,4207.9195298792,-42435.4638487504,1,1,mix_E50_H30_C20,0.52,0.3,0.18,1
36,NORMAL,139.385415331254,123.809289571892,50.4199928589781,29.0884574186412,17.4530744511847,46.3863934302598,0,21.3521490135898,15.5761257593619,0,32775.1761416884,4269.55554597799,-43037.0395210701,1,1,mix_E50_H30_C20,0.52,0.3,0.18,1
37,NORMAL,139.082227758567,121.596466375574,49.3036468070518,28.444411619453,17.0666469716718,45.3593550624876,0,20.929026817543,17.4857613829921,0,32193.881231267,4185.59218937665,-42217.9686883178,1,1,mix_E50_H30_C20,0.52,0.3,0.18,1
38,NORMAL,137.803470774166,122.070338834397,49.5427355243705,28.5823474179061,17.1494084507437,45.5793166824209,0,21.0200622969703,15.7331319397693,0,32318.5851541567,4203.57369517784,-42393.5982613712,1,1,mix_E50_H30_C20,0.52,0.3,0.18,1
39,NORMAL,123.966633421327,120.002688803116,48.4996295728701,27.9805555228097,16.7883333136858,44.6196592070405,0,20.6247016140389,3.96394461821146,0,31775.428121554,4125.11885145133,-41628.2651381119,1,1,mix_E50_H30_C20,0.52,0.3,0.18,1
40,NORMAL,100.171470774166,100.171470774166,38.1613393459993,20.5484134939996,14.6774382099997,35.1084321983193,0,18.6959302075649,0,0,27387.0006951774,3270.28598108133,-34381.8724856273,1,1,mix_E50_H30_C20,0.52,0.28,0.2,1
41,NORMAL,79.9974153312537,79.9974153312537,27.7486919680086,16.0088607507742,9.60531645046453,25.5287966105679,0,13.8078945506943,0,0,28131.8011738993,2586.9310902733,-33542.250581987,1,1,mix_E50_H30_C20,0.52,0.3,0.18,1
42,NORMAL,70.756,70.756,23.0395425002861,13.2920437501651,7.97522625009906,21.1963791002633,0,12.4456192317116,0,0,24764.564658019,2234.60481813595,-29170.128251979,1,1,mix_E50_H30_C20,0.52,0.3,0.18,1
43,NORMAL,81.34,81.34,28.5926165376739,16.4957403101965,9.89744418611789,26.30520721466,0,14.1564427414119,0,0,28787.4498437952,2643.80001912432,-34384.2556939181,1,1,mix_E50_H30_C20,0.52,0.3,0.18,1
44,NORMAL,111.328,111.328,48.6408384479062,28.0620221814843,16.8372133088906,44.7495713720737,0,20.6799421363585,0,0,43484.7053188649,24214.4791853302,-30149.6678026605,1,1,mix_E50_H30_C20,0.52,0.3,0.18,1
45,NORMAL,186.9448,129.770381090684,48.8048892605733,28.1566668811,16.89400012866,44.9004981197275,0,20.7425160919811,57.1744189093157,0,43609.5668802216,4331.33036417497,-56483.3821609052,1,1,mix_E50_H30_C20,0.52,0.3,0.18,1
46,NORMAL,364.5796,115.962452397316,46.6431012303431,26.9094814790441,16.1456888874265,42.9116531319157,0,19.9226733376871,248.617147602684,0,30809.5317963332,3978.27996527333,-40274.1423497439,1,1,mix_E50_H30_C20,0.52,0.3,0.18,1
47,NORMAL,576.31054904882,122.772652993544,50.0788577497984,28.8916487018068,17.3349892210841,46.0725491298145,0,21.2265358273931,453.537896055276,0,32599.3856004298,4236.68910807106,-42795.7977286321,1,1,mix_E50_H30_C20,0.52,0.3,0.18,1
0,NORMAL,327.969049616543,182.753694424829,37.6784492731632,26.9131780522595,25.1189661821088,34.6641733313102,0,28.4100252847013,145.215355191714,0,27924.4142418651,105314.332707995,42084.1812887106,1,1,mix_E40_H30_C30,0.42,0.3,0.28,1
1,NORMAL,314.917570879358,111.425206237171,35.6381229757937,25.4558021255669,23.7587486505291,32.7870731377302,0,26.9921174100288,203.492364642187,0,26764.9562580697,3797.91239389059,-35683.7348678972,1,1,mix_E40_H30_C30,0.42,0.3,0.28,1
2,NORMAL,291.840438733695,117.734915400452,38.2063705134376,27.2902646524554,25.470913675625,35.1498608723626,0,28.7768026959885,174.105523333243,0,28224.3679573613,4037.20537659445,-37820.2769993618,1,1,mix_E40_H30_C30,0.42,0.3,0.28,1
3,NORMAL,232.456082987042,115.972405364915,37.4889718319996,26.7778370228569,24.9926478879998,34.4898540854397,0,28.2782274467867,116.483677622127,0,27816.6787038989,3970.36284360267,-37223.4421236082,1,1,mix_E40_H30_C30,0.42,0.3,0.28,1
4,NORMAL,189.034659350842,114.371104443139,36.8371906640243,26.3122790457316,24.5581271093495,33.8902154109023,0,27.8252517116369,74.6635549077031,0,27446.277554435,3909.63411387706,-36681.1957346737,1,1,mix_E40_H30_C30,0.42,0.3,0.28,1
5,NORMAL,158.383746939714,117.117448073993,37.9550373297196,27.1107409497997,25.3033582198131,34.918634343342,0,28.6020192320982,41.2662988657204,0,28081.4818584512,4013.78798427886,-37611.1254989093,1,1,mix_E40_H30_C30,0.42,0.3,0.28,1
6,NORMAL,149.704634262795,114.885670666753,37.0466322460618,26.4618801757584,24.6977548307078,34.0829016663768,0,27.9707132236934,34.8189635960418,0,27565.2530117771,3929.14868927577,-36855.3913012667,1,1,mix_E40_H30_C30,0.42,0.3,0.28,1
7,NORMAL,158.133331487122,123.673079916905,40.6233860985549,29.0167043561107,27.0822573990366,37.3735152106706,0,30.4561964619595,34.460251570217,0,34082.5637068212,4262.40761289486,-44315.7300861634,1,1,mix_E40_H30_C30,0.42,0.3,0.28,1
8,NORMAL,179.434951368027,117.016811301048,37.9140705276037,27.0814789482883,25.2760470184024,34.8809448853954,0,28.5734233313494,62.4181400669797,0,32243.851824417,4009.97117967621,-41762.6941549303,1,1,mix_E40_H30_C30,0.42,0.3,0.28,1
9,NORMAL,204.820843804893,87.9731930360618,25.6956287189563,18.3540205135402,17.1304191459709,23.6399784214398,0,20.994943402635,116.847650768831,0,24407.8639330358,2891.0310933686,-30685.760473347,1,1,mix_E40_H30_C30,0.42,0.3,0.28,1
10,NORMAL,233.9947898688,89.2645502711788,26.2132568124941,18.7237548660672,17.4755045416628,24.1161962674946,0,21.3729967964191,144.730239597621,0,24768.3290545076,2939.65320431798,-31182.3078389455,1,1,mix_E40_H30_C30,0.42,0.3,0.28,1
11,NORMAL,254.1043898688,87.3230329833257,25.4350148091626,18.1678677208304,16.9566765394417,23.4002136244296,0,20.8045262461843,166.781356885474,0,24226.3400278868,2866.55114800378,-30435.7220939529,1,1,mix_E40_H30_C30,0.42,0.3,0.28,1
12,NORMAL,221.578,86.7694062140447,25.3573997633948,18.1124284024248,16.9049331755965,23.3288077823232,0,20.7478050269866,134.808593785955,0,24172.2733151297,2852.06065217392,-30368.4506318261,1,1,mix_E40_H30_C30,0.42,0.3,0.28,1
13,NORMAL,196.9996,85.7432479574453,24.9460719527883,17.8186228234202,16.6307146351922,22.9503861965652,0,20.4473351823884,111.256352042555,0,23885.8066219577,2813.42370288628,-29973.8474826119,1,1,mix_E40_H30_C30,0.42,0.3,0.28,1
14,NORMAL,159.0148,85.3209796776251,24.7768080991827,17.6977200708448,16.5178720661218,22.7946634512481,0,20.3236729604568,73.6938203223749,0,23767.9153226777,2797.52440679817,-29811.457345493,1,1,mix_E40_H30_C30,0.42,0.3,0.28,1
15,NORMAL,135.436,89.4345234819763,26.4256848541925,18.875489181566,17.6171232361283,24.3116300658571,0,21.5280014710202,46.0014765180237,0,24916.1875592186,2952.4074352108,-31393.2124507511,1,1,mix_E40_H30_C30,0.42,0.3,0.28,1
16,NORMAL,124.074470669534,87.1976557693295,25.3847511422964,18.1319651016403,16.9231674281976,23.3539710509127,0,20.7676630881262,36.8768149002041,0,24191.2611223917,2861.83012535208,-30387.4287120743,1,1,mix_E40_H30_C30,0.42,0.3,0.28,1
17,NORMAL,115.865415331254,90.6507871291902,26.7689082270561,19.1206487336115,17.8459388180374,24.6273955688916,0,21.7786313530697,25.2146282020636,0,31558.3009292477,2991.84735378057,-38118.3577164786,1,1,mix_E40_H30_C30,0.42,0.3,0.28,1
18,NORMAL,111.446227758567,86.4109626655341,25.0694092979689,17.9067209271207,16.7129395319793,23.0638565541314,0,20.5372747591779,25.0352650930325,0,29968.2284431504,2832.2094461048,-36081.4938163717,1,1,mix_E40_H30_C30,0.42,0.3,0.28,1
19,NORMAL,110.167470774166,87.3515114290641,25.4464184387644,18.176013170546,16.9642789591763,23.4107049636632,0,20.8126154564419,22.8159593451023,0,30320.9448056921,2867.62290247438,-36533.3242551058,1,1,mix_E40_H30_C30,0.42,0.3,0.28,1
20,NORMAL,109.854633421327,86.1711070698117,24.9732624216693,17.8380445869067,16.6488416144462,22.9754014279358,0,20.4669892447738,23.6835263515157,0,29878.2435077071,2823.1782811562,-35966.2321190059,1,1,mix_E40_H30_C30,0.42,0.3,0.28,1
21,NORMAL,120.438633421327,90.5891039609639,26.7441771736562,19.1029836954687,17.8294514491041,24.6046429997637,0,21.7604414875761,29.8495294603636,0,31535.0994036415,2989.52460051821,-38088.654204277,1,1,mix_E40_H30_C30,0.42,0.3,0.28,1
22,NORMAL,135.451470774166,115.57698111247,37.3279935040044,26.6628525028603,24.8853290026696,34.3417540236841,0,28.165565870142,19.8744896616964,0,31845.8143835973,23955.3653006008,-21210.1337224383,1,1,mix_E40_H30_C30,0.42,0.3,0.28,1
23,NORMAL,149.660359508325,116.238647543928,37.5973110585249,26.8552221846607,25.0648740390166,34.5895261738429,0,28.3526714970511,33.421711964397,0,32028.565171109,3980.45865893409,-41463.8912780191,1,1,mix_E40_H30_C30,0.42,0.3,0.28,1
24,NORMAL,176.716251931771,114.489941003599,37.0320624094404,26.4514731496003,24.6880416062936,34.0694974166852,0,27.9598413090345,62.2263109281721,0,27556.6000345217,3920.59247911021,-36850.0956040757,1,1,mix_E40_H30_C30,0.42,0.3,0.28,1
25,NORMAL,211.253226442193,119.569136924012,39.099472401007,27.9281945721478,26.0663149340046,35.9715146089264,0,29.3969618001567,91.6840895181804,0,28731.6444062207,4113.21964181858,-38570.2232154522,1,1,mix_E40_H30_C30,0.42,0.3,0.28,1
26,NORMAL,234.917611746144,119.718210041314,39.1601665939407,27.9715475671005,26.1067777292938,36.0273532664255,0,29.4396308649004,115.19940170483,0,28766.3802163923,4118.87391519746,-38620.9621582139,1,1,mix_E40_H30_C30,0.42,0.3,0.28,1
27,NORMAL,235.344559933185,116.769344741538,37.9599014392656,27.1142153137612,25.3066009595104,34.9231093241244,0,28.6060232724128,118.575215191647,0,28084.5578739962,4007.04012009347,-37622.6850306029,1,1,mix_E40_H30_C30,0.42,0.3,0.28,1
28,NORMAL,209.956409748643,117.62108988845,38.3066053337582,27.3618609526844,25.5377368891721,35.2420769070576,0,28.8474401693405,92.335319860193,0,28281.8185423641,4039.34294158432,-37911.3566403804,1,1,mix_E40_H30_C30,0.42,0.3,0.28,1
29,NORMAL,173.53876448071,118.857263892711,38.8097840879165,27.7212743485118,25.8731893919443,35.7050013608832,0,29.197608496443,54.6815005879988,0,28568.0045748335,4086.22507739255,-38330.208958843,1,1,mix_E40_H30_C30,0.42,0.3,0.28,1
30,NORMAL,149.387038948077,119.723727943209,39.1624792574513,27.9731994696081,26.1083195049675,36.0294809168552,0,29.4432080154366,29.6633110048682,0,28768.6794277636,4119.08611679316,-38623.8743917892,1,1,mix_E40_H30_C30,0.42,0.3,0.28,1
31,NORMAL,119.828151936921,115.681759476293,37.5172866490428,26.7980618921734,25.0115244326952,34.5159037171194,0,28.3003241298793,4.14639246062771,0,31975.8874031026,3965.79683515924,-41397.3203594184,1,1,mix_E40_H30_C30,0.42,0.3,0.28,1
32,NORMAL,103.495924044676,85.3679209957555,24.7957408063267,17.7112434330905,16.5304938708845,22.8120815418206,0,20.3398361167673,18.1280030489208,0,23782.2674134391,2799.29697929183,-29830.7925895541,1,1,mix_E40_H30_C30,0.42,0.3,0.28,1
33,NORMAL,99.4747257814166,86.6642424476465,25.3153760050924,18.0824114322089,16.8769173367283,23.290145924685,0,20.719768829765,12.8104833337701,0,24144.3369477691,2848.1067621594,-30329.4728880484,1,1,mix_E40_H30_C30,0.42,0.3,0.28,1
34,NORMAL,111.328,88.1933336125893,25.9283153279886,18.5202252342776,17.2855435519924,23.8540501017495,0,21.167875948036,23.1346663874107,0,24571.3960106478,2905.68080506791,-30917.6720074843,1,1,mix_E40_H30_C30,0.42,0.3,0.28,1
35,NORMAL,129.11085859082,88.1186623095463,25.754097479729,18.3957839140921,17.1693983198193,23.6937696813507,0,21.0409454225665,40.9921962812737,0,24450.2297965695,2896.51528775024,-30743.5054512827,1,1,mix_E40_H30_C30,0.42,0.3,0.28,1
36,NORMAL,139.385415331254,89.1801735973191,26.1796116767771,18.6997226262693,17.4530744511847,24.0852427426349,0,21.3521490135898,50.2052417339347,0,24746.7618941435,2936.48402843648,-31151.9043177239,1,1,mix_E40_H30_C30,0.42,0.3,0.28,1
37,NORMAL,139.082227758567,87.7340715905114,25.5999704575077,18.285693183934,17.0666469716718,23.551972820907,0,20.929026817543,51.3481561680552,0,24343.223624298,2882.03612872355,-30595.9815539921,1,1,mix_E40_H30_C30,0.42,0.3,0.28,1
38,NORMAL,137.803470774166,88.0437347654614,25.7241126761155,18.3743661972253,17.1494084507437,23.6661836620263,0,21.0200622969703,49.7597360087051,0,24429.8572668146,2893.69628576702,-30715.2524968713,1,1,mix_E40_H30_C30,0.42,0.3,0.28,1
39,NORMAL,123.966633421327,86.692503656914,25.1824999705287,17.9874999789491,16.7883333136858,23.1678999728864,0,20.6247016140389,37.2741297644134,0,24052.7947972586,2842.8204787455,-30195.8030908047,1,1,mix_E40_H30_C30,0.42,0.3,0.28,1
40,NORMAL,100.171470774166,87.7918588994556,25.6231832536209,18.3022737525863,17.0821221690806,23.5733285933312,0,20.9470036314146,12.3796118747108,0,24359.9001093065,2884.21410478235,-30618.7630456259,1,1,mix_E40_H30_C30,0.42,0.3,0.28,1
41,NORMAL,79.9974153312537,79.9974153312537,22.4124050510839,16.0088607507742,14.9416033673893,20.6194126469972,0,18.8033910496819,0,0,27585.7313659792,2586.9310902733,-32996.180774067,1,1,mix_E40_H30_C30,0.42,0.3,0.28,1
42,NORMAL,70.756,70.756,18.6088612502311,13.2920437501651,12.4059075001541,17.1201523502126,0,16.5934194141108,0,0,24311.2041641872,2234.60481813595,-28716.7677581472,1,1,mix_E40_H30_C30,0.42,0.3,0.28,1
43,NORMAL,81.34,81.34,23.0940364342751,16.4957403101965,15.3960242895167,21.2465135195331,0,19.304053593601,0,0,28224.865178911,2643.80001912432,-33821.671029034,1,1,mix_E40_H30_C30,0.42,0.3,0.28,1
44,NORMAL,111.328,86.5152142229128,25.2558199633359,18.0398714023828,16.8372133088906,23.235354366269,0,20.6799421363585,24.8127857770872,0,30145.8907752661,2842.50350778642,-36315.3786885044,1,1,mix_E40_H30_C30,0.42,0.3,0.28,1
45,NORMAL,186.9448,86.7276769765518,25.34100019299,18.1007144235643,16.89400012866,23.3137201775508,0,20.7425160919811,100.217123023448,0,30225.764556072,2850.50387390615,-36417.646820131,1,1,mix_E40_H30_C30,0.42,0.3,0.28,1
46,NORMAL,364.5796,83.9273553984537,24.2185333311397,17.2989523793855,16.1456888874265,22.2810506646486,0,19.9226733376871,280.652244601546,0,23382.514908117,2745.06698339358,-29279.306115306,1,1,mix_E40_H30_C30,0.42,0.3,0.28,1
47,NORMAL,576.31054904882,88.3778331104411,26.0024838316261,18.5732027368758,17.3349892210841,23.922285125096,0,21.2265358273931,487.932715938379,0,24625.2905587311,2912.63697890893,-30991.0758031408,1,1,mix_E40_H30_C30,0.42,0.3,0.28,1
0,NORMAL,327.969049616543,159.145643501795,21.152813627039,19.830762775349,25.1189661821088,19.4605885368759,0,28.4100252847013,168.823406114749,0,24275.5538912009,24405.5246317713,-31637.6777059488,1,1,mix_E30_H30_C40,0.32,0.3,0.38,1
1,NORMAL,314.917570879358,89.095555249832,20.0073672846561,18.7569068293651,23.7587486505291,18.4067779018836,0,26.9921174100288,225.822015629526,0,23313.6854014665,2938.31719805244,-29745.5615745748,1,1,mix_E30_H30_C40,0.32,0.3,0.38,1
2,NORMAL,291.840438733695,93.7960867579472,21.4491904636842,20.108616059704,25.470913675625,19.7332552265895,0,28.7768026959885,198.044351975748,0,24524.3826023757,23115.6637856964,-11454.1715461704,1,1,mix_E30_H30_C40,0.32,0.3,0.38,1
3,NORMAL,232.456082987042,92.4830746431106,21.0464403267366,19.7310378063156,24.9926478879998,19.3627251005977,0,28.2782274467867,139.973008343931,0,24186.1677475368,3066.1249827707,-30976.872642996,1,1,mix_E30_H30_C40,0.32,0.3,0.38,1
4,NORMAL,189.034659350842,91.2901579117954,20.6805280920838,19.3879950863286,24.5581271093495,19.0260858447171,0,27.8252517116369,97.7445014390466,0,23878.8864585506,3021.11728193064,-30543.2287617578,1,1,mix_E30_H30_C40,0.32,0.3,0.38,1
5,NORMAL,158.383746939714,93.3360963636427,21.2844265691687,20,25.3033582198131,19.5816724436352,0,28.6020192320982,65.047650576071,0,24400.6110025215,3099.76754996089,-31292.0359838272,1,1,mix_E30_H30_C40,0.319644611044196,0.300355388955804,0.38,1
6,NORMAL,149.704634262795,91.6734950739822,20.7981093311224,19.4982274979272,24.6977548307079,19.1342605846326,0,27.9707132236934,58.0311391888123,0,23977.5791521585,3035.58010480438,-30682.5262948654,1,1,mix_E30_H30_C40,0.32,0.3,0.38,1
7,NORMAL,158.133331487122,98.2198304817198,22.8061114939256,21.3807295255552,27.0822573990366,20.9816225744115,0,30.4561964619595,59.9135010054018,0,28181.4823577679,23282.5673572025,-15579.8642580032,1,1,mix_E30_H30_C40,0.32,0.3,0.38,1
8,NORMAL,179.434951368027,93.2611280130753,21.2398661879198,20,25.2760470184024,19.5406768928862,0,28.5734233313494,86.1738233549519,0,26721.3553471137,3098.26818294955,-33614.2796954307,1,1,mix_E30_H30_C40,0.319320071905755,0.300679928094245,0.38,1
9,NORMAL,204.820843804893,71.8731750417282,14.4256161229228,13.5240151152402,17.1304191459709,13.271566833089,0,20.994943402635,132.947668763164,0,20675.2357612295,2271.24988278525,-25160.0378190504,1,1,mix_E30_H30_C40,0.32,0.3,0.38,1
10,NORMAL,233.9947898688,72.8402038974356,14.7162143508739,13.7964509539443,17.4755045416628,13.538917202804,0,21.3729967964192,161.154585971365,0,20960.508591219,2307.38675081827,-25545.2717268524,1,1,mix_E30_H30_C40,0.32,0.3,0.38,1
11,NORMAL,254.1043898688,71.3863069124218,14.2793065595298,13.3868498995592,16.9566765394417,13.1369620347674,0,20.8045262461842,182.718082956378,0,20531.5694556084,2253.0559717601,-24966.0432205314,1,1,mix_E30_H30_C40,0.32,0.3,0.38,1
12,NORMAL,221.578,70.8813111241984,14.2357332005023,13.3459998754709,16.9049331755965,13.0968745444621,0,20.7478050269866,150.696688875802,0,20488.7773494997,2240.43755882619,-24915.4625045779,1,1,mix_E30_H30_C40,0.32,0.3,0.38,1
13,NORMAL,196.9996,70.1128770597084,14.0048123243724,13.1295115540991,16.6307146351922,12.8844273384226,0,20.4473351823884,126.886722940292,0,20262.0614330263,2211.72187868486,-24609.3134432661,1,1,mix_E30_H30_C40,0.32,0.3,0.38,1
14,NORMAL,159.0148,69.7966638260068,13.9097870030499,13.0404253153593,16.5178720661218,12.7970040428059,0,20.3236729604568,89.2181361739932,0,20168.7579356385,2199.90524417484,-24483.3226922315,1,1,mix_E30_H30_C40,0.32,0.3,0.38,1
15,NORMAL,135.436,72.8770768314797,14.8354721988449,13.9082551864171,17.6171232361283,13.6486344229373,0,21.5280014710202,62.5589231685203,0,21077.5091277675,2315.01719547158,-25710.4946993699,1,1,mix_E30_H30_C40,0.32,0.3,0.38,1
16,NORMAL,124.074470669534,71.292423224031,14.2510883605874,13.3603953380507,16.9231674281976,13.1110012917404,0,20.7676630881262,52.7820474455027,0,20503.7920090897,2249.54731392888,-24928.5588009758,1,1,mix_E30_H30_C40,0.32,0.3,0.38,1
17,NORMAL,115.865415331254,73.8782882400573,15.0281590046631,14.0888990668716,17.8459388180374,13.82590628429,0,21.7786313530697,41.9871270911965,0,24861.3775727947,2346.17853094613,-29553.4441983834,1,1,mix_E30_H30_C40,0.32,0.3,0.38,1
18,NORMAL,111.446227758567,70.7033127294633,14.0740543427194,13.1944259462994,16.7129395319793,12.9481299953018,0,20.5372747591779,40.7429150291032,0,23696.4779766761,2227.53271243757,-28060.3477626893,1,1,mix_E30_H30_C40,0.32,0.3,0.38,1
19,NORMAL,110.167470774166,71.4076402268308,14.2857085972011,13.392851809876,16.9642789591763,13.142851909425,0,20.8126154564419,38.7598305473357,0,23954.8759120644,2253.85266951047,-28391.5512913135,1,1,mix_E30_H30_C40,0.32,0.3,0.38,1
20,NORMAL,109.854633421327,70.5236995374375,14.0200771490073,13.1438223271944,16.6488416144462,12.8984709770868,0,20.4669892447738,39.33093388389,0,23630.5466281807,2220.82062004557,-27975.8489815231,1,1,mix_E30_H30_C40,0.32,0.3,0.38,1
21,NORMAL,120.438633421327,73.8321007193246,15.0142749045087,14.0758827229769,17.8294514491041,13.813132912148,0,21.7604414875762,46.6065327020028,0,24844.3631493198,2344.45229323834,-29531.653572721,1,1,mix_E30_H30_C40,0.32,0.3,0.38,1
22,NORMAL,135.451470774166,92.1885140046979,20.9560665285639,19.6463123705286,24.8853290026696,19.2795812062787,0,28.165565870142,43.2629567694686,0,26423.4321693314,3055.01025361607,-33182.926386883,1,1,mix_E30_H30_C40,0.32,0.3,0.38,1
23,NORMAL,149.660359508325,92.6814351012434,21.1072623486455,19.7880584518552,25.0648740390166,19.4186813607539,0,28.3526714970511,56.9789244070819,0,26567.0610383969,3073.60764480262,-33378.7684842164,1,1,mix_E30_H30_C40,0.32,0.3,0.38,1
24,NORMAL,176.716251931771,91.2868943811421,20.7899297737209,19.4905591628634,24.6880416062936,19.1267353918232,0,27.9598413090345,85.4293575506286,0,23970.3371485548,3027.37532059839,-30679.6582848669,1,1,mix_E30_H30_C40,0.32,0.3,0.38,1
25,NORMAL,211.253226442193,95.0707206326545,21.9505809970565,20.5786696847405,26.0663149340046,20.194534517292,0,29.3969618001567,116.182505809538,0,24945.1691842284,23170.1363414282,-12055.3053856792,1,1,mix_E30_H30_C40,0.32,0.3,0.38,1
26,NORMAL,234.917611746144,95.1817648070155,21.9846549299316,20.6106139968109,26.1067777292938,20.2258825355371,0,29.4396308649004,139.735846939128,0,24974.0272409791,3174.32666462433,-32095.9312078425,1,1,mix_E30_H30_C40,0.32,0.3,0.38,1
27,NORMAL,235.344559933185,92.9849453435016,21.2897173549907,20,25.3066009595104,19.5865399665914,0,28.6060232724128,142.359614589683,0,24403.7812281883,3092.74452955807,-31302.2292298967,1,1,mix_E30_H30_C40,0.319683098012265,0.300316901987735,0.38,1
28,NORMAL,209.956409748643,93.6194574738145,21.5054626435134,20.1613712282938,25.5377368891721,19.7850256320323,0,28.8474401693405,116.336952274828,0,24572.126236358,23115.3836764981,-11528.5496416709,1,1,mix_E30_H30_C40,0.32,0.3,0.38,1
29,NORMAL,173.53876448071,94.5403565694547,21.7879489616373,20.426202151535,25.8731893919444,20.0449130447064,0,29.197608496443,78.9984079112548,0,24809.583378951,3150.12908894366,-31863.5602089352,1,1,mix_E30_H30_C40,0.32,0.3,0.38,1
30,NORMAL,149.387038948077,95.1858336716228,21.9859532673411,20.6118311881322,26.1083195049675,20.2270770059538,0,29.4432080154366,54.2012052764542,0,24976.1024891472,3174.48308453802,-32098.4580957389,1,1,mix_E30_H30_C40,0.32,0.3,0.38,1
31,NORMAL,119.828151936921,92.1746876410531,21.0623363643749,19.7459403416015,25.0115244326952,19.3773494552249,0,28.3003241298793,27.6534642958676,0,26526.0078688206,3060.8760180246,-33329.4064339881,1,1,mix_E30_H30_C40,0.32,0.3,0.38,1
32,NORMAL,103.495924044676,69.8317425456761,13.9204158912711,13.0503898980667,16.5304938708845,12.8067826199694,0,20.3398361167673,33.6641814990002,0,20180.3598015726,2201.22115782269,-24498.586547734,1,1,mix_E30_H30_C40,0.32,0.3,0.38,1
33,NORMAL,99.4747257814166,70.8024780334281,14.2121409151396,13.3238821079434,16.8769173367283,13.0751696419284,0,20.719768829765,28.6722477479884,0,20466.9454859767,2237.49728618912,-24885.5217700056,1,1,mix_E30_H30_C40,0.32,0.3,0.38,1
34,NORMAL,111.328,71.9475220035739,14.5562472016778,13.6464817515729,17.2855435519924,13.3917474255436,0,21.167875948036,39.3804779964262,0,20804.9670472137,2280.28716951494,-25341.9112054178,1,1,mix_E30_H30_C40,0.32,0.3,0.38,1
35,NORMAL,129.11085859082,71.9820097533251,14.4584406903741,13.5547881472258,17.1693983198193,13.3017654351442,0,21.0409454225665,57.128848837495,0,20709.1082679352,2275.32380463652,-25205.2093682717,1,1,mix_E30_H30_C40,0.32,0.3,0.38,1
36,NORMAL,139.385415331254,72.7769081356793,14.6973258536292,13.7787429877774,17.4530744511847,13.5215397853389,0,21.3521490135898,66.6085071955745,0,20943.8288295169,2305.02909907471,-25522.1034319283,1,1,mix_E30_H30_C40,0.32,0.3,0.38,1
37,NORMAL,139.082227758567,71.6939898502184,14.3719132393025,13.4736686618461,17.0666469716718,13.2221601801583,0,20.929026817543,67.3882379083482,0,20624.4910736285,2264.56220525629,-25090.8297535221,1,1,mix_E30_H30_C40,0.32,0.3,0.38,1
38,NORMAL,137.803470774166,71.925869680176,14.4416071164157,13.5390066716397,17.1494084507437,13.2862785471024,0,21.0200622969703,65.8776010939905,0,20693.091425442,2273.228039204,-25183.4045031607,1,1,mix_E30_H30_C40,0.32,0.3,0.38,1
39,NORMAL,123.966633421327,70.9139949034499,14.1375438431038,13.2539473529099,16.7883333136858,13.0065403356555,0,20.6247016140389,53.0526385178776,0,20394.7053278554,2235.41598641116,-24780.4263315539,1,1,mix_E30_H30_C40,0.32,0.3,0.38,1
40,NORMAL,100.171470774166,71.7372328006957,14.3849449844889,13.4858859229583,17.0821221690806,13.2341493857298,0,20.9470036314146,28.4342379734708,0,20637.79559457,2266.18028628262,-25108.6194438361,1,1,mix_E30_H30_C40,0.32,0.3,0.38,1
41,NORMAL,79.9974153312537,69.2798336337272,13.6464919909507,12.7935862415162,16.2052092392539,12.5547726316746,0,19.9862994665775,10.7175816975266,0,23177.108764927,2174.35044835372,-27393.9174817909,1,1,mix_E30_H30_C40,0.32,0.3,0.38,1
42,NORMAL,70.756,70.756,14.1781800001761,13.2920437501651,16.8365887502091,13.043925600162,0,20.74121959651,0,0,23857.8436703555,2234.60481813595,-28263.4072643153,1,1,mix_E30_H30_C40,0.32,0.3,0.38,1
43,NORMAL,81.34,70.2286678276386,14.0398300357206,13.1623406584881,16.6722981674182,12.916643632863,0,20.4988640975327,11.1113321723614,0,23657.7511011414,2216.06168321665,-28017.0634019783,1,1,mix_E30_H30_C40,0.32,0.3,0.38,1
44,NORMAL,111.328,70.6907656243314,14.1787059443289,13.2925368228084,16.8372133088906,13.0444094687826,0,20.6799421363585,40.6372343756686,0,23827.5049388245,2233.3305296758,-28234.5891404301,1,1,mix_E30_H30_C40,0.32,0.3,0.38,1
45,NORMAL,186.9448,70.8498573067585,14.2265264241347,13.3373685226263,16.89400012866,13.088404310204,0,20.7425160919811,116.094942693241,0,23886.068718317,2239.27633988525,-28309.6032169324,1,1,mix_E30_H30_C40,0.32,0.3,0.38,1
46,NORMAL,364.5796,68.7528357674137,13.5963695894117,12.7465964900735,16.1456888874265,12.5086600222588,0,19.9226733376871,295.826764232586,0,19864.4542768567,2160.91346566107,-24071.2257937302,1,1,mix_E30_H30_C40,0.32,0.3,0.38,1
47,NORMAL,576.31054904882,72.0855500079185,14.5978856598603,13.685517806119,17.3349892210841,13.4300548070714,0,21.2265358273931,504.224999040902,0,20848.0876442423,2285.45439141108,-25399.3654173817,1,1,mix_E30_H30_C40,0.32,0.3,0.38,1
0,NORMAL,327.969049616543,159.145643501795,14.5425593685893,26.4410170337988,25.1189661821088,13.3791546191022,0,28.4100252847013,168.823406114749,0,22816.0097509352,104813.061885683,46927.187539389,1,1,mix_E20_H40_C40,0.22,0.4,0.38,1
1,NORMAL,314.917570879358,89.095555249832,13.7550650082011,25.0092091058201,23.7587486505291,12.654659807545,0,26.9921174100288,225.822015629526,0,21933.1770588252,3323.78589573771,-31102.9823246351,1,1,mix_E20_H40_C40,0.22,0.4,0.38,1
2,NORMAL,291.840438733695,93.7960867579472,14.7463184437829,26.8114880796053,25.470913675625,13.5666129682803,0,28.7768026959885,198.044351975748,0,23044.3884603815,3528.91113587444,-32909.4142971618,1,1,mix_E20_H40_C40,0.22,0.4,0.38,1
3,NORMAL,232.456082987042,92.4830746431106,14.4694277246314,26.3080504084208,24.9926478879998,13.3118735066609,0,28.2782274467867,139.973008343931,0,22733.963364992,3471.61281274019,-32404.7903898916,1,1,mix_E20_H40_C40,0.22,0.4,0.38,1
4,NORMAL,189.034659350842,91.2901579117954,14.2178630633076,25.8506601151048,24.5581271093495,13.080434018243,0,27.8252517116369,97.7445014390466,0,22451.9300201968,3419.55532316222,-31946.3208105518,1,1,mix_E20_H40_C40,0.22,0.4,0.38,1
5,NORMAL,158.383746939714,93.3360963636427,14.649312653576,26.6351139155927,25.3033582198131,13.4773676412899,0,28.6020192320982,65.047650576071,0,22935.5778499587,3508.8374584438,-32732.56795266,1,1,mix_E20_H40_C40,0.22,0.4,0.38,1
6,NORMAL,149.704634262795,91.6734950739822,14.2987001651466,25.997636663903,24.6977548307079,13.1548041519349,0,27.9707132236934,58.0311391888123,0,22542.5096083111,3436.28350591263,-32093.5957657468,1,1,mix_E20_H40_C40,0.22,0.4,0.38,1
7,NORMAL,158.133331487122,98.2198304817198,15.6792016520738,28.507639367407,27.0822573990366,14.4248655199079,0,30.4561964619595,59.9135010054018,0,25821.0498181466,3721.95760639191,-36340.3578883385,1,1,mix_E20_H40_C40,0.22,0.4,0.38,1
8,NORMAL,179.434951368027,93.2611280130753,14.6335009053909,26.6063652825289,25.2760470184024,13.4628208329596,0,28.5734233313494,86.1738233549519,0,24533.3271655402,3505.56567262457,-34319.2273976631,1,1,mix_E20_H40_C40,0.22,0.4,0.38,1
9,NORMAL,204.820843804893,71.8731750417282,9.91761108450942,18.0320201536535,17.1304191459709,9.12420219774867,0,20.994943402635,132.947668763164,0,19182.184492507,2549.17867676882,-25641.0750698797,1,1,mix_E20_H40_C40,0.22,0.4,0.38,1
10,NORMAL,233.9947898688,72.8402038974356,10.1173973662258,18.3952679385924,17.4755045416628,9.30800557692772,0,21.3729967964192,161.154585971365,0,19437.3804059036,2590.91430844146,-26035.9992793976,1,1,mix_E20_H40_C40,0.22,0.4,0.38,1
11,NORMAL,254.1043898688,71.3863069124218,9.81702325967675,17.8491331994123,16.9566765394417,9.03166139890261,0,20.8045262461842,182.718082956378,0,19053.6612266971,2528.16591626399,-25442.2016260105,1,1,mix_E20_H40_C40,0.22,0.4,0.38,1
12,NORMAL,221.578,70.8813111241984,9.78706657534532,17.7946665006279,16.9049331755965,9.0041012493177,0,20.7478050269866,150.696688875802,0,19015.3789632477,2514.7080042736,-25390.1679108467,1,1,mix_E20_H40_C40,0.22,0.4,0.38,1
13,NORMAL,196.9996,70.1128770597084,9.62830847300599,17.5060154054655,16.6307146351922,8.85804379516551,0,20.4473351823884,126.886722940292,0,18812.5633574538,2481.5433245151,-25076.3185515048,1,1,mix_E20_H40_C40,0.22,0.4,0.38,1
14,NORMAL,159.0148,69.7966638260068,9.56297856459681,17.3872337538124,16.5178720661218,8.79794027942907,0,20.3236729604568,89.2181361739932,0,18729.0949808229,2467.89590005974,-24947.1590817869,1,1,mix_E20_H40_C40,0.22,0.4,0.38,1
15,NORMAL,135.436,72.8770768314797,10.1993871367058,18.5443402485561,17.6171232361283,9.38343616576937,0,21.5280014710202,62.5589231685203,0,19542.0377551871,2600.84241508558,-26205.1990295334,1,1,mix_E20_H40_C40,0.22,0.4,0.38,1
16,NORMAL,124.074470669534,71.292423224031,9.79762324790386,17.8138604507343,16.9231674281976,9.01381338807155,0,20.7676630881262,52.7820474455027,0,19028.8043637689,2524.1135970783,-25403.7762411106,1,1,mix_E20_H40_C40,0.22,0.4,0.38,1
17,NORMAL,115.865415331254,73.8782882400573,10.3318593157059,18.7851987558289,17.8459388180374,9.50531057044939,0,21.7786313530697,41.9871270911965,0,22182.6082302135,2635.71611966113,-28931.2189859321,1,1,mix_E20_H40_C40,0.22,0.4,0.38,1
18,NORMAL,111.446227758567,70.7033127294633,9.67591236061956,17.5925679283993,16.7129395319793,8.90183937177,0,20.5372747591779,40.7429150291032,0,21187.7777900864,2498.688198387,-27477.6262563004,1,1,mix_E20_H40_C40,0.22,0.4,0.38,1
19,NORMAL,110.167470774166,71.4076402268308,9.82142466057572,17.8571357465013,16.9642789591763,9.03571068772966,0,20.8126154564419,38.7598305473357,0,21408.4483546133,2529.08595783509,-27800.066461791,1,1,mix_E20_H40_C40,0.22,0.4,0.38,1
20,NORMAL,109.854633421327,70.5236995374375,9.63880303994253,17.5250964362592,16.6488416144462,8.86769879674713,0,20.4669892447738,39.33093388389,0,21131.4678763701,2490.93616314451,-27395.3623444095,1,1,mix_E20_H40_C40,0.22,0.4,0.38,1
21,NORMAL,120.438633421327,73.8321007193246,10.3223139968497,18.7678436306359,17.8294514491041,9.49652887710175,0,21.7604414875762,46.6065327020028,0,22168.0686475912,2633.72238618895,-28910.0032169216,1,1,mix_E20_H40_C40,0.22,0.4,0.38,1
22,NORMAL,135.451470774166,92.1885140046979,14.4072957383876,26.1950831607048,24.8853290026696,13.2547120793166,0,28.165565870142,43.2629567694686,0,24254.479283625,23458.7569114568,-13881.7283337252,1,1,mix_E20_H40_C40,0.22,0.4,0.38,1
23,NORMAL,149.660359508325,92.6814351012434,14.5112428646938,26.384077935807,25.0648740390166,13.3503434355183,0,28.3526714970511,56.9789244070819,0,24382.4593853121,3480.26729239521,-34082.6122137463,1,1,mix_E20_H40_C40,0.22,0.4,0.38,1
24,NORMAL,176.716251931771,91.2868943811421,14.2930767194331,25.9874122171511,24.6880416062936,13.1496305818785,0,27.9598413090345,85.4293575506286,0,22535.8319941681,3427.92113159024,-32090.1728051251,1,1,mix_E20_H40_C40,0.22,0.4,0.38,1
25,NORMAL,211.253226442193,95.0707206326545,15.0910244354764,27.4382262463207,26.0663149340046,13.8837424806382,0,29.3969618001567,116.182505809538,0,23430.5790954315,3593.04365102058,-33544.5655015829,1,1,mix_E20_H40_C40,0.22,0.4,0.38,1
26,NORMAL,234.917611746144,95.1817648070155,15.114450264328,27.4808186624145,26.1067777292938,13.9052942431817,0,29.4396308649004,139.735846939128,0,23457.0860508138,3597.89045411901,-33587.5031053451,1,1,mix_E20_H40_C40,0.22,0.4,0.38,1
27,NORMAL,235.344559933185,92.9849453435016,14.6511900291902,26.6385273258004,25.3066009595104,13.479094826855,0,28.6060232724128,142.359614589683,0,22937.9943946516,3502.02488256673,-32743.5022751587,1,1,mix_E20_H40_C40,0.22,0.4,0.38,1
28,NORMAL,209.956409748643,93.6194574738145,14.7850055674154,26.8818283043917,25.5377368891721,13.6022051220222,0,28.8474401693405,116.336952274828,0,23088.2493139556,3529.71518550537,-32987.6102375316,1,1,mix_E20_H40_C40,0.22,0.4,0.38,1
29,NORMAL,173.53876448071,94.5403565694547,14.9792149111257,27.2349362020467,25.8731893919444,13.7808777182356,0,29.197608496443,78.9984079112548,0,23306.2149005981,3569.90307479518,-33341.7863843733,1,1,mix_E20_H40_C40,0.22,0.4,0.38,1
30,NORMAL,149.387038948077,95.1858336716228,15.115342871297,27.4824415841763,26.1083195049675,13.9061154415932,0,29.4432080154366,54.2012052764542,0,23459.0717137007,3598.07188823987,-33590.1180803003,1,1,mix_E20_H40_C40,0.22,0.4,0.38,1
31,NORMAL,119.828151936921,92.1746876410531,14.4803562505077,26.3279204554686,25.0115244326952,13.3219277504671,0,28.3003241298793,27.6534642958676,0,24346.0560551078,3466.67010642579,-34031.7520596048,1,1,mix_E20_H40_C40,0.22,0.4,0.38,1
32,NORMAL,103.495924044676,69.8317425456761,9.57028592524888,17.4005198640889,16.5304938708845,8.80466305122897,0,20.3398361167673,33.6641814990002,0,18739.5967568261,2469.41659345908,-24962.777368679,1,1,mix_E20_H40_C40,0.22,0.4,0.38,1
33,NORMAL,99.4747257814166,70.8024780334281,9.77084687915846,17.7651761439245,16.8769173367283,8.98917912882578,0,20.719768829765,28.6722477479884,0,18995.9889012598,2511.31319469597,-25359.4404668545,1,1,mix_E20_H40_C40,0.22,0.4,0.38,1
34,NORMAL,111.328,71.9475220035739,10.0074199511535,18.1953090020973,17.2855435519924,9.20682635506119,0,21.167875948036,39.3804779964262,0,19298.39546184,2560.73274599609,-25827.3044861359,1,1,mix_E20_H40_C40,0.22,0.4,0.38,1
35,NORMAL,129.11085859082,71.9820097533251,9.94017797463222,18.0730508629677,17.1693983198193,9.14496373666164,0,21.0409454225665,57.128848837495,0,19212.6596564814,2553.88500782653,-25687.341188619,1,1,mix_E20_H40_C40,0.22,0.4,0.38,1
36,NORMAL,139.385415331254,72.7769081356793,10.1044115243701,18.3716573170365,17.4530744511847,9.29605860242048,0,21.3521490135898,66.6085071955745,0,19422.6556036663,2588.19274452842,-26012.201127786,1,1,mix_E20_H40_C40,0.22,0.4,0.38,1
37,NORMAL,139.082227758567,71.6939898502184,9.88069035202048,17.9648915491282,17.0666469716718,9.09023512385884,0,20.929026817543,67.3882379083482,0,19136.9980533607,2541.45634134026,-25570.0762255536,1,1,mix_E20_H40_C40,0.22,0.4,0.38,1
38,NORMAL,137.803470774166,71.925869680176,9.92860489253578,18.0520088955196,17.1494084507437,9.13431650113292,0,21.0200622969703,65.8776010939905,0,19198.385088893,2551.46492107082,-25664.9749903858,1,1,mix_E20_H40_C40,0.22,0.4,0.38,1
39,NORMAL,123.966633421327,70.9139949034499,9.71956139213388,17.6719298038798,16.7883333136858,8.94199648076317,0,20.6247016140389,53.0526385178776,0,18931.4695400942,2507.79468252521,-25251.8575110485,1,1,mix_E20_H40_C40,0.22,0.4,0.38,1
40,NORMAL,100.171470774166,71.7372328006957,9.88964967683611,17.9811812306111,17.0821221690806,9.09847770268922,0,20.9470036314146,28.4342379734708,0,19148.9537886754,2543.32549637218,-25588.3004730348,1,1,mix_E20_H40_C40,0.22,0.4,0.38,1
41,NORMAL,79.9974153312537,69.2798336337272,9.38196324377856,17.0581149886883,16.2052092392539,8.63140618427628,0,19.9862994665775,10.7175816975266,0,20744.6215675401,2437.26837358011,-26828.8987475833,1,1,mix_E20_H40_C40,0.22,0.4,0.38,1
42,NORMAL,70.756,70.756,9.74749875012106,17.3307962553016,17.2285174951276,8.96769885011137,0,21.1081252771297,0,0,21514.0359256339,2483.6031230149,-27688.1989079626,1,1,mix_E20_H40_C40,0.22,0.391154210316673,0.388845789683327,1
43,NORMAL,81.34,70.2286678276386,9.65238314955791,17.5497875446508,16.6722981674182,8.88019249759328,0,20.4988640975327,11.1113321723614,0,21155.1513972742,2486.55779210461,-27435.758917241,1,1,mix_E20_H40_C40,0.22,0.4,0.38,1
44,NORMAL,111.328,70.6907656243314,9.74786033672613,17.7233824304112,16.8372133088906,8.96803150978804,0,20.6799421363585,40.6372343756686,0,21300.1506042478,2506.50226873886,-27647.5346438842,1,1,mix_E20_H40_C40,0.22,0.4,0.38,1
45,NORMAL,186.9448,70.8498573067585,9.78073691659262,17.7831580301684,16.89400012866,8.99827796326521,0,20.7425160919811,116.094942693241,0,21350.190383215,2513.36940446861,-27720.5687634139,1,1,mix_E20_H40_C40,0.22,0.4,0.38,1
46,NORMAL,364.5796,68.7528357674137,9.34750409272058,16.9954619867647,16.1456888874265,8.59970376530293,0,19.9226733376871,295.826764232586,0,18457.2300243526,2422.86571576533,-24524.6109519666,1,1,mix_E20_H40_C40,0.22,0.4,0.38,1
47,NORMAL,576.31054904882,72.0855500079185,10.0360463911539,18.2473570748253,17.3349892210841,9.2331626798616,0,21.2265358273931,504.224999040902,0,19337.2064784467,2566.70218849532,-25886.1471760188,1,1,mix_E20_H40_C40,0.22,0.4,0.38,1
0,NORMAL,327.969049616543,232.592913040124,30.7009586670219,83.729887273696,25.1189661821088,28.2448819736601,0,28.4100252847013,95.3761365764189,0,26383.7843160291,109813.996810352,19741.1412756862,1,1,mix_E20_H60_C20,0.22,0.6,0.18,1
1,NORMAL,314.917570879358,158.565580543777,29.0384705728689,79.1958288350971,23.7587486505291,26.7153929270394,0,26.9921174100288,156.351990335581,0,25307.7530075039,8053.91511488892,-56816.8765708491,1,1,mix_E20_H60_C20,0.22,0.6,0.18,1
2,NORMAL,291.840438733695,168.272442534629,31.1311167146528,84.9030455854168,25.470913675625,28.6406273774806,0,28.7768026959885,123.567996199067,0,26662.1519185896,28599.9152862916,-40476.3703790378,1,1,mix_E20_H60_C20,0.22,0.6,0.18,1
3,NORMAL,232.456082987042,165.560992444279,30.5465696408886,83.3088262933325,24.9926478879998,28.1028440696175,0,28.2782274467867,66.8950905427626,0,26283.7963001015,8447.39902849918,-59454.1234241285,1,1,mix_E20_H60_C20,0.22,0.6,0.18,1
4,NORMAL,189.034659350842,163.09754712042,30.015488689205,81.8604236978317,24.5581271093495,27.6142495940686,0,27.8252517116369,25.9371122304223,0,25940.0457583949,8308.83279800838,-58525.375653191,1,1,mix_E20_H60_C20,0.22,0.6,0.18,1
5,NORMAL,158.383746939714,158.383746939714,28.9597957803116,77.4616311594022,25.214008425339,26.6430121178867,0,28.518398652558,0,0,26053.5222345718,7943.36120016309,-56806.8645693857,1,1,mix_E20_H60_C20,0.22,0.588455767587085,0.191544232412916,1
6,NORMAL,149.704634262795,149.704634262795,27.0655507866853,71.3546338921705,24.605046169714,24.9003067237505,0,27.883949291547,0,0,25318.0482594736,7393.26863421831,-53570.6738859908,1,1,mix_E20_H60_C20,0.22,0.58,0.2,1
7,NORMAL,158.133331487122,158.133331487122,28.8601718732622,77.3108396138594,25.0115879367976,26.5513581234012,0,28.5183070119781,0,0,29217.6424304135,7929.05624835275,-59909.9603488575,1,1,mix_E20_H60_C20,0.22,0.589337609967827,0.190662390032173,1
8,NORMAL,179.434951368027,167.167698242322,30.8929463558252,84.2534900613415,25.2760470184024,28.4215106473592,0,28.5734233313494,12.2672531257051,0,29918.455498724,28537.7738206628,-43470.3237097618,1,1,mix_E20_H60_C20,0.22,0.6,0.18,1
9,NORMAL,204.820843804893,121.962119912988,20.9371789561866,57.1013971532362,17.1304191459709,19.2622046396917,0,20.994943402635,82.8587238919044,0,22831.8653716065,5959.67378871822,-45397.7442210031,1,1,mix_E20_H60_C20,0.22,0.6,0.18,1
10,NORMAL,233.9947898688,123.938170393526,21.3589499953656,58.2516818055425,17.4755045416628,19.6502339957363,0,21.3729967964191,110.056619475275,0,23160.5826366747,6070.11247109755,-46190.6585750396,1,1,mix_E20_H60_C20,0.22,0.6,0.18,1
11,NORMAL,254.1043898688,120.967232466345,20.7248268815398,56.5222551314723,16.9566765394417,19.0668407310166,0,20.8045262461843,133.137157402455,0,22666.3257862581,5904.07061304282,-44998.4918392106,1,1,mix_E20_H60_C20,0.22,0.6,0.18,1
12,NORMAL,221.578,120.310940292609,20.6615849923957,56.3497772519884,16.9049331755965,19.0086581930041,0,20.7478050269866,101.267059707391,0,22617.0194629748,5880.3111148527,-44886.7820290519,1,1,mix_E20_H60_C20,0.22,0.6,0.18,1
13,NORMAL,196.9996,118.740697630446,20.3264289985682,55.4357154506406,16.6307146351922,18.7003146786828,0,20.4473351823884,78.2589023695542,0,22355.78087552,5792.55226645852,-44256.6739178542,1,1,mix_E20_H60_C20,0.22,0.6,0.18,1
14,NORMAL,159.0148,118.094535364375,20.1885103030377,55.0595735537393,16.5178720661218,18.5734294787947,0,20.3236729604568,40.9202646356253,0,22248.2710925945,5756.43901516291,-43997.3720806736,1,1,mix_E20_H60_C20,0.22,0.6,0.18,1
15,NORMAL,135.436,124.389133077469,20.2557836312512,60,17.6171232361283,18.6353209407511,0,21.5280014710202,11.0468669225311,0,22872.7162741805,6186.9195296135,-46659.3743383665,1,1,mix_E20_H60_C20,0.206960069743288,0.613039930256712,0.18,1
16,NORMAL,124.074470669534,120.775368920515,20.6838713011304,56.410558093992,16.9231674281976,19.02916159704,0,20.7676630881262,3.29910174901839,0,22634.3297189975,5893.34696496962,-44921.4200896913,1,1,mix_E20_H60_C20,0.22,0.6,0.18,1
17,NORMAL,115.865415331254,115.865415331254,19.5690272757691,51.9521480554847,17.4289486495149,18.0035050937076,0,21.3883866134345,0,0,27256.3664648159,5520.27674407789,-47689.2854024985,1,1,mix_E20_H60_C20,0.22,0.584059310212057,0.195940689787943,1
18,NORMAL,111.446227758567,111.446227758567,18.6393536670223,49.3720416510998,16.7129395319793,17.1482053736605,0,20.5372747591779,0,0,26300.5247112585,5272.82354722434,-45691.9798539265,1,1,mix_E20_H60_C20,0.22,0.582737435926188,0.197262564073813,1
19,NORMAL,110.167470774166,110.167470774166,18.3485873809896,48.3735485498816,16.6805339827178,16.8807003905104,0,20.5470705179556,0,0,26139.5695010943,5185.68903014927,-45119.3523200668,1,1,mix_E20_H60_C20,0.22,0.58,0.2,1
20,NORMAL,109.854633421327,109.854633421327,18.2916084943983,49.8862049847228,14.9658614954168,16.8282798148465,0,18.8919617685786,0,0,25279.5143694941,5272.69100287308,-44927.9572994507,1,1,mix_E20_H60_C20,0.22,0.6,0.18,1
21,NORMAL,120.438633421327,120.438633421327,20.5757511912903,55.5186422300371,17.4317483572651,18.9296910959871,0,21.3882491583067,0,0,27830.5330586654,5831.62360739308,-49733.7816310125,1,1,mix_E20_H60_C20,0.22,0.593616299937489,0.186383700062511,1
22,NORMAL,135.451470774166,135.451470774166,23.9251462276708,65.2503988027385,19.5751196408215,22.0111345294571,0,23.1959891773021,0,0,24922.0030192556,26731.8653466016,-30786.6025316581,1,1,mix_E20_H60_C20,0.22,0.6,0.18,1
23,NORMAL,149.660359508325,149.660359508325,27.0466062342518,71.3046891630275,24.5878238493198,24.8828777355116,0,27.9062232435948,0,0,28310.9476065816,7389.30393264662,-56542.5875644311,1,1,mix_E20_H60_C20,0.22,0.58,0.2,1
24,NORMAL,176.716251931771,163.474150539895,30.1742730743588,82.2934720209786,24.6880416062936,27.7603312284101,0,27.9598413090345,13.2421013918754,0,26042.4001493357,28343.0632833613,-38809.833017374,1,1,mix_E20_H60_C20,0.22,0.6,0.18,1
25,NORMAL,211.253226442193,171.288015761323,31.8588293637834,86.8877164466822,26.0663149340046,29.3101230146808,0,29.3969618001567,39.9652106808696,0,27132.9104236017,8782.58623672351,-61755.9193679228,1,1,mix_E20_H60_C20,0.22,0.6,0.18,1
26,NORMAL,234.917611746144,171.517372202611,31.9082838913591,87.0225924309793,26.1067777292938,29.3556211800503,0,29.4396308649004,63.4002395435325,0,27165.1645156623,8795.48877765145,-61842.6495154034,1,1,mix_E20_H60_C20,0.22,0.6,0.18,1
27,NORMAL,235.344559933185,166.980854581836,30.9302900616238,84.3553365317014,25.3066009595104,28.4558668566939,0,28.6060232724128,68.3637053513484,0,26532.4196818129,8540.31601467627,-60132.624083537,1,1,mix_E20_H60_C20,0.22,0.6,0.18,1
28,NORMAL,209.956409748643,168.291202763792,31.2127895312104,85.1257896305738,25.5377368891721,28.7157663687135,0,28.8474401693405,41.6652069848515,0,26715.5040131615,8614.02316936793,-60626.8885225512,1,1,mix_E20_H60_C20,0.22,0.6,0.18,1
29,NORMAL,173.53876448071,170.192957130696,31.6227870345986,86.2439646398145,25.8731893919444,29.0929640718307,0,29.197608496443,3.34580735001401,0,26981.1156254609,8720.99629673318,-61344.1220975341,1,1,mix_E20_H60_C20,0.22,0.6,0.18,1
30,NORMAL,149.387038948077,149.387038948077,27.0396080321169,71.2862393573991,24.581461847379,24.8764393895475,0,28.0141433168138,0,0,25377.4171118983,7382.70004883818,-53606.4441755463,1,1,mix_E20_H60_C20,0.22,0.58,0.2,1
31,NORMAL,119.828151936921,119.828151936921,20.5641183955986,55.279793541322,17.6293534976185,18.9189889239507,0,21.3908456638857,0,0,22906.2588445651,5804.6884111997,-44717.123451366,1,1,mix_E20_H60_C20,0.22,0.5913968372062,0.1886031627938,1
32,NORMAL,103.495924044676,103.495924044676,16.9764058550289,46.2992886955335,13.88978660866,15.6182933866266,0,17.8681730886958,0,0,19956.6721635335,4924.3752438734,-38161.5522905484,1,1,mix_E20_H60_C20,0.22,0.6,0.18,1
33,NORMAL,99.4747257814166,99.4747257814166,16.0787413837159,43.8511128646799,13.1553338594039,14.7924420730186,0,17.2363588034172,0,0,19343.4585479953,4693.01565401797,-36556.6884610432,1,1,mix_E20_H60_C20,0.22,0.600000000000001,0.18,1
34,NORMAL,111.328,111.328,18.6711251103672,49.2238752909682,16.9737501003339,17.1774351015378,0,20.8760313535959,0,0,22021.8923133516,5261.32419796351,-41350.8288737438,1,1,mix_E20_H60_C20,0.22,0.58,0.2,1
35,NORMAL,129.11085859082,122.184928817124,20.984820168668,57.231327732731,17.1693983198193,19.3060345551746,0,21.0409454225665,6.9259297736958,0,22870.6451511461,5972.14048341591,-45488.9653776166,1,1,mix_E20_H60_C20,0.22,0.6,0.18,1
36,NORMAL,139.385415331254,123.809289571892,21.3315354403368,58.1769148372824,17.4530744511847,19.6250126051099,0,21.3521490135898,15.5761257593619,0,23141.0790446344,6062.92530051813,-46140.9915948356,1,1,mix_E20_H60_C20,0.22,0.6,0.18,1
37,NORMAL,139.082227758567,121.596466375574,20.8592351875988,56.8888232389059,17.0666469716718,19.1904963725909,0,20.929026817543,17.4857613829921,0,22773.0921029042,5939.25505124181,-45253.1963445172,1,1,mix_E20_H60_C20,0.22,0.6,0.18,1
38,NORMAL,137.803470774166,122.070338834397,20.9603881064644,57.1646948358122,17.1494084507437,19.2835570579473,0,21.0200622969703,15.7331319397693,0,22852.1116893462,5965.74061366773,-45443.5446804632,1,1,mix_E20_H60_C20,0.22,0.6,0.18,1
39,NORMAL,123.966633421327,120.002688803116,20.5190740500604,55.9611110456194,16.7883333136858,18.8775481260556,0,20.6247016140389,3.96394461821146,0,22508.2681323995,5850.18392684033,-44613.9959415775,1,1,mix_E20_H60_C20,0.22,0.6,0.18,1
40,NORMAL,100.171470774166,100.171470774166,16.1451820309997,44.0323146299992,13.2096943889997,14.8535674685197,0,17.3219454491954,0,0,19408.2570132648,4718.12205605048,-36686.9016104955,1,1,mix_E20_H60_C20,0.22,0.6,0.179999999999999,1
41,NORMAL,79.9974153312537,79.9974153312537,11.7398312172344,31.5314241140194,10.0916138379936,10.8006447198556,0,14.2631356077604,0,0,19227.9675301907,3543.93253067066,-31435.8614549294,1,1,mix_E20_H60_C20,0.219999999999999,0.59088697075139,0.18911302924861,1
42,NORMAL,70.756,70.756,9.74749875012105,26.5840875003302,7.97522625009906,8.96769885011136,0,12.4456192317116,0,0,17182.7829029248,3054.0896362719,-27409.0300908447,1,1,mix_E20_H60_C20,0.22,0.6,0.18,1
43,NORMAL,81.34,81.34,12.0968762274774,32.8769637725226,10.0119610339883,11.1291261292792,0,14.2636500854482,0,0,19431.8832428772,3653.73981334911,-32202.1471742655,1,1,mix_E20_H60_C20,0.22,0.597917337826913,0.182082662173088,1
44,NORMAL,111.328,111.328,18.6880518993732,49.4204252434327,16.8372133088906,17.1930077474234,0,20.6799421363585,0,0,26399.6358715817,25273.4419508898,-25814.6430999019,1,1,mix_E20_H60_C20,0.22,0.581788493102368,0.198211506897633,1
45,NORMAL,186.9448,120.247518501671,20.6482223794733,56.3133337622,16.89400012866,18.9963645891155,0,20.7425160919811,66.6972814983292,0,27549.0040912421,5876.79585475598,-49804.0762212668,1,1,mix_E20_H60_C20,0.22,0.6,0.18,1
46,NORMAL,364.5796,115.962452397316,19.733619751299,53.8189629580883,16.1456888874265,18.1549301711951,0,19.9226733376871,248.617147602684,0,21897.1115304738,5637.31088260034,-43145.5816852414,1,1,mix_E20_H60_C20,0.22,0.6,0.18,1
47,NORMAL,576.31054904882,122.772652993544,21.1872090479916,57.7832974036135,17.3349892210841,19.4922323241523,0,21.2265358273931,453.537896055276,0,23030.4715503914,6017.92515627123,-45878.748866667,1,1,mix_E20_H60_C20,0.22,0.6,0.18,1
0,NORMAL,327.969049616543,136.351663300244,9.52788372424817,8.66171247658924,25.1189661821088,8.76565302630832,0,28.4100252847013,191.617386316299,0,21708.7693686646,23261.0475987169,-24635.7636201516,1,1,mix_E20_H20_C60,0.22,0.2,0.58,1
1,NORMAL,314.917570879358,67.5358922275733,9.01193914330414,8.19267194845834,23.7587486505291,8.29098401183981,0,26.9921174100288,247.381678651785,0,20885.894867856,1855.81475875975,-23122.8082482239,1,1,mix_E20_H20_C60,0.22,0.2,0.58,1
2,NORMAL,291.840438733695,70.682734965184,9.661381049375,8.78307368125004,25.470913675625,8.888470565425,0,28.7768026959885,221.157703768511,0,21921.6342836963,1955.15122712428,-24354.1520648554,1,1,mix_E20_H20_C60,0.22,0.200000000000001,0.58,1
3,NORMAL,232.456082987042,69.8037208427479,9.47996988855162,8.61815444413786,24.9926478879998,8.72157229746749,0,28.2782274467867,162.652362144294,0,21632.2910747855,1927.40329750464,-24010.1697930595,1,1,mix_E20_H20_C60,0.22,0.2,0.58,1
4,NORMAL,189.034659350842,69.0051060884293,9.31515166216705,8.46831969287916,24.5581271093495,8.56993952919368,0,27.8252517116369,120.029553262413,0,21369.4113428249,1902.19334820996,-23697.6486180086,1,1,mix_E20_H20_C60,0.22,0.2,0.58,1
5,NORMAL,158.383746939714,70.3747912639939,9.59782553165321,8.72529593786659,25.3033582198131,8.82999948912096,0,28.6020192320982,88.0089556757199,0,21820.2094934381,1945.43022342208,-24233.5848503912,1,1,mix_E20_H20_C60,0.22,0.2,0.58,1
6,NORMAL,149.704634262795,69.2617393292383,9.36811390130296,8.51646718300272,24.6977548307078,8.61866478919872,0,27.9707132236934,80.4428949335563,0,21453.8361612544,1910.29441562316,-23798.0249112109,1,1,mix_E20_H20_C60,0.22,0.2,0.58,1
7,NORMAL,158.133331487122,73.6442793029207,10.272580392738,9.33870944794368,27.0822573990366,9.45077396131897,0,30.4561964619595,84.4890521842009,0,24030.3768570546,2048.63832637553,-26646.9807350772,1,1,mix_E20_H20_C60,0.22,0.2,0.58,1
8,NORMAL,179.434951368027,70.3246062177918,9.58746611042849,8.71587828220775,25.2760470184024,8.82046882159421,0,28.5734233313494,109.110345150235,0,22862.0804414486,1943.84590254374,-25272.335438736,1,1,mix_E20_H20_C60,0.22,0.2,0.58,1
9,NORMAL,204.820843804893,56.3283300816821,6.49774519329928,5.90704108481756,17.1304191459709,5.97792557783534,0,20.994943402635,148.49251372321,0,18049.5249093382,1490.74915926728,-19509.6949884966,1,1,mix_E20_H20_C60,0.219999999999999,0.200000000000001,0.58,1
10,NORMAL,233.9947898688,56.9822142952008,6.62863965373414,6.02603604884924,17.4755045416628,6.09834848143541,0,21.3729967964191,177.012575573599,0,18281.9038515263,1511.16315451371,-19781.1050152329,1,1,mix_E20_H20_C60,0.22,0.2,0.58,1
11,NORMAL,254.1043898688,55.999123119825,6.43184282530546,5.84712984118682,16.9566765394417,5.91729539928102,0,20.8045262461843,198.105266748975,0,17932.4894668333,1480.4713551947,-19373.0081115692,1,1,mix_E20_H20_C60,0.219999999999999,0.200000000000001,0.58,1
12,NORMAL,221.578,55.5410813822778,6.4122160321228,5.82928730192985,16.9049331755965,5.89923874955298,0,20.7478050269866,166.036918617722,0,17897.6284633324,1470.21048719733,-19339.4945638175,1,1,mix_E20_H20_C60,0.22,0.200000000000001,0.58,1
13,NORMAL,196.9996,55.0214844687899,6.30820210300392,5.73472918454904,16.6307146351922,5.80354593476361,0,20.4473351823884,141.97811553121,0,17712.9441277091,1453.98882529127,-19123.794472293,1,1,mix_E20_H20_C60,0.22,0.2,0.58,1
14,NORMAL,159.0148,54.8076692106513,6.2653997492186,5.69581795383512,16.5178720661218,5.76416776928111,0,20.3236729604568,104.207130789349,0,17636.9368771696,1447.31355399324,-19035.0240131669,1,1,mix_E20_H20_C60,0.219999999999999,0.200000000000001,0.58,1
15,NORMAL,135.436,56.8905766172072,6.68235708956589,6.07487008142357,17.6171232361283,6.14776852240062,0,21.5280014710202,78.5454233827928,0,18377.1974035743,1512.34113045904,-19899.616102412,1,1,mix_E20_H20_C60,0.22,0.200000000000001,0.58,1
16,NORMAL,124.074470669534,55.935646973398,6.41913247276459,5.83557497524058,16.9231674281976,5.90560187494343,0,20.7676630881262,68.1388236961357,0,17909.8482190428,1478.48944842237,-19346.5764260339,1,1,mix_E20_H20_C60,0.219999999999999,0.200000000000001,0.58,1
17,NORMAL,115.865415331254,57.6841513815841,6.76914920684178,6.1537720062198,17.8459388180374,6.22761727029444,0,21.7786313530697,58.1812639496696,0,20150.4383841174,1533.07710939616,-21691.5373201043,1,1,mix_E20_H20_C60,0.22,0.2,0.58,1
18,NORMAL,111.446227758567,55.5373058946364,6.33939085695764,5.76308259723424,16.7129395319793,5.83223958840103,0,20.5372747591779,55.9089218639302,0,19284.6259243976,1466.05330637819,-20697.5760081474,1,1,mix_E20_H20_C60,0.22,0.2,0.58,1
19,NORMAL,110.167470774166,56.0135576867434,6.4347265017565,5.84975136523319,16.9642789591763,5.91994838161598,0,20.8126154564419,54.153913087423,0,19476.6757248228,1480.92166947058,-20918.0536628565,1,1,mix_E20_H20_C60,0.22,0.2,0.58,1
20,NORMAL,109.854633421327,55.4158577820416,6.31507785375544,5.74097986705043,16.6488416144462,5.80987162545501,0,20.4669892447738,54.4387756392859,0,19235.615030169,1462.26166039117,-20641.3151282691,1,1,mix_E20_H20_C60,0.219999999999999,0.200000000000001,0.58,1
21,NORMAL,120.438633421327,57.652925175673,6.76289537724637,6.14808670658763,17.8294514491041,6.22186374706666,0,21.7604414875761,62.7857082456544,0,20137.7762669694,1532.10207358668,-21677.0100926046,1,1,mix_E20_H20_C60,0.22,0.2,0.58,1
22,NORMAL,135.451470774166,69.6065457627109,9.43926272515053,8.58114793195503,24.8853290026696,8.68412170713849,0,28.165565870142,65.8449250114555,0,22609.0667496409,1921.178260011,-24974.683546002,1,1,mix_E20_H20_C60,0.22,0.2,0.58,1
23,NORMAL,149.660359508325,69.936540328996,9.50736601479938,8.64306001345402,25.0648740390166,8.74677673361543,0,28.3526714970511,79.7238191793292,0,22725.1753726271,1931.5951723909,-25111.3040329217,1,1,mix_E20_H20_C60,0.22,0.200000000000001,0.58,1
24,NORMAL,176.716251931771,68.8839528146325,9.364429574801,8.51311779527366,24.6880416062936,8.61527520881692,0,27.9598413090345,107.832299117138,0,21447.5867046333,1902.53218793714,-23797.8644633927,1,1,mix_E20_H20_C60,0.22,0.2,0.58,1
25,NORMAL,211.253226442193,71.4170773168608,9.88722290600175,8.98838446000162,26.0663149340047,9.09624507352161,0,29.3969618001567,139.836149125332,0,22281.5797177235,1982.49595200933,-24789.3177499602,1,1,mix_E20_H20_C60,0.22,0.2,0.58,1
26,NORMAL,234.917611746144,71.4914038911409,9.90257086283556,9.00233714803237,26.1067777292938,9.11036519380872,0,29.4396308649004,163.426207855003,0,22306.3030789643,1984.84269853998,-24818.6645642925,1,1,mix_E20_H20_C60,0.22,0.200000000000001,0.58,1
27,NORMAL,235.344559933185,70.0206976488461,9.59905553636601,8.72641412396912,25.3066009595104,8.83113109345673,0,28.6060232724128,165.323862284339,0,21822.483098636,1938.41728984308,-24243.4299897999,1,1,mix_E20_H20_C60,0.22,0.2,0.58,1
28,NORMAL,209.956409748643,70.4454675562355,9.68672778554804,8.80611616868005,25.5377368891721,8.91178956270419,0,28.8474401693405,139.510942192408,0,21962.5495797193,1951.82650085837,-24409.90318356,1,1,mix_E20_H20_C60,0.22,0.2,0.58,1
29,NORMAL,173.53876448071,71.0619632918283,9.81396839004784,8.92178944549807,25.8731893919444,9.02885091884401,0,29.197608496443,102.476801188881,0,22165.7284687441,1971.28793695235,-24651.4063354614,1,1,mix_E20_H20_C60,0.22,0.2,0.58,1
30,NORMAL,149.387038948077,71.4940736852639,9.90315567429801,9.00286879481639,26.1083195049675,9.11090322035417,0,29.4432080154366,77.8929652628131,0,22308.2207806033,1984.92887165943,-24820.761682081,1,1,mix_E20_H20_C60,0.22,0.2,0.58,1
31,NORMAL,119.828151936921,69.478204489787,9.48712995722919,8.62466359748111,25.0115244326952,8.72815956065085,0,28.3003241298793,50.3499474471336,0,22692.2995067739,1921.29427459729,-25079.5389581686,1,1,mix_E20_H20_C60,0.22,0.2,0.58,1
32,NORMAL,103.495924044676,54.8312943869788,6.27018733033546,5.70017030030501,16.5304938708845,5.76857234390862,0,20.3398361167673,48.6646296576975,0,17646.6041021908,1448.05438960795,-19046.1246591506,1,1,mix_E20_H20_C60,0.219999999999999,0.200000000000001,0.58,1
33,NORMAL,99.4747257814166,55.4876710128036,6.40158933462106,5.81962666783735,16.8769173367283,5.88946218785137,0,20.719768829765,43.987054768613,0,17880.090802509,1468.54667967884,-19318.7946477529,1,1,mix_E20_H20_C60,0.219999999999999,0.200000000000001,0.58,1
34,NORMAL,111.328,56.2619107948694,6.55658548523847,5.96053225930774,17.2855435519924,6.03205864641939,0,21.167875948036,55.0660892051307,0,18155.479086729,1492.7186264589,-19640.4017298485,1,1,mix_E20_H20_C60,0.219999999999999,0.200000000000001,0.58,1
35,NORMAL,129.11085859082,56.401793492146,6.51253039717283,5.92048217924804,17.1693983198193,5.991527965399,0,21.0409454225665,72.709065098674,0,18077.4227788269,1493.04710160914,-19542.0095437577,1,1,mix_E20_H20_C60,0.22,0.2,0.58,1
36,NORMAL,139.385415331254,56.9392725175444,6.6201316883804,6.0183015348913,17.4530744511847,6.09052115330997,0,21.3521490135898,82.4461428137095,0,18268.6621219865,1509.82746853161,-19765.3351207706,1,1,mix_E20_H20_C60,0.22,0.200000000000001,0.58,1
37,NORMAL,139.082227758567,56.207014376832,6.47355574787548,5.88505067988682,17.0666469716718,5.95567128804544,0,20.929026817543,82.8752133817346,0,18008.5550724679,1486.96708654323,-19461.5217058751,1,1,mix_E20_H20_C60,0.22,0.2,0.58,1
38,NORMAL,137.803470774166,56.3637930461073,6.50494803304068,5.9135891209461,17.1494084507437,5.98455219039743,0,21.0200622969703,81.4396777280591,0,18064.4699370282,1491.86211992006,-19526.7981900169,1,1,mix_E20_H20_C60,0.22,0.2,0.58,1
39,NORMAL,123.966633421327,55.6795726587259,6.36798849829461,5.78908045299512,16.7883333136858,5.85854941843104,0,20.6247016140389,68.2870607626015,0,17821.4285976546,1470.50146877224,-19242.9179981257,1,1,mix_E20_H20_C60,0.22,0.2,0.58,1
40,NORMAL,100.171470774166,56.2362144984447,6.47942565034089,5.89038695485538,17.0821221690806,5.96107159831362,0,20.9470036314146,43.9352562757217,0,18019.4875911002,1487.88008250005,-19474.2070160812,1,1,mix_E20_H20_C60,0.22,0.2,0.58,1
41,NORMAL,79.9974153312537,54.5745620917545,6.14680350454457,5.58800318594965,16.2052092392539,5.65505922418101,0,19.9862994665775,25.4228532394993,0,18899.286452281,1436.00438523519,-20254.8228518535,1,1,mix_E20_H20_C60,0.219999999999999,0.200000000000001,0.58,1
42,NORMAL,70.756,56.1535280082904,6.53495491194493,5.94086810176816,17.2285174951276,6.01215851898934,0,21.1081252771297,14.6024719917096,0,19681.6009203382,1489.33863055842,-21160.0801401611,1,1,mix_E20_H20_C60,0.219999999999999,0.200000000000001,0.58,1
43,NORMAL,81.34,55.0995406339742,6.32397516695173,5.7490683335925,16.6722981674182,5.81805715359559,0,20.4988640975327,26.2404593660258,0,19256.6274839956,1456.43398984302,-20672.1959239691,1,1,mix_E20_H20_C60,0.22,0.2,0.58,1
44,NORMAL,111.328,55.4119876670805,6.38652918613091,5.80593562375538,16.8372133088906,5.87560685124043,0,20.6799421363585,55.9160123329196,0,19382.8473159483,1466.18892866562,-20817.0694193367,1,1,mix_E20_H20_C60,0.22,0.2,0.58,1
45,NORMAL,186.9448,55.5195486600616,6.4080690143193,5.82551728574484,16.89400012866,5.89542349317375,0,20.7425160919811,131.425251339938,0,19426.4206117583,1469.54740265529,-20867.0664489079,1,1,mix_E20_H20_C60,0.22,0.2,0.58,1
46,NORMAL,364.5796,54.1015754339959,6.12422681936865,5.56747892669879,16.1456888874265,5.63428867381916,0,19.9226733376871,310.478024566004,0,17389.6805914185,1425.27928467861,-18745.6890002607,1,1,mix_E20_H20_C60,0.22,0.2,0.58,1
47,NORMAL,576.31054904882,56.3550697710001,6.57534073903187,5.97758249002899,17.3349892210841,6.04931347990932,0,21.2265358273931,519.95547927782,0,18191.0207664639,1495.63299159935,-19681.5466513349,1,1,mix_E20_H20_C60,0.22,0.2,0.58,1
