"ArchiveBatch","Section","FileName","Extension","Bytes","Modified","SHA256","RelativePath"
"2026-07-19_早期整理记录","","00_项目导航_修改前_20260719.md",".md","2691","2026-07-19 12:51:05","C6177A078E2CAF31BAD815F892CD42F68695DA79DF4FB62431708517837C09C5","2026-07-19_早期整理记录\00_项目导航_修改前_20260719.md"
"2026-07-19_早期整理记录","4.3_JavaScript与表格生成工具",".codex_work__4_3_data_matrix__build_matrix.mjs",".mjs","59002","2026-07-15 00:39:07","51604119622563D63DAB9AF886A5C3FC431B06B1BE728343864063720B179E81","2026-07-19_早期整理记录\4.3_JavaScript与表格生成工具\.codex_work__4_3_data_matrix__build_matrix.mjs"
"2026-07-19_早期整理记录","4.3_JavaScript与表格生成工具","build_exchange_pack.mjs",".mjs","27855","2026-07-15 18:44:48","F57964B8FE92C86F01D5DEA7607D7E794A8FB8C56B553EB1833F88683494812F","2026-07-19_早期整理记录\4.3_JavaScript与表格生成工具\build_exchange_pack.mjs"
"2026-07-19_早期整理记录","4.3_JavaScript与表格生成工具","inspect_exchange_readiness.mjs",".mjs","1430","2026-07-15 14:06:56","64A5CFCB6DE6CA6215C4279E3CEF008F97ECF92C9122C12F780B9CF3543D8DB2","2026-07-19_早期整理记录\4.3_JavaScript与表格生成工具\inspect_exchange_readiness.mjs"
"2026-07-19_早期整理记录","4.3_JavaScript与表格生成工具","inspect_workbook.mjs",".mjs","931","2026-07-15 12:12:42","51A92F1C3826116C2A7EF774535A101051FFC4A352697D41AD7178E0376BE69C","2026-07-19_早期整理记录\4.3_JavaScript与表格生成工具\inspect_workbook.mjs"
"2026-07-19_早期整理记录","4.3_JavaScript与表格生成工具","read_progress_values.mjs",".mjs","546","2026-07-15 14:08:11","678BFA2A4BA1C327DE1B4646D794A04EF5B0E1852EFDE9FA075AC44A1737AE92","2026-07-19_早期整理记录\4.3_JavaScript与表格生成工具\read_progress_values.mjs"
"2026-07-19_早期整理记录","4.3_JavaScript与表格生成工具","remove_08_sheet.mjs",".mjs","947","2026-07-15 13:19:29","48401EC3FC0113C4EEA50C7AFEE2F5966CD59599368DD577414CFB6DB9119245","2026-07-19_早期整理记录\4.3_JavaScript与表格生成工具\remove_08_sheet.mjs"
"2026-07-19_早期整理记录","4.3_JavaScript与表格生成工具","sheet_delete_help.mjs",".mjs","564","2026-07-15 13:15:58","8649CFE0F324A469A4C09C6048314897E5C7BFD9170CC70B3C360C2405A4AC81","2026-07-19_早期整理记录\4.3_JavaScript与表格生成工具\sheet_delete_help.mjs"
"2026-07-19_早期整理记录","4.3_JavaScript与表格生成工具","update_multiobjective_workbook.mjs",".mjs","37095","2026-07-15 12:18:27","E0E58676A8BDE10D1C36FE9CF2E4056065EDE17D2D267C9437E1078AF81D172F","2026-07-19_早期整理记录\4.3_JavaScript与表格生成工具\update_multiobjective_workbook.mjs"
"2026-07-19_早期整理记录","4.3_JavaScript与表格生成工具","verify_exchange_pack.mjs",".mjs","760","2026-07-15 18:51:58","78B0AFF409CD290D705AD561FD803DC496E291CB76F73AC8E1F2353B1B7C491E","2026-07-19_早期整理记录\4.3_JavaScript与表格生成工具\verify_exchange_pack.mjs"
"2026-07-19_早期整理记录","4.3_JavaScript与表格生成工具","verify_multiobjective_workbook.mjs",".mjs","952","2026-07-15 12:26:42","E3C4903E90EE4E715DF87D9C1216390D938AA812B0512B4EF6B60A5D876B0A46","2026-07-19_早期整理记录\4.3_JavaScript与表格生成工具\verify_multiobjective_workbook.mjs"
"2026-07-19_早期整理记录","","4.3-4.7整合_修改前_20260719.md",".md","11428","2026-07-19 14:00:21","2A6DBD14A7DD1F001B7F66860D72FAE2ACCEA97E4915923B12779C66ADE462F5","2026-07-19_早期整理记录\4.3-4.7整合_修改前_20260719.md"
"2026-07-19_早期整理记录","4.7_企业调研清单生成工具","build_questions.mjs",".mjs","14930","2026-07-18 19:40:52","47799760D34DFB178EB92BDB412D866514E6AF72481546A985CD6D848863FD0C","2026-07-19_早期整理记录\4.7_企业调研清单生成工具\build_questions.mjs"
"2026-07-19_早期整理记录","","整理记录_20260719.md",".md","1292","2026-07-19 12:51:08","38615C56C32A096BADB25FAC8AC3B43BC9288D16634BC490C6EDAA0C02695473","2026-07-19_早期整理记录\整理记录_20260719.md"
"2026-07-23_V4前研发资料","01_模块研发源资料","08_4.8-4.9目标架构.md",".md","16057","2026-07-20 23:18:28","7BABC155F84D63E07D638CDC3FC2DADC73BA04605E34957BF45F453C367CE623","2026-07-23_V4前研发资料\01_模块研发源资料\08_4.8-4.9目标架构.md"
"2026-07-23_V4前研发资料","01_模块研发源资料","4.1系统边界与统一建模口径_V2.0_冻结版.md",".md","12377","2026-07-20 18:14:30","17C9C634A16B68B53430BE0096E4EAE451D7337BC75B75FD86B49EFA01D484F9","2026-07-23_V4前研发资料\01_模块研发源资料\4.1边界与口径\4.1系统边界与统一建模口径_V2.0_冻结版.md"
"2026-07-23_V4前研发资料","01_模块研发源资料","蓝海枢纽_4.1边界与口径冻结表_V1.0.docx",".docx","42250","2026-07-19 12:33:24","4D048778D676F10BA5B76254031E20518A6FFC95E0FE2B674A9379C2A6F66723","2026-07-23_V4前研发资料\01_模块研发源资料\4.1边界与口径\蓝海枢纽_4.1边界与口径冻结表_V1.0.docx"
"2026-07-23_V4前研发资料","01_模块研发源资料","4.1-4.2公共标准冻结说明_V2.0.md",".md","3128","2026-07-20 18:25:09","5D232EB67C838EFB0092DFB6E24E24AF8B609D465DA7A21A74BB7E885A825226","2026-07-23_V4前研发资料\01_模块研发源资料\4.2变量与接口\4.1-4.2公共标准冻结说明_V2.0.md"
"2026-07-23_V4前研发资料","01_模块研发源资料","4.2第四章全量变量与接口字典_V2.0_冻结版.md",".md","16068","2026-07-20 18:22:01","FC3ADB85116237F637B921CD0B12CBDBF4A322B96B4083324249A541B111B15B","2026-07-23_V4前研发资料\01_模块研发源资料\4.2变量与接口\4.2第四章全量变量与接口字典_V2.0_冻结版.md"
"2026-07-23_V4前研发资料","01_模块研发源资料","4.2冻结标准验收结果_V2.mat",".mat","1104","2026-07-20 18:23:22","BC583724C605B562117F367D474AC7520966AD24A9CBD53BBFD8AF841915DDB6","2026-07-23_V4前研发资料\01_模块研发源资料\4.2变量与接口\4.2冻结标准验收结果_V2.mat"
"2026-07-23_V4前研发资料","01_模块研发源资料","4.3-4.7去重与验收清单.md",".md","21198","2026-07-20 18:44:44","0108F9AFF20B83DBEE4D2895C649714225844B472284A0A09EA4649B7033F349","2026-07-23_V4前研发资料\01_模块研发源资料\4.2变量与接口\4.3-4.7去重与验收清单.md"
"2026-07-23_V4前研发资料","01_模块研发源资料","common_config_4_2.m",".m","13474","2026-07-20 18:15:14","DE0054DE0C6513236F52FF5EA541D14F3F1D151A4F1FF6702CB26D0696C25433","2026-07-23_V4前研发资料\01_模块研发源资料\4.2变量与接口\common_config_4_2.m"
"2026-07-23_V4前研发资料","01_模块研发源资料","common_dispatch_port_4_2.m",".m","847","2026-07-20 18:11:19","49ABF6A4CDB069E16E6C7766B4CA27BF4AA8249945B7599736CF66041B6B355A","2026-07-23_V4前研发资料\01_模块研发源资料\4.2变量与接口\common_dispatch_port_4_2.m"
"2026-07-23_V4前研发资料","01_模块研发源资料","common_packet_4_2.m",".m","1656","2026-07-20 18:11:59","9D0405E23F3DDECC80F3A8D7BB84D29745465DB3065C4893EBCDFABB90D6A69C","2026-07-23_V4前研发资料\01_模块研发源资料\4.2变量与接口\common_packet_4_2.m"
"2026-07-23_V4前研发资料","01_模块研发源资料","demo_validate_common_schema_4_2.m",".m","867","2026-07-19 19:27:32","90E84D8752CBB9169A28980D70353048BEA0527FF1D6E9018FF13A9126F72C1F","2026-07-23_V4前研发资料\01_模块研发源资料\4.2变量与接口\demo_validate_common_schema_4_2.m"
"2026-07-23_V4前研发资料","01_模块研发源资料","MATLAB校验报告.md",".md","1169","2026-07-20 18:26:02","C34FB17E7EEB5788FA2E063132800C41130264705581CFFFF5290B4F73A80F9E","2026-07-23_V4前研发资料\01_模块研发源资料\4.2变量与接口\MATLAB校验报告.md"
"2026-07-23_V4前研发资料","01_模块研发源资料","run_all_tests_4_2.m",".m","4686","2026-07-20 18:16:33","B07F80AAA3D11797E846655E54B7300DEB9B198C8374FF1785EA4084CF8950F7","2026-07-23_V4前研发资料\01_模块研发源资料\4.2变量与接口\run_all_tests_4_2.m"
"2026-07-23_V4前研发资料","01_模块研发源资料","validate_common_schema_4_2.m",".m","13488","2026-07-20 18:15:57","98204A9FE939A50C36896AB565D9C5158EDF069F2413E352329134580706DCBC","2026-07-23_V4前研发资料\01_模块研发源资料\4.2变量与接口\validate_common_schema_4_2.m"
"2026-07-23_V4前研发资料","01_模块研发源资料","validate_module_packet_4_2.m",".m","8016","2026-07-20 18:15:58","7F01121A77D8BB0EFC809F6065F9D5317A6F77B8652741FCDE9D6C8A20B34DB7","2026-07-23_V4前研发资料\01_模块研发源资料\4.2变量与接口\validate_module_packet_4_2.m"
"2026-07-23_V4前研发资料","01_模块研发源资料","skia.node.redundant",".redundant","24231424","2026-07-16 13:57:09","4E5B185CCDFFCEEDE5468B47C4646E2CE66F4E85EC35A753007EC32CB8720498","2026-07-23_V4前研发资料\01_模块研发源资料\4.3多源能源\_待清理_node_modules_非成果\@oai\artifact-tool\node_modules\skia-canvas\lib\skia.node.redundant"
"2026-07-23_V4前研发资料","01_模块研发源资料","4.3参数清单基础框架目标约束.md",".md","28762","2026-07-15 00:06:28","98CEACE4A8DA9D3B6800279858579EA8C45CF21F0C63E7B39B896A891782DEC8","2026-07-23_V4前研发资料\01_模块研发源资料\4.3多源能源\4.3参数清单基础框架目标约束.md"
"2026-07-23_V4前研发资料","01_模块研发源资料","4.3多能源供给模型_写作准备.md",".md","27782","2026-07-15 10:36:33","F11D2CFAF9DDDA6F1B77FF7A4E51034E7367FB8BC1065B461E5016625DDD566D","2026-07-23_V4前研发资料\01_模块研发源资料\4.3多源能源\4.3多能源供给模型_写作准备.md"
"2026-07-23_V4前研发资料","01_模块研发源资料","06_企业交流清单.png",".png","499855","2026-07-15 12:25:53","96543399323829C6A1E8E7CC195BAF9B774563D3E6FDDDBA5E712053F3B369A4","2026-07-23_V4前研发资料\01_模块研发源资料\4.3多源能源\outputs\4_3_4_9_multiobjective_update\previews\06_企业交流清单.png"
"2026-07-23_V4前研发资料","01_模块研发源资料","08_4.8-4.9目标架构.png",".png","591017","2026-07-15 12:25:55","195A09AB85459C149DE29BA7258576E30A8A70402A3372673A1831A3CC696F16","2026-07-23_V4前研发资料\01_模块研发源资料\4.3多源能源\outputs\4_3_4_9_multiobjective_update\previews\08_4.8-4.9目标架构.png"
"2026-07-23_V4前研发资料","01_模块研发源资料","09_多目标企业交流清单.png",".png","541819","2026-07-15 12:25:56","3F1C14BEFFE1F1C92F06AE19B22790F7258CC06D11A52C924B9AEB67ABF5EED9","2026-07-23_V4前研发资料\01_模块研发源资料\4.3多源能源\outputs\4_3_4_9_multiobjective_update\previews\09_多目标企业交流清单.png"
"2026-07-23_V4前研发资料","01_模块研发源资料","蓝海枢纽_4.3-4.9数据冻结与多目标证据矩阵.xlsx",".xlsx","73001","2026-07-15 19:30:46","3245622DBC0D8DCA1838121444B08BF28C357733F4532934CBCAFC4659136C48","2026-07-23_V4前研发资料\01_模块研发源资料\4.3多源能源\outputs\4_3_4_9_multiobjective_update\蓝海枢纽_4.3-4.9数据冻结与多目标证据矩阵.xlsx"
"2026-07-23_V4前研发资料","01_模块研发源资料","4.3模型接口图.png",".png","250660","2026-07-15 18:49:24","2C94D72C1BA7802F98C12718E793BC51B43B433548F8CA0C9B4155866C5A3BCC","2026-07-23_V4前研发资料\01_模块研发源资料\4.3多源能源\outputs\4_3_enterprise_exchange_pack\4.3模型接口图.png"
"2026-07-23_V4前研发资料","01_模块研发源资料","4.3企业交流会前工作包.xlsx",".xlsx","22629","2026-07-15 19:29:15","D725B95ED8CD7078E2821CE45B253E07987F53B91E43AE8A816ECCB88F95332F","2026-07-23_V4前研发资料\01_模块研发源资料\4.3多源能源\outputs\4_3_enterprise_exchange_pack\4.3企业交流会前工作包.xlsx"
"2026-07-23_V4前研发资料","01_模块研发源资料","01_深圳能源定向清单.png",".png","362012","2026-07-15 18:49:22","97154CF93E402DFB869284C61066D13D3EB259F6FE58E5A467E9B7A15825CEB5","2026-07-23_V4前研发资料\01_模块研发源资料\4.3多源能源\outputs\4_3_enterprise_exchange_pack\previews\01_深圳能源定向清单.png"
"2026-07-23_V4前研发资料","01_模块研发源资料","02_明阳风电定向清单.png",".png","390006","2026-07-15 18:49:23","195078E9C6FAF53BB4AD962D1AA900D06BBC67FDF2B721EF6F41C83A7DEFA8D9","2026-07-23_V4前研发资料\01_模块研发源资料\4.3多源能源\outputs\4_3_enterprise_exchange_pack\previews\02_明阳风电定向清单.png"
"2026-07-23_V4前研发资料","01_模块研发源资料","03_公开已知_无需再问.png",".png","228370","2026-07-15 18:49:24","92B68420B97111641F2DB1F351F54A5CD4AC087AF2CF6E0A64E105E32DF44B54","2026-07-23_V4前研发资料\01_模块研发源资料\4.3多源能源\outputs\4_3_enterprise_exchange_pack\previews\03_公开已知_无需再问.png"
"2026-07-23_V4前研发资料","01_模块研发源资料","demo_multi_source_complementarity_v2.m",".m","6414","2026-07-14 15:25:04","52ACB7E2546062F3DD116154082F7E4B573226B6A477B3E89EEA04A562941374","2026-07-23_V4前研发资料\01_模块研发源资料\4.3多源能源\v1\demo_multi_source_complementarity_v2.m"
"2026-07-23_V4前研发资料","01_模块研发源资料","multi_source_complementarity_v2.m",".m","13784","2026-07-14 15:29:45","AB2771B2F3E029B871652395C6BB7429E34D98464141EFB937E300376451D4C4","2026-07-23_V4前研发资料\01_模块研发源资料\4.3多源能源\v1\multi_source_complementarity_v2.m"
"2026-07-23_V4前研发资料","01_模块研发源资料","潮流能发电子模型.md",".md","8132","2026-07-14 11:40:33","C2D53D4EEFC7BB017A08ECACDE8F71936C7B90617B4919078DF2DE523E88D736","2026-07-23_V4前研发资料\01_模块研发源资料\4.3多源能源\v1\潮流能发电子模型.md"
"2026-07-23_V4前研发资料","01_模块研发源资料","多能源互补体系.md",".md","10093","2026-07-14 11:43:38","3320F8C960E0ED93E9E727B8F3767B915B7A70BCBEE259B5892496B926584E41","2026-07-23_V4前研发资料\01_模块研发源资料\4.3多源能源\v1\多能源互补体系.md"
"2026-07-23_V4前研发资料","01_模块研发源资料","多能源模块概述.md",".md","58032","2026-07-14 11:47:10","AFCCD27FFFFBD6DE7EA20D585754468713DF63103DD430158305812233292CCE","2026-07-23_V4前研发资料\01_模块研发源资料\4.3多源能源\v1\多能源模块概述.md"
"2026-07-23_V4前研发资料","01_模块研发源资料","海洋新能源集群设计(可用于C3).md",".md","9234","2026-07-14 11:49:18","07598A0CF8B291A19FC636C587E7147159056AF70BC4541FC9A2094B12356DE2","2026-07-23_V4前研发资料\01_模块研发源资料\4.3多源能源\v1\海洋新能源集群设计(可用于C3).md"
"2026-07-23_V4前研发资料","01_模块研发源资料","漂浮式风电子模型.md",".md","14801","2026-07-14 19:46:39","E430FEAA7862B42B5C8EACAB837E8B32C40ED25D2E9FD42A9E521C3734325F8B","2026-07-23_V4前研发资料\01_模块研发源资料\4.3多源能源\v1\漂浮式风电子模型.md"
"2026-07-23_V4前研发资料","01_模块研发源资料","漂浮式光伏子模型.md",".md","7730","2026-07-14 11:38:43","08F1875BE60452596FC1BE6FBDD18C1578BD0DE4B4437BAB849AC35FB651CC03","2026-07-23_V4前研发资料\01_模块研发源资料\4.3多源能源\v1\漂浮式光伏子模型.md"
"2026-07-23_V4前研发资料","01_模块研发源资料","demo_tidal_current_dispatch_v2.m",".m","3424","2026-07-16 12:15:22","7C98126060EB38D31563B9372ADD1C043CB1D81535B26CB0B28F0EB5060F7316","2026-07-23_V4前研发资料\01_模块研发源资料\4.3多源能源\v2\潮流能模型\demo_tidal_current_dispatch_v2.m"
"2026-07-23_V4前研发资料","01_模块研发源资料","tidal_current_dispatch_v2.m",".m","14997","2026-07-16 12:21:41","F72FFBB6D738DA4F811A0172171664E2C56DF5D4D0AF948D1CF3F3F69D9088AC","2026-07-23_V4前研发资料\01_模块研发源资料\4.3多源能源\v2\潮流能模型\tidal_current_dispatch_v2.m"
"2026-07-23_V4前研发资料","01_模块研发源资料","潮流能发电子模型_v2.md",".md","15187","2026-07-15 15:00:40","8E638C8787368559B7D316CA21ABB37409DD710746CCBEF0250CE72B83992991","2026-07-23_V4前研发资料\01_模块研发源资料\4.3多源能源\v2\潮流能模型\潮流能发电子模型_v2.md"
"2026-07-23_V4前研发资料","01_模块研发源资料","demo_floating_wind_dispatch_v2.m",".m","2814","2026-07-16 12:24:26","B608E915343065302D94F376736B88A20A066056FD5A7DFEB73AE2649DBA0AF0","2026-07-23_V4前研发资料\01_模块研发源资料\4.3多源能源\v2\风电模型\demo_floating_wind_dispatch_v2.m"
"2026-07-23_V4前研发资料","01_模块研发源资料","floating_wind_dispatch_v2.m",".m","12117","2026-07-16 12:24:24","26C34EEAECC759C903676C14BB047FD4C37A64FDA4F693434A308EAAD26F4816","2026-07-23_V4前研发资料\01_模块研发源资料\4.3多源能源\v2\风电模型\floating_wind_dispatch_v2.m"
"2026-07-23_V4前研发资料","01_模块研发源资料","漂浮式风电子模型_v2.md",".md","15387","2026-07-14 20:18:21","0307DA3A62BCEC56B7BFCFC073D31D519577023C89A43B04C8BEC391942FCFA1","2026-07-23_V4前研发资料\01_模块研发源资料\4.3多源能源\v2\风电模型\漂浮式风电子模型_v2.md"
"2026-07-23_V4前研发资料","01_模块研发源资料","README.md",".md","2221","2026-07-16 12:49:18","54734F9B7FB456CF0C8C9BB567F17556E5EDFA0ACB14E6870D3589EB6FA52D52","2026-07-23_V4前研发资料\01_模块研发源资料\4.3多源能源\v2\公共基线模型_v2\README.md"
"2026-07-23_V4前研发资料","01_模块研发源资料","tidal_current_dispatch_v2.m",".m","14997","2026-07-16 12:21:41","F72FFBB6D738DA4F811A0172171664E2C56DF5D4D0AF948D1CF3F3F69D9088AC","2026-07-23_V4前研发资料\01_模块研发源资料\4.3多源能源\v2\公共基线模型_v2\潮流能模型\tidal_current_dispatch_v2.m"
"2026-07-23_V4前研发资料","01_模块研发源资料","floating_wind_dispatch_v2.m",".m","12534","2026-07-16 12:54:24","7CA61ADD6AD898DD116FDF6DE9D8298D44DB5F15CBA82E70F6146D59FC97F327","2026-07-23_V4前研发资料\01_模块研发源资料\4.3多源能源\v2\公共基线模型_v2\风电模型\floating_wind_dispatch_v2.m"
"2026-07-23_V4前研发资料","01_模块研发源资料","floating_pv_dispatch_v2.m",".m","14858","2026-07-16 12:54:27","4DC074F6A6C4CFB6DF6904EA99EC45045C7F8BC8B435AABD577A074193EA5D5C","2026-07-23_V4前研发资料\01_模块研发源资料\4.3多源能源\v2\公共基线模型_v2\光伏模型\floating_pv_dispatch_v2.m"
"2026-07-23_V4前研发资料","01_模块研发源资料","device_output_to_source_4_3_v3.m",".m","4671","2026-07-16 12:25:49","4C884F0F6A430DE68AA0E76FF4043F6D7DD99A5C211ADC64BC6B0006D76F93E3","2026-07-23_V4前研发资料\01_模块研发源资料\4.3多源能源\v2\公共基线模型_v2\互补体系模型\device_output_to_source_4_3_v3.m"
"2026-07-23_V4前研发资料","01_模块研发源资料","source_aggregation_4_3_v3.m",".m","10657","2026-07-16 12:23:18","FD9DB3183C704960FE860A52D8702EA697ECC47BFEB9079499014FEA892449D2","2026-07-23_V4前研发资料\01_模块研发源资料\4.3多源能源\v2\公共基线模型_v2\互补体系模型\source_aggregation_4_3_v3.m"
"2026-07-23_V4前研发资料","01_模块研发源资料","source_complementarity_metrics_v3.m",".m","2269","2026-07-14 15:56:57","50496B2083632ED8D7F4117829B9FAF163AFA2AF911F57D738AE85B3C1E7DA37","2026-07-23_V4前研发资料\01_模块研发源资料\4.3多源能源\v2\公共基线模型_v2\互补体系模型\source_complementarity_metrics_v3.m"
"2026-07-23_V4前研发资料","01_模块研发源资料","参数可识别性清单.md",".md","5503","2026-07-16 12:49:21","8BC71B5A1853E7509AD322DC65791C2D2AA46A71EC3A5D1ED2F8945BD12C3265","2026-07-23_V4前研发资料\01_模块研发源资料\4.3多源能源\v2\公共基线模型_v2\文档\参数可识别性清单.md"
"2026-07-23_V4前研发资料","01_模块研发源资料","多能源互补体系_v2.3_4.3.md",".md","13140","2026-07-16 12:20:27","46FF7F6A54561AC36E0C67890491C67A2E2E3FF855A0F010A1480FAF45DF443F","2026-07-23_V4前研发资料\01_模块研发源资料\4.3多源能源\v2\公共基线模型_v2\文档\多能源互补体系_v2.3_4.3.md"
"2026-07-23_V4前研发资料","01_模块研发源资料","海洋能源岛源侧模型_v2.md",".md","22086","2026-07-16 12:20:24","F3DA606D402CAE63BD7F27091395CC80ABC750873D7780ADD5EC14B1649BA778","2026-07-23_V4前研发资料\01_模块研发源资料\4.3多源能源\v2\公共基线模型_v2\文档\海洋能源岛源侧模型_v2.md"
"2026-07-23_V4前研发资料","01_模块研发源资料","demo_public_baseline_v2.m",".m","11520","2026-07-16 15:18:12","08C568A52439912A68EFAE60E38296D5618028D170E8F771AD80CC24648B0AB1","2026-07-23_V4前研发资料\01_模块研发源资料\4.3多源能源\v2\公共基线模型_v2\演示\demo_public_baseline_v2.m"
"2026-07-23_V4前研发资料","01_模块研发源资料","public_baseline_v2_result.mat",".mat","473972","2026-07-16 20:17:11","BC592E9A016E7EEEC310DA35C91D78C68EAA0EA9147523350BC4BEF6EF6DCA51","2026-07-23_V4前研发资料\01_模块研发源资料\4.3多源能源\v2\公共基线模型_v2\演示\public_baseline_v2_result.mat"
"2026-07-23_V4前研发资料","01_模块研发源资料","01_潮流能双向功率曲线.png",".png","58121","2026-07-16 20:19:25","402D51403E4282D71ECCFFFC3FC76B20DD6434C26C8AD43FF2294F01423399F5","2026-07-23_V4前研发资料\01_模块研发源资料\4.3多源能源\v2\公共基线模型_v2\演示\运行结果\01_潮流能双向功率曲线.png"
"2026-07-23_V4前研发资料","01_模块研发源资料","02_多源聚合与功率平衡.png",".png","89573","2026-07-16 20:19:27","5D39CA7CFA41DB6CCC38986C9127A5E4BAA22CF50CC191FA766B923A49D54F74","2026-07-23_V4前研发资料\01_模块研发源资料\4.3多源能源\v2\公共基线模型_v2\演示\运行结果\02_多源聚合与功率平衡.png"
"2026-07-23_V4前研发资料","01_模块研发源资料","03_风机功率曲线与状态机.png",".png","53645","2026-07-16 20:19:28","01D6D8404116B5B2BBB95D495F0E560C1703135438F9B6DD8B5F632466EFE985","2026-07-23_V4前研发资料\01_模块研发源资料\4.3多源能源\v2\公共基线模型_v2\演示\运行结果\03_风机功率曲线与状态机.png"
"2026-07-23_V4前研发资料","01_模块研发源资料","public_baseline_v2_result_with_figures.mat",".mat","473972","2026-07-16 20:19:28","C9BAD3F1B6798027F43488EBA2E6DE6DE194731E29A77AA08AF5424A64244B9A","2026-07-23_V4前研发资料\01_模块研发源资料\4.3多源能源\v2\公共基线模型_v2\演示\运行结果\public_baseline_v2_result_with_figures.mat"
"2026-07-23_V4前研发资料","01_模块研发源资料","运行报告.md",".md","3312","2026-07-16 20:21:57","A69F01C2B68BCA0A99D19F5AE9A81F0741AB82664309AB82425E94035678C2EC","2026-07-23_V4前研发资料\01_模块研发源资料\4.3多源能源\v2\公共基线模型_v2\演示\运行结果\运行报告.md"
"2026-07-23_V4前研发资料","01_模块研发源资料","bus_balance_4_4_v3.m",".m","3189","2026-07-14 15:56:56","025BE7CF6DD1D86C00557D5063CC92D96FE12C47D7D3253E790E994581A4D292","2026-07-23_V4前研发资料\01_模块研发源资料\4.3多源能源\v2\公共基线模型_v2\源侧模型\bus_balance_4_4_v3.m"
"2026-07-23_V4前研发资料","01_模块研发源资料","marine_source_hub_v3.m",".m","1353","2026-07-15 15:40:06","1C605BF21EF11662F0FAA45B38C7C46FDDE374C12D368360B1ADA55763319BE0","2026-07-23_V4前研发资料\01_模块研发源资料\4.3多源能源\v2\公共基线模型_v2\源侧模型\marine_source_hub_v3.m"
"2026-07-23_V4前研发资料","01_模块研发源资料","demo_floating_pv_dispatch_v2.m",".m","3402","2026-07-16 12:15:19","B7209373B4ECE6DC77A53FCE22B21FB437B38CF0C5C0E1935E4918E5E36906F6","2026-07-23_V4前研发资料\01_模块研发源资料\4.3多源能源\v2\光伏模型\demo_floating_pv_dispatch_v2.m"
"2026-07-23_V4前研发资料","01_模块研发源资料","floating_pv_dispatch_v2.m",".m","14448","2026-07-16 12:21:38","8FBEB9ADDCE79910E4C65B7BCD913D83AFD2ADEB35671008E16B5846FFC279B5","2026-07-23_V4前研发资料\01_模块研发源资料\4.3多源能源\v2\光伏模型\floating_pv_dispatch_v2.m"
"2026-07-23_V4前研发资料","01_模块研发源资料","漂浮式光伏子模型_v2.md",".md","16608","2026-07-14 20:19:21","E88A74154DD7FC1EB4D51ED67AA9766D9A31722F8AB6D5C959E8E59506239E11","2026-07-23_V4前研发资料\01_模块研发源资料\4.3多源能源\v2\光伏模型\漂浮式光伏子模型_v2.md"
"2026-07-23_V4前研发资料","01_模块研发源资料","demo_device_models_to_4_3_v3.m",".m","4282","2026-07-16 15:18:13","5949EBC99D3236F39341344D08E29258CD9FA3C7CD0D004E603971B49C5C7C72","2026-07-23_V4前研发资料\01_模块研发源资料\4.3多源能源\v2\互补体系模型\demo_device_models_to_4_3_v3.m"
"2026-07-23_V4前研发资料","01_模块研发源资料","demo_source_aggregation_4_3_v3.m",".m","3299","2026-07-16 15:18:44","C65BC0939BA025300862D98E7D16AB44004C5CEB822C295359B2D70A218EAC65","2026-07-23_V4前研发资料\01_模块研发源资料\4.3多源能源\v2\互补体系模型\demo_source_aggregation_4_3_v3.m"
"2026-07-23_V4前研发资料","01_模块研发源资料","device_output_to_source_4_3_v3.m",".m","4671","2026-07-16 12:25:49","4C884F0F6A430DE68AA0E76FF4043F6D7DD99A5C211ADC64BC6B0006D76F93E3","2026-07-23_V4前研发资料\01_模块研发源资料\4.3多源能源\v2\互补体系模型\device_output_to_source_4_3_v3.m"
"2026-07-23_V4前研发资料","01_模块研发源资料","source_aggregation_4_3_v3.m",".m","10657","2026-07-16 12:23:18","FD9DB3183C704960FE860A52D8702EA697ECC47BFEB9079499014FEA892449D2","2026-07-23_V4前研发资料\01_模块研发源资料\4.3多源能源\v2\互补体系模型\source_aggregation_4_3_v3.m"
"2026-07-23_V4前研发资料","01_模块研发源资料","source_complementarity_metrics_v3.m",".m","2269","2026-07-14 15:56:57","50496B2083632ED8D7F4117829B9FAF163AFA2AF911F57D738AE85B3C1E7DA37","2026-07-23_V4前研发资料\01_模块研发源资料\4.3多源能源\v2\互补体系模型\source_complementarity_metrics_v3.m"
"2026-07-23_V4前研发资料","01_模块研发源资料","多能源互补体系_v2.1.md",".md","21072","2026-07-15 15:20:36","EF428A7EDB45C4E1654E29C116F7092D44D9B7C4C5DCF8EFAC995CBB6587EE4B","2026-07-23_V4前研发资料\01_模块研发源资料\4.3多源能源\v2\互补体系模型\多能源互补体系_v2.1.md"
"2026-07-23_V4前研发资料","01_模块研发源资料","多能源互补体系_v2.2.md",".md","18006","2026-07-14 20:30:52","C11B13F59B894C5795D41D0F1FACE2A8DFE0F8C32EC3BA577E75BE17B01B8EAF","2026-07-23_V4前研发资料\01_模块研发源资料\4.3多源能源\v2\互补体系模型\多能源互补体系_v2.2.md"
"2026-07-23_V4前研发资料","01_模块研发源资料","多能源互补体系_v2.3_4.3.md",".md","13140","2026-07-16 12:20:27","46FF7F6A54561AC36E0C67890491C67A2E2E3FF855A0F010A1480FAF45DF443F","2026-07-23_V4前研发资料\01_模块研发源资料\4.3多源能源\v2\互补体系模型\多能源互补体系_v2.3_4.3.md"
"2026-07-23_V4前研发资料","01_模块研发源资料","bus_balance_4_4_v3.m",".m","3189","2026-07-14 15:56:56","025BE7CF6DD1D86C00557D5063CC92D96FE12C47D7D3253E790E994581A4D292","2026-07-23_V4前研发资料\01_模块研发源资料\4.3多源能源\v2\源侧模型\bus_balance_4_4_v3.m"
"2026-07-23_V4前研发资料","01_模块研发源资料","demo_marine_source_hub_v3.m",".m","2818","2026-07-16 15:18:45","9CEA5F304DEB49DDB14992F9A4C687DED5CECF62658002C97263BDA859218F82","2026-07-23_V4前研发资料\01_模块研发源资料\4.3多源能源\v2\源侧模型\demo_marine_source_hub_v3.m"
"2026-07-23_V4前研发资料","01_模块研发源资料","marine_source_hub_v3.m",".m","1353","2026-07-15 15:40:06","1C605BF21EF11662F0FAA45B38C7C46FDDE374C12D368360B1ADA55763319BE0","2026-07-23_V4前研发资料\01_模块研发源资料\4.3多源能源\v2\源侧模型\marine_source_hub_v3.m"
"2026-07-23_V4前研发资料","01_模块研发源资料","海洋能源岛源侧模型_v2.md",".md","22086","2026-07-16 12:20:24","F3DA606D402CAE63BD7F27091395CC80ABC750873D7780ADD5EC14B1649BA778","2026-07-23_V4前研发资料\01_模块研发源资料\4.3多源能源\v2\源侧模型\海洋能源岛源侧模型_v2.md"
"2026-07-23_V4前研发资料","01_模块研发源资料","README.md",".md","2054","2026-07-17 11:44:50","1984176820E0CDE551DB3BA2C24BE76F876C48F91FE5E0089F09C6628843C9A8","2026-07-23_V4前研发资料\01_模块研发源资料\4.3多源能源\version3\README.md"
"2026-07-23_V4前研发资料","01_模块研发源资料","run_all_tests_4_3_v3.m",".m","3717","2026-07-17 15:35:51","6E84F6966634E41471FBCFCC8021944473DA77AF4C483B9BAC1969F223E27F4A","2026-07-23_V4前研发资料\01_模块研发源资料\4.3多源能源\version3\测试\run_all_tests_4_3_v3.m"
"2026-07-23_V4前研发资料","01_模块研发源资料","tidal_current_dispatch_v2.m",".m","14997","2026-07-16 12:21:41","F72FFBB6D738DA4F811A0172171664E2C56DF5D4D0AF948D1CF3F3F69D9088AC","2026-07-23_V4前研发资料\01_模块研发源资料\4.3多源能源\version3\潮流能模型\tidal_current_dispatch_v2.m"
"2026-07-23_V4前研发资料","01_模块研发源资料","floating_wind_dispatch_v2.m",".m","12534","2026-07-16 12:54:24","7CA61ADD6AD898DD116FDF6DE9D8298D44DB5F15CBA82E70F6146D59FC97F327","2026-07-23_V4前研发资料\01_模块研发源资料\4.3多源能源\version3\风电模型\floating_wind_dispatch_v2.m"
"2026-07-23_V4前研发资料","01_模块研发源资料","floating_pv_dispatch_v2.m",".m","14858","2026-07-16 12:54:27","4DC074F6A6C4CFB6DF6904EA99EC45045C7F8BC8B435AABD577A074193EA5D5C","2026-07-23_V4前研发资料\01_模块研发源资料\4.3多源能源\version3\光伏模型\floating_pv_dispatch_v2.m"
"2026-07-23_V4前研发资料","01_模块研发源资料","compare_source_portfolios_4_3_v3.m",".m","1283","2026-07-17 11:11:29","763EA2343BCA7AFA10159781AEB2414E078346C39885DAC582792F47F96F3AB9","2026-07-23_V4前研发资料\01_模块研发源资料\4.3多源能源\version3\互补体系模型\compare_source_portfolios_4_3_v3.m"
"2026-07-23_V4前研发资料","01_模块研发源资料","device_output_to_source_4_3_v3.m",".m","4671","2026-07-16 12:25:49","4C884F0F6A430DE68AA0E76FF4043F6D7DD99A5C211ADC64BC6B0006D76F93E3","2026-07-23_V4前研发资料\01_模块研发源资料\4.3多源能源\version3\互补体系模型\device_output_to_source_4_3_v3.m"
"2026-07-23_V4前研发资料","01_模块研发源资料","evaluate_scenario_coverage_4_3_v3.m",".m","1323","2026-07-17 15:35:27","40C3FB0328376CEA08B80084DBAB67ADA904F10A202DBFA8DEB63D9BF2780995","2026-07-23_V4前研发资料\01_模块研发源资料\4.3多源能源\version3\互补体系模型\evaluate_scenario_coverage_4_3_v3.m"
"2026-07-23_V4前研发资料","01_模块研发源资料","source_aggregation_4_3_v3.m",".m","10657","2026-07-16 12:23:18","FD9DB3183C704960FE860A52D8702EA697ECC47BFEB9079499014FEA892449D2","2026-07-23_V4前研发资料\01_模块研发源资料\4.3多源能源\version3\互补体系模型\source_aggregation_4_3_v3.m"
"2026-07-23_V4前研发资料","01_模块研发源资料","source_complementarity_metrics_v3.m",".m","2914","2026-07-17 11:11:25","CB925981A829B5274B07E64854DE5C897B67DC71F5CD66AA8E5F3FBD6F061541","2026-07-23_V4前研发资料\01_模块研发源资料\4.3多源能源\version3\互补体系模型\source_complementarity_metrics_v3.m"
"2026-07-23_V4前研发资料","01_模块研发源资料","source_state_dictionary_4_3_v3.m",".m","962","2026-07-17 15:35:25","05D3DF4865711236B2098A10AE5CE92C7C5C910EDB128E4676EA35D70DDDAD0F","2026-07-23_V4前研发资料\01_模块研发源资料\4.3多源能源\version3\互补体系模型\source_state_dictionary_4_3_v3.m"
"2026-07-23_V4前研发资料","01_模块研发源资料","validate_joint_scenarios_4_3_v3.m",".m","1821","2026-07-17 11:11:27","3CCC2118C54540A92DE6803E500605080BCD2398499EA26D8EF6934B1F45EB69","2026-07-23_V4前研发资料\01_模块研发源资料\4.3多源能源\version3\互补体系模型\validate_joint_scenarios_4_3_v3.m"
"2026-07-23_V4前研发资料","01_模块研发源资料","figure_4_3_boundary_interface.png",".png","88169","2026-07-17 16:09:58","6596FBE370F401A4D0CC07211591E234AD139043454C394923DD9A79CE6215C2","2026-07-23_V4前研发资料\01_模块研发源资料\4.3多源能源\version3\输出\figures\figure_4_3_boundary_interface.png"
"2026-07-23_V4前研发资料","01_模块研发源资料","figure_4_3_device_to_poi.png",".png","145925","2026-07-17 16:10:01","2991B04DCEDB7B9D5B48D286A632BACCE2C55475E75348C5D3D9DBE4F24DF4EE","2026-07-23_V4前研发资料\01_模块研发源资料\4.3多源能源\version3\输出\figures\figure_4_3_device_to_poi.png"
"2026-07-23_V4前研发资料","01_模块研发源资料","figure_4_3_multiscale_metrics.png",".png","127950","2026-07-17 16:10:14","D3A52F0BF9CD1D25EA90594EDEBE86D2264EFE47559610F180208E5DDAB0D85C","2026-07-23_V4前研发资料\01_模块研发源资料\4.3多源能源\version3\输出\figures\figure_4_3_multiscale_metrics.png"
"2026-07-23_V4前研发资料","01_模块研发源资料","figure_4_3_scenario_fan_coverage.png",".png","183687","2026-07-17 16:10:19","A1418459F0CFC3A7CDB51EB83428D2142D20E730323318E599B0AE41C9ED7E1F","2026-07-23_V4前研发资料\01_模块研发源资料\4.3多源能源\version3\输出\figures\figure_4_3_scenario_fan_coverage.png"
"2026-07-23_V4前研发资料","01_模块研发源资料","figure_4_3_state_constraint.png",".png","88745","2026-07-17 16:10:23","7B6BD3F1EEA104D62A0444196A83D8A8BDCB9CC8321A88403AA4E3591E4B77F4","2026-07-23_V4前研发资料\01_模块研发源资料\4.3多源能源\version3\输出\figures\figure_4_3_state_constraint.png"
"2026-07-23_V4前研发资料","01_模块研发源资料","figure_4_3_typical_extreme_output.png",".png","240221","2026-07-17 16:10:07","834A084D08927F3F8339D40C379BD66F5DFBBE483FDACF55451AC76CCFBB4399","2026-07-23_V4前研发资料\01_模块研发源资料\4.3多源能源\version3\输出\figures\figure_4_3_typical_extreme_output.png"
"2026-07-23_V4前研发资料","01_模块研发源资料","report_artifacts_4_3_v3.mat",".mat","1265621","2026-07-17 16:10:23","575E369A0DA595DAA583C8AFA7493CAF0799F8047E481D9B4BEB93EFE9A13D66","2026-07-23_V4前研发资料\01_模块研发源资料\4.3多源能源\version3\输出\report_artifacts_4_3_v3.mat"
"2026-07-23_V4前研发资料","01_模块研发源资料","report_constraint_reason_dictionary.csv",".csv","216","2026-07-17 16:09:49","9A967F1AD8052063F18BD42CDCB5F98ED22E270CBC424795E3317785255A5570","2026-07-23_V4前研发资料\01_模块研发源资料\4.3多源能源\version3\输出\report_constraint_reason_dictionary.csv"
"2026-07-23_V4前研发资料","01_模块研发源资料","report_operating_state_dictionary.csv",".csv","245","2026-07-17 16:09:49","2E89C4C866810235EB9DC39DEA1B49C7F787CFA28CD8F82318AD706CCF8A4459","2026-07-23_V4前研发资料\01_模块研发源资料\4.3多源能源\version3\输出\report_operating_state_dictionary.csv"
"2026-07-23_V4前研发资料","01_模块研发源资料","report_portfolio_comparison.csv",".csv","332","2026-07-17 16:09:49","32B43337F61A854055BE1D5813F060ECE2D17115359A4CAA1DC97D046C3D6EAB","2026-07-23_V4前研发资料\01_模块研发源资料\4.3多源能源\version3\输出\report_portfolio_comparison.csv"
"2026-07-23_V4前研发资料","01_模块研发源资料","report_scenario_coverage.csv",".csv","175","2026-07-17 16:09:49","5D0E19CED633E1798A9E3DF51634C59A743F4925C5253F56A015845D4DE02844","2026-07-23_V4前研发资料\01_模块研发源资料\4.3多源能源\version3\输出\report_scenario_coverage.csv"
"2026-07-23_V4前研发资料","01_模块研发源资料","version3_demo_result.mat",".mat","198597","2026-07-17 11:39:15","5D19DCB03E0C6B72566B3A180A699E05B53F051E4C0FE445841299FDA084140E","2026-07-23_V4前研发资料\01_模块研发源资料\4.3多源能源\version3\输出\version3_demo_result.mat"
"2026-07-23_V4前研发资料","01_模块研发源资料","version3_demo_results.mat",".mat","198597","2026-07-17 14:54:50","AFA7AE40EFF91EFD6D24677630BA34CBAB50D03ECDDA6C1D1DAD45AFC2B97AFC","2026-07-23_V4前研发资料\01_模块研发源资料\4.3多源能源\version3\输出\version3_demo_results.mat"
"2026-07-23_V4前研发资料","01_模块研发源资料","version3_test_report.mat",".mat","1076","2026-07-17 14:54:20","B8BDA8363199835B5A92C775B2C21207694F4939CD642A68F2917596A7DD3040","2026-07-23_V4前研发资料\01_模块研发源资料\4.3多源能源\version3\输出\version3_test_report.mat"
"2026-07-23_V4前研发资料","01_模块研发源资料","version3_test_report_v2.mat",".mat","1099","2026-07-17 15:37:02","42884C85DF158B7DA181A2BE7EAC781D9CACE9571CD5CD50CD24554CCF66F796","2026-07-23_V4前研发资料\01_模块研发源资料\4.3多源能源\version3\输出\version3_test_report_v2.mat"
"2026-07-23_V4前研发资料","01_模块研发源资料","三方案对照结果.csv",".csv","231","2026-07-17 14:54:54","5039C5A60F15A2070704F425B79F2AB35D5F306B7D523277B0661C47E4FEB66A","2026-07-23_V4前研发资料\01_模块研发源资料\4.3多源能源\version3\输出\三方案对照结果.csv"
"2026-07-23_V4前研发资料","01_模块研发源资料","4.3初稿_V3.md",".md","6475","2026-07-17 14:58:17","DC23B3147FA2AA473AA7E5E0DFDDD795A1228C0235C67AA447D1A98FC5E68866","2026-07-23_V4前研发资料\01_模块研发源资料\4.3多源能源\version3\文档\4.3初稿_V3.md"
"2026-07-23_V4前研发资料","01_模块研发源资料","4.3多能源供给模型完整报告_V3.md",".md","20866","2026-07-17 19:13:11","39244A129A4A9E8E0656BD0852A2F55984E64E42C5EC81E32B4769C69F320BF6","2026-07-23_V4前研发资料\01_模块研发源资料\4.3多源能源\version3\文档\4.3多能源供给模型完整报告_V3.md"
"2026-07-23_V4前研发资料","01_模块研发源资料","Version3修改与验收说明.md",".md","2212","2026-07-17 11:44:52","CC68CA24DB586C55D4A6A833944BE84CDC8D9E72A712A986C02ECF4F2BE6D5C8","2026-07-23_V4前研发资料\01_模块研发源资料\4.3多源能源\version3\文档\Version3修改与验收说明.md"
"2026-07-23_V4前研发资料","01_模块研发源资料","参数可识别性清单.md",".md","5503","2026-07-16 12:49:21","8BC71B5A1853E7509AD322DC65791C2D2AA46A71EC3A5D1ED2F8945BD12C3265","2026-07-23_V4前研发资料\01_模块研发源资料\4.3多源能源\version3\文档\参数可识别性清单.md"
"2026-07-23_V4前研发资料","01_模块研发源资料","多能源互补体系_v2.3_4.3.md",".md","13140","2026-07-16 12:20:27","46FF7F6A54561AC36E0C67890491C67A2E2E3FF855A0F010A1480FAF45DF443F","2026-07-23_V4前研发资料\01_模块研发源资料\4.3多源能源\version3\文档\多能源互补体系_v2.3_4.3.md"
"2026-07-23_V4前研发资料","01_模块研发源资料","demo_portfolio_comparison_4_3_v3.m",".m","1675","2026-07-17 11:12:25","5EA2E720978B655BA134907ED788C3D16A2C7AFF3491007563A38219055242A9","2026-07-23_V4前研发资料\01_模块研发源资料\4.3多源能源\version3\演示\demo_portfolio_comparison_4_3_v3.m"
"2026-07-23_V4前研发资料","01_模块研发源资料","demo_version3_4_3.m",".m","412","2026-07-17 11:12:27","E4BFE48BF1D942461757B8CE5CA6DF39AEA823A0652F51CFF18B58F4A0D2648A","2026-07-23_V4前研发资料\01_模块研发源资料\4.3多源能源\version3\演示\demo_version3_4_3.m"
"2026-07-23_V4前研发资料","01_模块研发源资料","generate_report_artifacts_4_3_v3.m",".m","14031","2026-07-17 16:08:37","7512CB20AE0DF6C028C45E5CA5F03A3289A3926489301A2A8E3752A06AF6A3E4","2026-07-23_V4前研发资料\01_模块研发源资料\4.3多源能源\version3\演示\generate_report_artifacts_4_3_v3.m"
"2026-07-23_V4前研发资料","01_模块研发源资料","builder.py",".py","299","2026-07-20 16:32:05","595831B16DD9F1CD1688D763AB2F3A7E655CCEFD6FD8FAF53C559DC47B5273E1","2026-07-23_V4前研发资料\01_模块研发源资料\4.4PowerSubModel\energy_island_model\builder.py"
"2026-07-23_V4前研发资料","01_模块研发源资料","__init__.py",".py","664","2026-07-20 16:32:05","0291B8CAD751324766BA736D06A8473ABE4D3B746052D231B06B87BAE913C03C","2026-07-23_V4前研发资料\01_模块研发源资料\4.4PowerSubModel\energy_island_model\core\__init__.py"
"2026-07-23_V4前研发资料","01_模块研发源资料","components.py",".py","14400","2026-07-20 16:32:05","15C15EBF7DD9838E5D281F3B45A8D3C40C93264B91F0952D5AE9D8888407C3E3","2026-07-23_V4前研发资料\01_模块研发源资料\4.4PowerSubModel\energy_island_model\core\components.py"
"2026-07-23_V4前研发资料","01_模块研发源资料","losses.py",".py","2926","2026-07-20 16:32:05","6E1FF5EEDEF081589A49CCF583BF4FCE9CCC778385DC6DFECE22AB58CCA23EB0","2026-07-23_V4前研发资料\01_模块研发源资料\4.4PowerSubModel\energy_island_model\core\losses.py"
"2026-07-23_V4前研发资料","01_模块研发源资料","ports.py",".py","3933","2026-07-20 16:32:05","56409970EB3B1A15FF62F62354C74E3F12C50F97C40B3FE52F0E9BD3BA036DEC","2026-07-23_V4前研发资料\01_模块研发源资料\4.4PowerSubModel\energy_island_model\core\ports.py"
"2026-07-23_V4前研发资料","01_模块研发源资料","power_balance.py",".py","8928","2026-07-20 16:32:05","367C607290E8E2D2BD23DABACC32A0A8CA3FF9058EC540BD5D5403C96E815C41","2026-07-23_V4前研发资料\01_模块研发源资料\4.4PowerSubModel\energy_island_model\core\power_balance.py"
"2026-07-23_V4前研发资料","01_模块研发源资料","reserve.py",".py","2341","2026-07-20 16:32:05","F881682622C00580B88403D38EA8ED087658381999A89CA2D282B32643E3DD6C","2026-07-23_V4前研发资料\01_模块研发源资料\4.4PowerSubModel\energy_island_model\core\reserve.py"
"2026-07-23_V4前研发资料","01_模块研发源资料","fix_imports.py",".py","1003","2026-07-20 16:32:05","4801736609480461E36D03F2301C01ACA1DE968E0B416D111F73B4A6D7C0B7C6","2026-07-23_V4前研发资料\01_模块研发源资料\4.4PowerSubModel\energy_island_model\fix_imports.py"
"2026-07-23_V4前研发资料","01_模块研发源资料","gen_all.py",".py","20167","2026-07-20 16:32:05","7FDC77EB5FBB585FC4CA51BFD5CD66221E8EE081ABE665D1A55C32443A197BD2","2026-07-23_V4前研发资料\01_模块研发源资料\4.4PowerSubModel\energy_island_model\gen_all.py"
"2026-07-23_V4前研发资料","01_模块研发源资料","main.py",".py","2523","2026-07-20 16:32:05","EFFE34CD209B8FF8DCC76D70F0B16119C267EDFBDB1ECF4A1C3F5E942E291970","2026-07-23_V4前研发资料\01_模块研发源资料\4.4PowerSubModel\energy_island_model\main.py"
"2026-07-23_V4前研发资料","01_模块研发源资料","report_gen.py",".py","4986","2026-07-20 16:32:05","07B823BFC7F3CE40AD9965A70323FBFB0CC0926A7D8F1073A80F93161B632936","2026-07-23_V4前研发资料\01_模块研发源资料\4.4PowerSubModel\energy_island_model\report_gen.py"
"2026-07-23_V4前研发资料","01_模块研发源资料","run_model.py",".py","229","2026-07-20 16:32:05","A0FCC382FE19EDF97941EF2AE044E5243E56127AD488CC4FB0BF970EC8B74107","2026-07-23_V4前研发资料\01_模块研发源资料\4.4PowerSubModel\energy_island_model\run_model.py"
"2026-07-23_V4前研发资料","01_模块研发源资料","__init__.py",".py","204","2026-07-20 16:32:06","E17A81BE7FD2C5C37B10FC7B0F8857E574EE430FABB9E7CB35FAC5BDAEF79F5B","2026-07-23_V4前研发资料\01_模块研发源资料\4.4PowerSubModel\energy_island_model\scenarios\__init__.py"
"2026-07-23_V4前研发资料","01_模块研发源资料","base_scenarios.py",".py","2165","2026-07-20 16:32:06","496279A4C814973A216C2732E35C4F2051590F0B858188F9AE08A7092B935635","2026-07-23_V4前研发资料\01_模块研发源资料\4.4PowerSubModel\energy_island_model\scenarios\base_scenarios.py"
"2026-07-23_V4前研发资料","01_模块研发源资料","test_plots.py",".py","2805","2026-07-20 16:32:05","374094B102DEFBD53795E75A248AEEE4D2CF107613285A2F056D4A9C47B20E7B","2026-07-23_V4前研发资料\01_模块研发源资料\4.4PowerSubModel\energy_island_model\test_plots.py"
"2026-07-23_V4前研发资料","01_模块研发源资料","__init__.py",".py","165","2026-07-20 16:32:06","F51E631F1D5266D0614D931456AF49077B5C7A2168C15E94C4DB863A632280D0","2026-07-23_V4前研发资料\01_模块研发源资料\4.4PowerSubModel\energy_island_model\visualization\__init__.py"
"2026-07-23_V4前研发资料","01_模块研发源资料","plots.py",".py","5606","2026-07-20 16:32:06","5907BF16C4CB7EE12616972E5F452D345E621598CA4B7E638A989D6B799517D0","2026-07-23_V4前研发资料\01_模块研发源资料\4.4PowerSubModel\energy_island_model\visualization\plots.py"
"2026-07-23_V4前研发资料","01_模块研发源资料","builder.py",".py","438","2026-07-20 16:32:06","403472871912437E298D277B9C4721E2E224F67A575C0AF87038385C5F9EFB80","2026-07-23_V4前研发资料\01_模块研发源资料\4.4PowerSubModel\island_power_balance\builder.py"
"2026-07-23_V4前研发资料","01_模块研发源资料","__init__.py",".py","1814","2026-07-20 16:32:06","3AB8177B9BA30C432C9371F803E534AEE37FC66DE5BD69A8F586FA575151E773","2026-07-23_V4前研发资料\01_模块研发源资料\4.4PowerSubModel\island_power_balance\core\__init__.py"
"2026-07-23_V4前研发资料","01_模块研发源资料","fix_and_run.py",".py","473","2026-07-20 16:32:06","FADE90383F87761ECAEBA5A690C0FD6B493FAC35242CC64AC89862E62589805B","2026-07-23_V4前研发资料\01_模块研发源资料\4.4PowerSubModel\island_power_balance\fix_and_run.py"
"2026-07-23_V4前研发资料","01_模块研发源资料","fix_model2.py",".py","569","2026-07-20 16:32:06","07080B0045B1E1CE5CBC417BDB8C408CFE4480AD1EEEC9F6404CA9740D8D6E23","2026-07-23_V4前研发资料\01_模块研发源资料\4.4PowerSubModel\island_power_balance\fix_model2.py"
"2026-07-23_V4前研发资料","01_模块研发源资料","fix_v3.py",".py","518","2026-07-20 16:32:06","91A2C073F8AD4297001273CA7B5522A5748F6D7505031A7D4C927AA93B96E728","2026-07-23_V4前研发资料\01_模块研发源资料\4.4PowerSubModel\island_power_balance\fix_v3.py"
"2026-07-23_V4前研发资料","01_模块研发源资料","model.py",".py","10866","2026-07-20 16:32:06","BD667136C72624527BA1AB1051483502B8E77952A8FD0016760AFF297564D8A0","2026-07-23_V4前研发资料\01_模块研发源资料\4.4PowerSubModel\island_power_balance\model.py"
"2026-07-23_V4前研发资料","01_模块研发源资料","report_gen.py",".py","3394","2026-07-20 16:32:06","351062D7B38507941CDE30CD0CFEEA63C0784B23FEB85F07B2CC4772670D181B","2026-07-23_V4前研发资料\01_模块研发源资料\4.4PowerSubModel\island_power_balance\report_gen.py"
"2026-07-23_V4前研发资料","01_模块研发源资料","test_fixed.py",".py","592","2026-07-20 16:32:06","1B28B7A0E0D24221A5E30EEB51D8003B41CEAA2B38CABD25D9F73623339BCE1A","2026-07-23_V4前研发资料\01_模块研发源资料\4.4PowerSubModel\island_power_balance\test_fixed.py"
"2026-07-23_V4前研发资料","01_模块研发源资料","test_model.py",".py","672","2026-07-20 16:32:06","09702B4567C1B4C8FB5AB1FF9B41FEBA271E5A4D309B27D01BC0F1572A874564","2026-07-23_V4前研发资料\01_模块研发源资料\4.4PowerSubModel\island_power_balance\test_model.py"
"2026-07-23_V4前研发资料","01_模块研发源资料","charts.py",".py","5050","2026-07-20 16:32:06","BF8D282B670A402468BF2D0E37EC2858B0CC3C3DE7C446CCDD843DA5D2A83F5E","2026-07-23_V4前研发资料\01_模块研发源资料\4.4PowerSubModel\island_v2\charts.py"
"2026-07-23_V4前研发资料","01_模块研发源资料","check.py",".py","135","2026-07-20 16:32:06","64ACE4E443D192F7E5B39C1C6E2342C494A2767108F829CA09655ACF17E9DB23","2026-07-23_V4前研发资料\01_模块研发源资料\4.4PowerSubModel\island_v2\check.py"
"2026-07-23_V4前研发资料","01_模块研发源资料","final_report.py",".py","5730","2026-07-20 16:32:06","2DE18B562C450B1671C873209126D0EDDA6913DF14A6175F9A7C317541946262","2026-07-23_V4前研发资料\01_模块研发源资料\4.4PowerSubModel\island_v2\final_report.py"
"2026-07-23_V4前研发资料","01_模块研发源资料","fix_charts.py",".py","510","2026-07-20 16:32:06","C5F74265F45EE1DE0195971CB9B85470D883A079A6692119E6FD23D5C901F5A4","2026-07-23_V4前研发资料\01_模块研发源资料\4.4PowerSubModel\island_v2\fix_charts.py"
"2026-07-23_V4前研发资料","01_模块研发源资料","fix_charts2.py",".py","703","2026-07-20 16:32:06","2D75532165EC24FE8B008218F7E18A0ADAA07A8ECD975595CD39765796815503","2026-07-23_V4前研发资料\01_模块研发源资料\4.4PowerSubModel\island_v2\fix_charts2.py"
"2026-07-23_V4前研发资料","01_模块研发源资料","fix_del.py",".py","362","2026-07-20 16:32:06","09362865CBDBEC9226F8CC3A73FEB349BF6D9F5E38CF77224803F1B976F6444B","2026-07-23_V4前研发资料\01_模块研发源资料\4.4PowerSubModel\island_v2\fix_del.py"
"2026-07-23_V4前研发资料","01_模块研发源资料","fix_fstring.py",".py","314","2026-07-20 16:32:06","414414AC0CE895500ADA0F17DF3748A400A463DA55671745A61745E1946E359D","2026-07-23_V4前研发资料\01_模块研发源资料\4.4PowerSubModel\island_v2\fix_fstring.py"
"2026-07-23_V4前研发资料","01_模块研发源资料","fix_gen.py",".py","448","2026-07-20 16:32:06","FA4B12952EC4A931962246FA46871D3E819A444FFC1CB11B74EE93D4B932782D","2026-07-23_V4前研发资料\01_模块研发源资料\4.4PowerSubModel\island_v2\fix_gen.py"
"2026-07-23_V4前研发资料","01_模块研发源资料","fix2.py",".py","425","2026-07-20 16:32:06","1EAA4E6E93093918B7A5AE7266933CFBA795CE2A7F387A06AB32F332003A42E9","2026-07-23_V4前研发资料\01_模块研发源资料\4.4PowerSubModel\island_v2\fix2.py"
"2026-07-23_V4前研发资料","01_模块研发源资料","fix3.py",".py","721","2026-07-20 16:32:06","316C215CB839951519ED0487E9B8E01115052310EBB62926A01399FC1D169788","2026-07-23_V4前研发资料\01_模块研发源资料\4.4PowerSubModel\island_v2\fix3.py"
"2026-07-23_V4前研发资料","01_模块研发源资料","gen.py",".py","10418","2026-07-20 16:32:06","39CC1AEF548461CC4620C0707AA198716E029F1F1C69D5D7CE16E61EDA515C61","2026-07-23_V4前研发资料\01_模块研发源资料\4.4PowerSubModel\island_v2\gen.py"
"2026-07-23_V4前研发资料","01_模块研发源资料","gen_clean.py",".py","8066","2026-07-20 16:32:06","72C07AAFFB76883DA0A9FD80C874586C691FA041AB245CA3161E5249D504C7BD","2026-07-23_V4前研发资料\01_模块研发源资料\4.4PowerSubModel\island_v2\gen_clean.py"
"2026-07-23_V4前研发资料","01_模块研发源资料","run_full.py",".py","4284","2026-07-20 16:32:06","824F948F48914EF936CBBBF07C10ABA02A1FC9DE8055B8B9EB480D22894C59AC","2026-07-23_V4前研发资料\01_模块研发源资料\4.4PowerSubModel\island_v2\run_full.py"
"2026-07-23_V4前研发资料","01_模块研发源资料","base_scenario.png",".png","124209","2026-07-20 16:32:06","0020C5A56E7370D00957AC15F5E0D21BF31020225DA71DAA2AB15C951A41761B","2026-07-23_V4前研发资料\01_模块研发源资料\4.4PowerSubModel\outputs\base_scenario.png"
"2026-07-23_V4前研发资料","01_模块研发源资料","param_sweep.png",".png","330776","2026-07-20 16:32:06","A00D5EB5365681E9EDF5F8273FFC0C873479C0A0C978DF5E358EDFA75E2542F3","2026-07-23_V4前研发资料\01_模块研发源资料\4.4PowerSubModel\outputs\param_sweep.png"
"2026-07-23_V4前研发资料","01_模块研发源资料","stress_scenario.png",".png","134247","2026-07-20 16:32:06","4F91EA465C4784E52761036E14CF7CC668DC5426644EDCB7C8CE39900E24E024","2026-07-23_V4前研发资料\01_模块研发源资料\4.4PowerSubModel\outputs\stress_scenario.png"
"2026-07-23_V4前研发资料","01_模块研发源资料","system_overview.png",".png","83186","2026-07-20 16:32:07","8BF54BFE8CD19332CE63397B99A5991210657A71EEA42B0A8F72E57B8CA09A87","2026-07-23_V4前研发资料\01_模块研发源资料\4.4PowerSubModel\outputs\system_overview.png"
"2026-07-23_V4前研发资料","01_模块研发源资料","报告.pdf",".pdf","870563","2026-07-20 16:32:05","324065756AD2F66422CC9B2FCC42316D2EBCCA5D913E048B80706F916EBB2155","2026-07-23_V4前研发资料\01_模块研发源资料\4.4PowerSubModel\报告.pdf"
"2026-07-23_V4前研发资料","01_模块研发源资料","blue_hub_demo_and_figures.m",".m","24626","2026-07-17 09:54:18","744B606AF59D8FB15233354C7CED8FA6455DF5AEBCB2E6211CB2A29C5DDDA830","2026-07-23_V4前研发资料\01_模块研发源资料\4.5制氢与电池氢储\blue_hub_demo_and_figures.m"
"2026-07-23_V4前研发资料","01_模块研发源资料","电能制氢建模文档_完善版.docx",".docx","1282479","2026-07-17 09:54:17","5C5823EAF0C4B34BF7A5D69AAE0AF65CCB42CFF4E38545F12789741E7633A54E","2026-07-23_V4前研发资料\01_模块研发源资料\4.5制氢与电池氢储\电能制氢建模文档_完善版.docx"
"2026-07-23_V4前研发资料","01_模块研发源资料","电能制氢模型多表合一.xlsx",".xlsx","40387","2026-07-17 09:56:52","242873A436540B4AA495DA4051A6830818C3B311B5786C0E4AB0FDA295F609C8","2026-07-23_V4前研发资料\01_模块研发源资料\4.5制氢与电池氢储\电能制氢模型多表合一.xlsx"
"2026-07-23_V4前研发资料","01_模块研发源资料","default.json",".json","839","2026-07-19 03:43:42","1836F7E61D68D0DDA9ED7C5F4C5B3BB9EE5EC495731C6147BB691DEE5A54B8E3","2026-07-23_V4前研发资料\01_模块研发源资料\4.6算力负荷\DC_model_v2_1\config\default.json"
"2026-07-23_V4前研发资料","01_模块研发源资料","CURRENT_UDC_DATA_CHECK.md",".md","699","2026-07-19 03:43:42","736EBFF46A6942F16706D3565349AF5BEA75E83629FEAF2F8500A47F209587EE","2026-07-23_V4前研发资料\01_模块研发源资料\4.6算力负荷\DC_model_v2_1\CURRENT_UDC_DATA_CHECK.md"
"2026-07-23_V4前研发资料","01_模块研发源资料","DATA_UPDATE_GUIDE.md",".md","3384","2026-07-19 03:43:42","6DCC5F5C795CDDC9A41FCDCC69084CFFE84006443E3F034E212160CBEE22FA8B","2026-07-23_V4前研发资料\01_模块研发源资料\4.6算力负荷\DC_model_v2_1\DATA_UPDATE_GUIDE.md"
"2026-07-23_V4前研发资料","01_模块研发源资料","base_case.zip",".zip","1242700","2026-07-20 17:14:02","F24DB84ABEB59CE7BF9A6B12AAC4DAD78FCA3E87DF0E01B24E8F8B18B31F2FB2","2026-07-23_V4前研发资料\01_模块研发源资料\4.6算力负荷\DC_model_v2_1\outputs\base_case.zip"
"2026-07-23_V4前研发资料","01_模块研发源资料","README.md",".md","2722","2026-07-19 03:43:42","7E579784EE910670B91B53B8AA0A24E75B63664B3FFFD270DBBE7CB2121468A9","2026-07-23_V4前研发资料\01_模块研发源资料\4.6算力负荷\DC_model_v2_1\README.md"
"2026-07-23_V4前研发资料","01_模块研发源资料","requirements.txt",".txt","62","2026-07-19 03:43:42","F9751CDB31270389DAE9EF03DF34516E7ADAF2854169F173CFEC20BAA7CE2895","2026-07-23_V4前研发资料\01_模块研发源资料\4.6算力负荷\DC_model_v2_1\requirements.txt"
"2026-07-23_V4前研发资料","01_模块研发源资料","run_linux_mac.sh",".sh","206","2026-07-19 03:43:42","5E0A46A7845C1804B16AC469D60DF1DC9ACCC9BA2CC0563C219A18DCAFFCDB70","2026-07-23_V4前研发资料\01_模块研发源资料\4.6算力负荷\DC_model_v2_1\run_linux_mac.sh"
"2026-07-23_V4前研发资料","01_模块研发源资料","run_windows.bat",".bat","285","2026-07-19 03:59:12","16A0C7C36DBD5A155D1F7472D59B668E6B122F9E685DDD1F2DEF1A9F8FD5BEA0","2026-07-23_V4前研发资料\01_模块研发源资料\4.6算力负荷\DC_model_v2_1\run_windows.bat"
"2026-07-23_V4前研发资料","01_模块研发源资料","check_data.py",".py","1041","2026-07-19 03:43:42","F29CAE608B567CDD98A7032C5FA669E2E012E7A26C657D312C24AFD41E9FE7E3","2026-07-23_V4前研发资料\01_模块研发源资料\4.6算力负荷\DC_model_v2_1\scripts\check_data.py"
"2026-07-23_V4前研发资料","01_模块研发源资料","plot_results.py",".py","12236","2026-07-19 04:00:50","B572B5E4657024AC648AEEE86DDE91EDF95A9D1897517695EBF6CB41E646FF4D","2026-07-23_V4前研发资料\01_模块研发源资料\4.6算力负荷\DC_model_v2_1\scripts\plot_results.py"
"2026-07-23_V4前研发资料","01_模块研发源资料","run_model.py",".py","1590","2026-07-19 03:43:42","5A5084EBD2222AA2489B88382026FB79976D59E4F5EA27E10B8334809992E553","2026-07-23_V4前研发资料\01_模块研发源资料\4.6算力负荷\DC_model_v2_1\scripts\run_model.py"
"2026-07-23_V4前研发资料","01_模块研发源资料","__init__.py",".py","76","2026-07-19 03:43:42","BC1E489A4EF5601DD7B798FC2AAB75A2C67BE01DB0128F7410FC4538AE09DF39","2026-07-23_V4前研发资料\01_模块研发源资料\4.6算力负荷\DC_model_v2_1\src\udc_dc_only\__init__.py"
"2026-07-23_V4前研发资料","01_模块研发源资料","config.py",".py","1438","2026-07-19 03:43:42","2166FA8255819B89D2999282C187AE0662CD0F3E219C5D640231D75439D233FD","2026-07-23_V4前研发资料\01_模块研发源资料\4.6算力负荷\DC_model_v2_1\src\udc_dc_only\config.py"
"2026-07-23_V4前研发资料","01_模块研发源资料","data_loader.py",".py","19234","2026-07-19 03:43:42","CF2B79D515105E795C2D7D359AF668B5A2CAEAB208E1FB6E4D6740210A2653F3","2026-07-23_V4前研发资料\01_模块研发源资料\4.6算力负荷\DC_model_v2_1\src\udc_dc_only\data_loader.py"
"2026-07-23_V4前研发资料","01_模块研发源资料","model.py",".py","13927","2026-07-19 03:43:42","CF8837BE0A0106EAB030303B5B79AEFB6E8324561F9D0A4E72791749054015CF","2026-07-23_V4前研发资料\01_模块研发源资料\4.6算力负荷\DC_model_v2_1\src\udc_dc_only\model.py"
"2026-07-23_V4前研发资料","01_模块研发源资料","pue.py",".py","3206","2026-07-19 03:43:42","FA5AC234CB714689495257AF18E269111DDFA7C8832D06390C9EF049AA8B55CD","2026-07-23_V4前研发资料\01_模块研发源资料\4.6算力负荷\DC_model_v2_1\src\udc_dc_only\pue.py"
"2026-07-23_V4前研发资料","01_模块研发源资料","reporting.py",".py","2752","2026-07-19 03:43:42","41120B40C5E23AFF9398B038014763B8AA8A590EE01C3883CD4A3D454604C379","2026-07-23_V4前研发资料\01_模块研发源资料\4.6算力负荷\DC_model_v2_1\src\udc_dc_only\reporting.py"
"2026-07-23_V4前研发资料","01_模块研发源资料","test_smoke.py",".py","841","2026-07-19 03:43:42","0EF9655F7E12A418EED573D243C9E336622D6A6EA0D764DBBE040981C7E10D85","2026-07-23_V4前研发资料\01_模块研发源资料\4.6算力负荷\DC_model_v2_1\tests\test_smoke.py"
"2026-07-23_V4前研发资料","01_模块研发源资料","green_compute_v1_168h.csv",".csv","19484","2026-07-18 16:18:42","1562FADA37AD42DEDFF32187CB2ABBDC38C12BF818F2D2AFCCD7E8ADB976474F","2026-07-23_V4前研发资料\01_模块研发源资料\4.6算力负荷\DC_model_v2_1\UDC_data\01_Workload\green_compute_v1_168h.csv"
"2026-07-23_V4前研发资料","01_模块研发源资料","task_type_parameters.csv",".csv","179","2026-07-19 02:04:54","63A6933CDC549F8E9BA5F2C45C21EB9E2D438764B88F10813C26CCBC7C546939","2026-07-23_V4前研发资料\01_模块研发源资料\4.6算力负荷\DC_model_v2_1\UDC_data\01_Workload\task_type_parameters.csv"
"2026-07-23_V4前研发资料","01_模块研发源资料","it_system_parameters.csv",".csv","716","2026-07-19 03:42:08","A130A09204864AAA1B46144B88FF14BB5390687BD3A3EF5DD758318F77CDA74B","2026-07-23_V4前研发资料\01_模块研发源资料\4.6算力负荷\DC_model_v2_1\UDC_data\02_IT_System\it_system_parameters.csv"
"2026-07-23_V4前研发资料","01_模块研发源资料","cmems_mod_glo_phy_my_0.083deg_P1D-m_1784401380657.nc",".nc","60449","2026-07-19 03:03:00","6CEFDD2861FB68DAF5BB703C01D6D972D36C36A4C68AD4A4336ED0D534E0C974","2026-07-23_V4前研发资料\01_模块研发源资料\4.6算力负荷\DC_model_v2_1\UDC_data\03_Cooling_PUE\cmems_mod_glo_phy_my_0.083deg_P1D-m_1784401380657.nc"
"2026-07-23_V4前研发资料","01_模块研发源资料","cooling_parameters.csv",".csv","1120","2026-07-19 02:07:08","518DA94C40FF3BF7F4F847AE1A7B9D60F24B615296E9B15B9F749FCE7175F5F3","2026-07-23_V4前研发资料\01_模块研发源资料\4.6算力负荷\DC_model_v2_1\UDC_data\03_Cooling_PUE\cooling_parameters.csv"
"2026-07-23_V4前研发资料","01_模块研发源资料","compute_price.csv",".csv","226","2026-07-19 03:42:52","16BDEA79594495D4627C9D719D34D496ADF3590F92DA2DB8CA6748E43B8C8F3A","2026-07-23_V4前研发资料\01_模块研发源资料\4.6算力负荷\DC_model_v2_1\UDC_data\04_Economics_Interface\compute_price.csv"
"2026-07-23_V4前研发资料","01_模块研发源资料","power_interface.csv",".csv","729","2026-07-19 02:14:34","BB32B32D4C02A3A3ACD1243D4AADA10B33F395CD11E77E1FD09907777F497B5C","2026-07-23_V4前研发资料\01_模块研发源资料\4.6算力负荷\DC_model_v2_1\UDC_data\04_Economics_Interface\power_interface.csv"
"2026-07-23_V4前研发资料","01_模块研发源资料","data_stream-oper_stepType-instant.nc",".nc","92653","2026-07-18 19:06:34","F631ED52A374D8AFB530E1BC24AADB368B7BD03C1A1B92D46F94508D2C9F09E5","2026-07-23_V4前研发资料\01_模块研发源资料\4.6算力负荷\DC_model_v2_1\UDC_data\data_stream-oper_stepType-instant.nc"
"2026-07-23_V4前研发资料","01_模块研发源资料","绿色算力负荷模型(1).md",".md","24671","2026-07-17 14:12:06","B3E5590BD5DBC9181FDDDE733EDF721ABF5C69CEE6A888142AE720B4F6D0EAA3","2026-07-23_V4前研发资料\01_模块研发源资料\4.6算力负荷\绿色算力负荷模型(1).md"
"2026-07-23_V4前研发资料","01_模块研发源资料",".gitignore",".gitignore","114","2026-07-17 17:16:13","C21ADF3447817C4F61F5B0DAFA61842CB184E093CA8DDB8E6C08CB61056730A1","2026-07-23_V4前研发资料\01_模块研发源资料\4.7用能与外送\.gitignore"
"2026-07-23_V4前研发资料","01_模块研发源资料","parameters.yaml",".yaml","4389","2026-07-17 17:16:13","EFF72EB447EE7F9C6A27275A9AA6C426DF1DA8DEC91794D2BDAA4F8C1AA3EBDE","2026-07-23_V4前研发资料\01_模块研发源资料\4.7用能与外送\submodules\configs\parameters.yaml"
"2026-07-23_V4前研发资料","01_模块研发源资料","run_example.py",".py","1765","2026-07-17 17:16:13","DACF04757C08D6DD6B27C53EC2DA4C68C0AC95B7320D66353811C9578AB7B828","2026-07-23_V4前研发资料\01_模块研发源资料\4.7用能与外送\submodules\examples\run_example.py"
"2026-07-23_V4前研发资料","01_模块研发源资料","pyproject.toml",".toml","479","2026-07-17 17:16:13","2ADE356122C3EEA684A9594D008A0CA9D058B35FA25B97323CC8F61FBEDB2EAD","2026-07-23_V4前研发资料\01_模块研发源资料\4.7用能与外送\submodules\pyproject.toml"
"2026-07-23_V4前研发资料","01_模块研发源资料","README.md",".md","3636","2026-07-19 12:53:23","C282CA5099A79724BABBC97FF900D40F45351E0C99CA2C96FE99695CA16B9EE4","2026-07-23_V4前研发资料\01_模块研发源资料\4.7用能与外送\submodules\README.md"
"2026-07-23_V4前研发资料","01_模块研发源资料","__init__.py",".py","1531","2026-07-17 17:16:13","2E672AF66020B78F446F0A6EDE391F1745788E90FDE2A2050942F7E67AF4D118","2026-07-23_V4前研发资料\01_模块研发源资料\4.7用能与外送\submodules\src\bluehub_submodules\__init__.py"
"2026-07-23_V4前研发资料","01_模块研发源资料","balance.py",".py","5935","2026-07-17 17:16:13","655BCCC76625A6CA278EC66E0A5D3B7C6AB98F1098F85612B92B7432C4538C26","2026-07-23_V4前研发资料\01_模块研发源资料\4.7用能与外送\submodules\src\bluehub_submodules\balance.py"
"2026-07-23_V4前研发资料","01_模块研发源资料","compute_load.py",".py","3824","2026-07-17 17:16:13","84F21CB3098F6C0997FA011A609318057D8B52A7B48A2B272157AD5A549B2B91","2026-07-23_V4前研发资料\01_模块研发源资料\4.7用能与外送\submodules\src\bluehub_submodules\compute_load.py"
"2026-07-23_V4前研发资料","01_模块研发源资料","constraints.py",".py","4811","2026-07-17 17:16:13","B9D9BF4D13956C8F48E89ED05D366B70F4E3C2F179AE04081186CBCE50C9EA35","2026-07-23_V4前研发资料\01_模块研发源资料\4.7用能与外送\submodules\src\bluehub_submodules\constraints.py"
"2026-07-23_V4前研发资料","01_模块研发源资料","hydrogen_output.py",".py","6465","2026-07-17 17:16:13","46F52FE352D3C820A19229AC9D5F61067985112F01F15193D08BD87226DE3EB0","2026-07-23_V4前研发资料\01_模块研发源资料\4.7用能与外送\submodules\src\bluehub_submodules\hydrogen_output.py"
"2026-07-23_V4前研发资料","01_模块研发源资料","marine_load.py",".py","3018","2026-07-17 17:16:13","20A3CE235DD069ACE23E11396D279C2021EB755A6E2B8470783D46D0F8FAD66D","2026-07-23_V4前研发资料\01_模块研发源资料\4.7用能与外送\submodules\src\bluehub_submodules\marine_load.py"
"2026-07-23_V4前研发资料","01_模块研发源资料","objectives.py",".py","3022","2026-07-17 17:16:13","5DEF181C53527CF147F781EDF865C308BBA72DD590C7C1BB24A971D3137D609B","2026-07-23_V4前研发资料\01_模块研发源资料\4.7用能与外送\submodules\src\bluehub_submodules\objectives.py"
"2026-07-23_V4前研发资料","01_模块研发源资料","parameters.py",".py","4581","2026-07-17 17:16:13","CA1D75F28AF5309384838CDA1079D31FF726B4D98B810E9B781B22C887A80286","2026-07-23_V4前研发资料\01_模块研发源资料\4.7用能与外送\submodules\src\bluehub_submodules\parameters.py"
"2026-07-23_V4前研发资料","01_模块研发源资料","power_export.py",".py","4007","2026-07-17 17:16:13","BCCC111556311094E90338457EF98906E3A21BC00B75C3F7045847D60C9939A0","2026-07-23_V4前研发资料\01_模块研发源资料\4.7用能与外送\submodules\src\bluehub_submodules\power_export.py"
"2026-07-23_V4前研发资料","01_模块研发源资料","scenario.py",".py","3248","2026-07-17 17:16:13","E5931033522AC85A2E4990D175DB059C04DC16256383FDC87C7F2B4A57CF073A","2026-07-23_V4前研发资料\01_模块研发源资料\4.7用能与外送\submodules\src\bluehub_submodules\scenario.py"
"2026-07-23_V4前研发资料","01_模块研发源资料","test_compute_load.py",".py","1685","2026-07-17 17:16:13","A05592A5F97CA9F3A06DA4A28C6E50276E599F48B8579BF760CE6E2A6C3FE5CC","2026-07-23_V4前研发资料\01_模块研发源资料\4.7用能与外送\submodules\tests\test_compute_load.py"
"2026-07-23_V4前研发资料","01_模块研发源资料","test_constraints.py",".py","898","2026-07-17 17:16:13","340A3C31181FECFC238E901C5A673734293A6B65066CB4340887939CB5EBDFC3","2026-07-23_V4前研发资料\01_模块研发源资料\4.7用能与外送\submodules\tests\test_constraints.py"
"2026-07-23_V4前研发资料","01_模块研发源资料","test_hydrogen_output.py",".py","1859","2026-07-17 17:16:13","273120646B10A001E40ECAEBEC051B0B882DCA41825AC9A608BF27041B4E8881","2026-07-23_V4前研发资料\01_模块研发源资料\4.7用能与外送\submodules\tests\test_hydrogen_output.py"
"2026-07-23_V4前研发资料","01_模块研发源资料","test_integrated_balance.py",".py","2681","2026-07-17 17:16:13","3F5B3F27703BE106A48F8572FE04C0C094E2420F6D7CB0919B1701F9C86DA52D","2026-07-23_V4前研发资料\01_模块研发源资料\4.7用能与外送\submodules\tests\test_integrated_balance.py"
"2026-07-23_V4前研发资料","01_模块研发源资料","test_marine_load.py",".py","1044","2026-07-17 17:16:13","6949EBB4080DFD6919EB98682D2F7C7CB472A6A712ECB0C669B54D25E673F8F9","2026-07-23_V4前研发资料\01_模块研发源资料\4.7用能与外送\submodules\tests\test_marine_load.py"
"2026-07-23_V4前研发资料","01_模块研发源资料","test_parameters.py",".py","1977","2026-07-17 17:16:13","CD78DB5F0069BF2D492788B32A3111B2065DA9C88988F5ADB72B98415E5B4070","2026-07-23_V4前研发资料\01_模块研发源资料\4.7用能与外送\submodules\tests\test_parameters.py"
"2026-07-23_V4前研发资料","01_模块研发源资料","test_power_export.py",".py","1114","2026-07-17 17:16:13","2FBC2DD61CD40DE771F2CD74A97114D64995F7DB20222C49CDE95E576F5DAD36","2026-07-23_V4前研发资料\01_模块研发源资料\4.7用能与外送\submodules\tests\test_power_export.py"
"2026-07-23_V4前研发资料","01_模块研发源资料","uv.lock",".lock","15872","2026-07-17 17:16:13","5A95C6DA871E400E6F428A8C32C41B849923BB98655717D78419D041F164EB47","2026-07-23_V4前研发资料\01_模块研发源资料\4.7用能与外送\submodules\uv.lock"
"2026-07-23_V4前研发资料","01_模块研发源资料","目标函数与约束条件.md",".md","3866","2026-07-17 17:16:13","A50B8863C5C31CE873D9D1245536C50071443145193B96B62C4741B5E769DCCE","2026-07-23_V4前研发资料\01_模块研发源资料\4.7用能与外送\submodules\目标函数与约束条件.md"
"2026-07-23_V4前研发资料","01_模块研发源资料","工程使用说明.md",".md","3764","2026-07-19 12:51:07","905F0D835BA65CFF3D5BAE1A4B3361E3C2080723828F1131EA56C9BC14DB5B7C","2026-07-23_V4前研发资料\01_模块研发源资料\4.7用能与外送\工程使用说明.md"
"2026-07-23_V4前研发资料","01_模块研发源资料","企业调研问题清单.md",".md","15021","2026-07-17 17:16:13","2F30952685B0CB1840E9C84BA8CDC77A62608642099D41DBAC6F4E32331B1165","2026-07-23_V4前研发资料\01_模块研发源资料\4.7用能与外送\企业调研问题清单.md"
"2026-07-23_V4前研发资料","03_大体量数据压缩包","4.6_large_historical_csv.zip",".zip","70963253","2026-07-23 09:38:12","3FC4E3A38B64A4A77D571E9775AB50CD0E91F291BD34CAAD7859A86C7B0EE0F2","2026-07-23_V4前研发资料\03_大体量数据压缩包\4.6_large_historical_csv.zip"
"2026-07-23_V4前研发资料","03_大体量数据压缩包","4.6_large_historical_csv_sha256.csv",".csv","799","2026-07-23 09:38:18","61445C06F5B252B10F4D74AAB83F3299476379A2E8E263546C1BFEB4274C4D9E","2026-07-23_V4前研发资料\03_大体量数据压缩包\4.6_large_historical_csv_sha256.csv"
"2026-07-23_V4前研发资料","","README.md",".md","1168","2026-07-23 09:42:03","28C6DEAE9E480EF9F31C5DACF75F265346E5F29997877745EA225168F26EE3D5","2026-07-23_V4前研发资料\README.md"
"2026-07-31_V4与external归档","external","_FETCH_PROVENANCE.md",".md","861","2026-07-29 11:12:16","83C9E1BD0B04115B5F47EC4E9491BBFB1D0C880D20525AFE3DCC07A027CD2E5D","2026-07-31_V4与external归档\external\Blue-Ocean-Hub-_Collaborative-Model\_FETCH_PROVENANCE.md"
"2026-07-31_V4与external归档","external","run_v4_2_product_mix_scenarios.m",".m","15080","2026-07-29 11:13:44","AD57EA50AFDE4673614D7CC832E9E999D9626869599380D18F4A63B889713A2E","2026-07-31_V4与external归档\external\Blue-Ocean-Hub-_Collaborative-Model\V4_2\chapter5_preparation\run_v4_2_product_mix_scenarios.m"
"2026-07-31_V4与external归档","external","v4_2_product_mix_report.md",".md","4870","2026-07-29 11:12:21","C9894FCD1EF10B74F4206CA6B74EF0FDAA09731644EEA76B2BE929F432E57416","2026-07-31_V4与external归档\external\Blue-Ocean-Hub-_Collaborative-Model\V4_2\outputs\product_mix_scenarios\v4_2_product_mix_report.md"
"2026-07-31_V4与external归档","V4整合","build_v4_snapshot.ps1",".ps1","8832","2026-07-25 20:32:59","2596F255F348E1100692CCF6BB901366A4383CD6C84850CA8E7F4AC8F21353A7","2026-07-31_V4与external归档\V4整合\build_v4_snapshot.ps1"
"2026-07-31_V4与external归档","V4整合","render_v4_results.cpython-314.pyc",".pyc","32692","2026-07-27 10:40:24","2B1BCC5C44F10D3C2233183E2C9160834932EF260A5CD0AA5FC0CC4B35FE7584","2026-07-31_V4与external归档\V4整合\chapter5_preparation\__pycache__\render_v4_results.cpython-314.pyc"
"2026-07-31_V4与external归档","V4整合","figure_ch5_all_channel_48h.png",".png","113013","2026-07-27 10:51:04","AD39BB1D9DE7ADB10B989965DEA430AB5395D6E6FF333029287418DCF3441D99","2026-07-31_V4与external归档\V4整合\chapter5_preparation\assets\figure_ch5_all_channel_48h.png"
"2026-07-31_V4与external归档","V4整合","chapter5_readiness_report.csv",".csv","3369","2026-07-26 00:11:27","2B13499FC144B21EF44B0EBD2C2860205F307FC8F0C31A83679EA2FCF089391C","2026-07-31_V4与external归档\V4整合\chapter5_preparation\chapter5_readiness_report.csv"
"2026-07-31_V4与external归档","V4整合","render_v4_results.py",".py","19810","2026-07-26 18:57:02","CF1D2AA81CEBAD7AE8686727C7B7C572FE94F1919A0AF1F90CB73F3A0A5EF9AC","2026-07-31_V4与external归档\V4整合\chapter5_preparation\render_v4_results.py"
"2026-07-31_V4与external归档","V4整合","render_validation_figures.py",".py","287","2026-07-26 16:36:31","3525BC0F26D12DE6CA021BE056DBFB536EEDFFC0B3CA95802713B6C4D7AB5D5E","2026-07-31_V4与external归档\V4整合\chapter5_preparation\render_validation_figures.py"
"2026-07-31_V4与external归档","V4整合","run_all_channel_validation_v4.m",".m","5337","2026-07-27 10:13:49","EC29A5ECEDC08391F3B687D5B37DD8844AC20289E68B50A94B3F4F1EA5C56185","2026-07-31_V4与external归档\V4整合\chapter5_preparation\run_all_channel_validation_v4.m"
"2026-07-31_V4与external归档","V4整合","run_chapter5_readiness_audit.m",".m","7374","2026-07-26 00:00:57","D71D40984EB7788F48879058C71D6AF9A01FBCA1D38C53A79EA8C52B55ECCD8E","2026-07-31_V4与external归档\V4整合\chapter5_preparation\run_chapter5_readiness_audit.m"
"2026-07-31_V4与external归档","V4整合","第5章典型场景验证与四方案对比准备.md",".md","17659","2026-07-27 10:49:44","5164DACD57318EBE6DEEFC17DCA54CC695C0DEAF99ABA03A9B02F932ED343F62","2026-07-31_V4与external归档\V4整合\chapter5_preparation\第5章典型场景验证与四方案对比准备.md"
"2026-07-31_V4与external归档","V4整合","v4_apply_unified_capacity_case_4_2.m",".m","4286","2026-07-27 10:49:20","608150EDD9ED117A058C0AAD389962C4E0AC12AE521C7C1AD00699C6A927A670","2026-07-31_V4与external归档\V4整合\integration\common\v4_apply_unified_capacity_case_4_2.m"
"2026-07-31_V4与external归档","V4整合","v4_fill_port.m",".m","933","2026-07-20 19:49:04","A3FD70C296B0F2C414A700B1E275685103EF4BE2962CA049D692699F3BFA078A","2026-07-31_V4与external归档\V4整合\integration\common\v4_fill_port.m"
"2026-07-31_V4与external归档","V4整合","4.1系统边界与统一建模口径_V2.0_冻结版.md",".md","12460","2026-07-25 20:41:16","DF1272C96894B05AECD721A4661A95DC4937B1CE30E37001062F658E42AD2A1E","2026-07-31_V4与external归档\V4整合\library\4.1边界与口径\4.1系统边界与统一建模口径_V2.0_冻结版.md"
"2026-07-31_V4与external归档","V4整合","蓝海枢纽_4.1边界与口径冻结表_V1.0.docx",".docx","42250","2026-07-19 12:33:24","4D048778D676F10BA5B76254031E20518A6FFC95E0FE2B674A9379C2A6F66723","2026-07-31_V4与external归档\V4整合\library\4.1边界与口径\蓝海枢纽_4.1边界与口径冻结表_V1.0.docx"
"2026-07-31_V4与external归档","V4整合","4.1-4.2公共标准冻结说明_V2.0.md",".md","3128","2026-07-20 18:25:09","5D232EB67C838EFB0092DFB6E24E24AF8B609D465DA7A21A74BB7E885A825226","2026-07-31_V4与external归档\V4整合\library\4.2变量与接口\4.1-4.2公共标准冻结说明_V2.0.md"
"2026-07-31_V4与external归档","V4整合","4.2第四章全量变量与接口字典_V2.0_冻结版.md",".md","17601","2026-07-25 20:41:14","A14A25520DB4F59BBB5D7C45AED7065C453E24D59762BBFCA8B56DC4E3F701FC","2026-07-31_V4与external归档\V4整合\library\4.2变量与接口\4.2第四章全量变量与接口字典_V2.0_冻结版.md"
"2026-07-31_V4与external归档","V4整合","4.2冻结标准验收结果_V2.mat",".mat","1104","2026-07-20 18:23:22","BC583724C605B562117F367D474AC7520966AD24A9CBD53BBFD8AF841915DDB6","2026-07-31_V4与external归档\V4整合\library\4.2变量与接口\4.2冻结标准验收结果_V2.mat"
"2026-07-31_V4与external归档","V4整合","4.2算力接口语义增补_V2.0.md",".md","1540","2026-07-24 10:40:56","635E2188ADD6EFB50E3B162CBE034D6B33539F9EFEC6F768EA598029C8FE5A13","2026-07-31_V4与external归档\V4整合\library\4.2变量与接口\4.2算力接口语义增补_V2.0.md"
"2026-07-31_V4与external归档","V4整合","4.3-4.7去重与验收清单.md",".md","21198","2026-07-20 18:44:44","0108F9AFF20B83DBEE4D2895C649714225844B472284A0A09EA4649B7033F349","2026-07-31_V4与external归档\V4整合\library\4.2变量与接口\4.3-4.7去重与验收清单.md"
"2026-07-31_V4与external归档","V4整合","common_config_4_2.m",".m","14929","2026-07-26 13:43:47","635196E03D93B7C4567AA6707A0861747E9D00A6A42293ED607B624192CC1F15","2026-07-31_V4与external归档\V4整合\library\4.2变量与接口\common_config_4_2.m"
"2026-07-31_V4与external归档","V4整合","common_dispatch_port_4_2.m",".m","847","2026-07-20 18:11:19","49ABF6A4CDB069E16E6C7766B4CA27BF4AA8249945B7599736CF66041B6B355A","2026-07-31_V4与external归档\V4整合\library\4.2变量与接口\common_dispatch_port_4_2.m"
"2026-07-31_V4与external归档","V4整合","common_packet_4_2.m",".m","1656","2026-07-20 18:11:59","9D0405E23F3DDECC80F3A8D7BB84D29745465DB3065C4893EBCDFABB90D6A69C","2026-07-31_V4与external归档\V4整合\library\4.2变量与接口\common_packet_4_2.m"
"2026-07-31_V4与external归档","V4整合","demo_validate_common_schema_4_2.m",".m","867","2026-07-19 19:27:32","90E84D8752CBB9169A28980D70353048BEA0527FF1D6E9018FF13A9126F72C1F","2026-07-31_V4与external归档\V4整合\library\4.2变量与接口\demo_validate_common_schema_4_2.m"
"2026-07-31_V4与external归档","V4整合","MATLAB校验报告.md",".md","1169","2026-07-20 18:26:02","C34FB17E7EEB5788FA2E063132800C41130264705581CFFFF5290B4F73A80F9E","2026-07-31_V4与external归档\V4整合\library\4.2变量与接口\MATLAB校验报告.md"
"2026-07-31_V4与external归档","V4整合","run_all_tests_4_2.m",".m","4686","2026-07-20 18:16:33","B07F80AAA3D11797E846655E54B7300DEB9B198C8374FF1785EA4084CF8950F7","2026-07-31_V4与external归档\V4整合\library\4.2变量与接口\run_all_tests_4_2.m"
"2026-07-31_V4与external归档","V4整合","validate_common_schema_4_2.m",".m","13488","2026-07-26 13:43:50","98204A9FE939A50C36896AB565D9C5158EDF069F2413E352329134580706DCBC","2026-07-31_V4与external归档\V4整合\library\4.2变量与接口\validate_common_schema_4_2.m"
"2026-07-31_V4与external归档","V4整合","validate_module_packet_4_2.m",".m","8016","2026-07-20 18:15:58","7F01121A77D8BB0EFC809F6065F9D5317A6F77B8652741FCDE9D6C8A20B34DB7","2026-07-31_V4与external归档\V4整合\library\4.2变量与接口\validate_module_packet_4_2.m"
"2026-07-31_V4与external归档","V4整合","v4_module_compatibility.csv",".csv","1275","2026-07-20 21:25:30","1307345908D416C1430C591CCCD0A5E3C858D8CB94CE6A9EDBD7146E5D8D2128","2026-07-31_V4与external归档\V4整合\manifests\v4_module_compatibility.csv"
"2026-07-31_V4与external归档","V4整合","v4_modules_curated_manifest.csv",".csv","17435","2026-07-23 09:43:25","585E9DF8B90D6EA0C1B1BCA6D38F53AADCC77BDD7F9DA01D9D71A12C8546A106","2026-07-31_V4与external归档\V4整合\manifests\v4_modules_curated_manifest.csv"
"2026-07-31_V4与external归档","V4整合","v4_modules_curated_summary.csv",".csv","362","2026-07-23 09:43:25","068367105ABE17C2BEC9D466969A0779B80901954B51E6D7900E54497CE3C0B5","2026-07-31_V4与external归档\V4整合\manifests\v4_modules_curated_summary.csv"
"2026-07-31_V4与external归档","V4整合","v4_package_manifest.csv",".csv","26648","2026-07-26 17:00:56","CE7194648FFC4C09494512E7DB56D8388DBF46B20807BBB59E22B6C55B88B6B0","2026-07-31_V4与external归档\V4整合\manifests\v4_package_manifest.csv"
"2026-07-31_V4与external归档","V4整合","v4_snapshot_manifest.csv",".csv","22182","2026-07-23 09:43:24","BE582B711B688219EEC24470C68C4A5B220FC01D0EF3A4CAC6064542FFB2E234","2026-07-31_V4与external归档\V4整合\manifests\v4_snapshot_manifest.csv"
"2026-07-31_V4与external归档","V4整合","v4_snapshot_scope.csv",".csv","779","2026-07-23 09:43:24","F09D97AA41BFE081EC5947E7BBA84FDBD967857B38B3618913D763A7DF30F04A","2026-07-31_V4与external归档\V4整合\manifests\v4_snapshot_scope.csv"
"2026-07-31_V4与external归档","V4整合","v4_snapshot_summary.csv",".csv","317","2026-07-23 09:43:24","144604339DA8994306A6A2B8349BC3D857FAABC201F892866CD41F6347D573DE","2026-07-31_V4与external归档\V4整合\manifests\v4_snapshot_summary.csv"
"2026-07-31_V4与external归档","V4整合","demo_portfolio_comparison_4_3_v3.m",".m","1675","2026-07-17 11:12:25","5EA2E720978B655BA134907ED788C3D16A2C7AFF3491007563A38219055242A9","2026-07-31_V4与external归档\V4整合\modules\4.3_source\demos\demo_portfolio_comparison_4_3_v3.m"
"2026-07-31_V4与external归档","V4整合","demo_public_baseline_v2.m",".m","11543","2026-07-20 21:49:33","588D4119184B17FD62CEA1130D4A90E72C6E407BB42123EFD0425812F5E3E84F","2026-07-31_V4与external归档\V4整合\modules\4.3_source\demos\demo_public_baseline_v2.m"
"2026-07-31_V4与external归档","V4整合","demo_public_resource_audit_4_3.m",".m","1519","2026-07-25 10:42:53","11067A4C89441F672EF7BF0D19C1A25DFDA38DAEA92B62A25AF06132D8A01BFF","2026-07-31_V4与external归档\V4整合\modules\4.3_source\demos\demo_public_resource_audit_4_3.m"
"2026-07-31_V4与external归档","V4整合","demo_version3_4_3.m",".m","468","2026-07-20 21:49:35","FF1D284EA689FA14D3BD1603F72CD34C87D474D98393D0A52C7766749A6BD360","2026-07-31_V4与external归档\V4整合\modules\4.3_source\demos\demo_version3_4_3.m"
"2026-07-31_V4与external归档","V4整合","4.3多能源供给模型完整报告_V3.md",".md","21824","2026-07-27 13:28:05","B051FD6D8742FD27443901EDD7002B351D62B8CD2E4D3178A458F6FF917DBA7D","2026-07-31_V4与external归档\V4整合\modules\4.3_source\docs\4.3多能源供给模型完整报告_V3.md"
"2026-07-31_V4与external归档","V4整合","4.3公开数据替代与证据清单.md",".md","7298","2026-07-25 10:45:41","038FBA6DE191C7942A364E3F58BF068B1EF6585F7572033C3371A01385A2EAB6","2026-07-31_V4与external归档\V4整合\modules\4.3_source\docs\4.3公开数据替代与证据清单.md"
"2026-07-31_V4与external归档","V4整合","figure_4_3_boundary_interface.png",".png","88169","2026-07-17 16:09:58","6596FBE370F401A4D0CC07211591E234AD139043454C394923DD9A79CE6215C2","2026-07-31_V4与external归档\V4整合\modules\4.3_source\docs\assets\figure_4_3_boundary_interface.png"
"2026-07-31_V4与external归档","V4整合","figure_4_3_device_to_poi.png",".png","145925","2026-07-17 16:10:01","2991B04DCEDB7B9D5B48D286A632BACCE2C55475E75348C5D3D9DBE4F24DF4EE","2026-07-31_V4与external归档\V4整合\modules\4.3_source\docs\assets\figure_4_3_device_to_poi.png"
"2026-07-31_V4与external归档","V4整合","figure_4_3_multiscale_metrics.png",".png","127950","2026-07-17 16:10:14","D3A52F0BF9CD1D25EA90594EDEBE86D2264EFE47559610F180208E5DDAB0D85C","2026-07-31_V4与external归档\V4整合\modules\4.3_source\docs\assets\figure_4_3_multiscale_metrics.png"
"2026-07-31_V4与external归档","V4整合","figure_4_3_scenario_fan_coverage.png",".png","183687","2026-07-17 16:10:19","A1418459F0CFC3A7CDB51EB83428D2142D20E730323318E599B0AE41C9ED7E1F","2026-07-31_V4与external归档\V4整合\modules\4.3_source\docs\assets\figure_4_3_scenario_fan_coverage.png"
"2026-07-31_V4与external归档","V4整合","figure_4_3_state_constraint.png",".png","88745","2026-07-17 16:10:23","7B6BD3F1EEA104D62A0444196A83D8A8BDCB9CC8321A88403AA4E3591E4B77F4","2026-07-31_V4与external归档\V4整合\modules\4.3_source\docs\assets\figure_4_3_state_constraint.png"
"2026-07-31_V4与external归档","V4整合","figure_4_3_typical_extreme_output.png",".png","240221","2026-07-17 16:10:07","834A084D08927F3F8339D40C379BD66F5DFBBE483FDACF55451AC76CCFBB4399","2026-07-31_V4与external归档\V4整合\modules\4.3_source\docs\assets\figure_4_3_typical_extreme_output.png"
"2026-07-31_V4与external归档","V4整合","V4代码取舍与来源说明.md",".md","1310","2026-07-20 21:52:02","4E13133519D880C11130FEB44B25D1E53CAECB8599A4FCE8971FA9F8102090EA","2026-07-31_V4与external归档\V4整合\modules\4.3_source\docs\V4代码取舍与来源说明.md"
"2026-07-31_V4与external归档","V4整合","Version3修改与验收说明.md",".md","2237","2026-07-21 10:34:28","B7530730A0CEBA6AD9ADC3581433E019A4C7A38C596B8D9DF8748328FD2CAD0D","2026-07-31_V4与external归档\V4整合\modules\4.3_source\docs\Version3修改与验收说明.md"
"2026-07-31_V4与external归档","V4整合","参数可识别性清单.md",".md","6402","2026-07-25 10:45:45","5518A0C7FB6D30D9BEB25B0B9781BF0CF212BAB6C12864574EA500A8633205DC","2026-07-31_V4与external归档\V4整合\modules\4.3_source\docs\参数可识别性清单.md"
"2026-07-31_V4与external归档","V4整合","多能源互补体系_v2.3_4.3.md",".md","13199","2026-07-25 22:19:32","F11A93222940F28C2CDC69B22145441852E65FCC8E04B0AAD04C812E0F575B65","2026-07-31_V4与external归档\V4整合\modules\4.3_source\docs\多能源互补体系_v2.3_4.3.md"
"2026-07-31_V4与external归档","V4整合","海洋能源岛源侧模型_v2.md",".md","22038","2026-07-25 22:19:29","D5D2427F3E51FE6F6FABFD9E56524D50BFF196B8F48DFC21B648BA82E8DD7B03","2026-07-31_V4与external归档\V4整合\modules\4.3_source\docs\海洋能源岛源侧模型_v2.md"
"2026-07-31_V4与external归档","V4整合","build_all_channel_source_scenario_4_3.m",".m","3395","2026-07-26 11:18:32","231A6A29F136F85916AEFA942658B666B3A25FBAA0F7EE2BE7943FBC2698D41E","2026-07-31_V4与external归档\V4整合\modules\4.3_source\integration\build_all_channel_source_scenario_4_3.m"
"2026-07-31_V4与external归档","V4整合","load_public_reference_resource_4_3.m",".m","4063","2026-07-25 10:42:47","6B06C89468CBB59771D47814C34346E28A9CA5B621DA002FC794B98F5116317E","2026-07-31_V4与external归档\V4整合\modules\4.3_source\integration\load_public_reference_resource_4_3.m"
"2026-07-31_V4与external归档","V4整合","v4_source_adapter.m",".m","3593","2026-07-27 10:19:40","BCD2CFFFE9FDCF535B34F9AEA17D6945A76DDFC48948F4DAB5842D1371A14072","2026-07-31_V4与external归档\V4整合\modules\4.3_source\integration\v4_source_adapter.m"
"2026-07-31_V4与external归档","V4整合","compare_source_portfolios_4_3_v3.m",".m","1283","2026-07-17 11:11:29","763EA2343BCA7AFA10159781AEB2414E078346C39885DAC582792F47F96F3AB9","2026-07-31_V4与external归档\V4整合\modules\4.3_source\model\aggregation\compare_source_portfolios_4_3_v3.m"
"2026-07-31_V4与external归档","V4整合","device_output_to_source_4_3_v3.m",".m","4671","2026-07-16 12:25:49","4C884F0F6A430DE68AA0E76FF4043F6D7DD99A5C211ADC64BC6B0006D76F93E3","2026-07-31_V4与external归档\V4整合\modules\4.3_source\model\aggregation\device_output_to_source_4_3_v3.m"
"2026-07-31_V4与external归档","V4整合","evaluate_scenario_coverage_4_3_v3.m",".m","1323","2026-07-17 15:35:27","40C3FB0328376CEA08B80084DBAB67ADA904F10A202DBFA8DEB63D9BF2780995","2026-07-31_V4与external归档\V4整合\modules\4.3_source\model\aggregation\evaluate_scenario_coverage_4_3_v3.m"
"2026-07-31_V4与external归档","V4整合","source_aggregation_4_3_v3.m",".m","10657","2026-07-16 12:23:18","FD9DB3183C704960FE860A52D8702EA697ECC47BFEB9079499014FEA892449D2","2026-07-31_V4与external归档\V4整合\modules\4.3_source\model\aggregation\source_aggregation_4_3_v3.m"
"2026-07-31_V4与external归档","V4整合","source_complementarity_metrics_v3.m",".m","2914","2026-07-17 11:11:25","CB925981A829B5274B07E64854DE5C897B67DC71F5CD66AA8E5F3FBD6F061541","2026-07-31_V4与external归档\V4整合\modules\4.3_source\model\aggregation\source_complementarity_metrics_v3.m"
"2026-07-31_V4与external归档","V4整合","source_state_dictionary_4_3_v3.m",".m","962","2026-07-17 15:35:25","05D3DF4865711236B2098A10AE5CE92C7C5C910EDB128E4676EA35D70DDDAD0F","2026-07-31_V4与external归档\V4整合\modules\4.3_source\model\aggregation\source_state_dictionary_4_3_v3.m"
"2026-07-31_V4与external归档","V4整合","validate_joint_scenarios_4_3_v3.m",".m","1821","2026-07-17 11:11:27","3CCC2118C54540A92DE6803E500605080BCD2398499EA26D8EF6934B1F45EB69","2026-07-31_V4与external归档\V4整合\modules\4.3_source\model\aggregation\validate_joint_scenarios_4_3_v3.m"
"2026-07-31_V4与external归档","V4整合","bus_balance_4_4_v3.m",".m","3189","2026-07-14 15:56:56","025BE7CF6DD1D86C00557D5063CC92D96FE12C47D7D3253E790E994581A4D292","2026-07-31_V4与external归档\V4整合\modules\4.3_source\model\demo_support\bus_balance_4_4_v3.m"
"2026-07-31_V4与external归档","V4整合","marine_source_hub_v3.m",".m","1353","2026-07-15 15:40:06","1C605BF21EF11662F0FAA45B38C7C46FDDE374C12D368360B1ADA55763319BE0","2026-07-31_V4与external归档\V4整合\modules\4.3_source\model\demo_support\marine_source_hub_v3.m"
"2026-07-31_V4与external归档","V4整合","floating_pv_dispatch_v2.m",".m","14858","2026-07-16 12:54:27","4DC074F6A6C4CFB6DF6904EA99EC45045C7F8BC8B435AABD577A074193EA5D5C","2026-07-31_V4与external归档\V4整合\modules\4.3_source\model\pv\floating_pv_dispatch_v2.m"
"2026-07-31_V4与external归档","V4整合","tidal_current_dispatch_v2.m",".m","14997","2026-07-16 12:21:41","F72FFBB6D738DA4F811A0172171664E2C56DF5D4D0AF948D1CF3F3F69D9088AC","2026-07-31_V4与external归档\V4整合\modules\4.3_source\model\tidal\tidal_current_dispatch_v2.m"
"2026-07-31_V4与external归档","V4整合","floating_wind_dispatch_v2.m",".m","12534","2026-07-16 12:54:24","7CA61ADD6AD898DD116FDF6DE9D8298D44DB5F15CBA82E70F6146D59FC97F327","2026-07-31_V4与external归档\V4整合\modules\4.3_source\model\wind\floating_wind_dispatch_v2.m"
"2026-07-31_V4与external归档","V4整合","README.md",".md","2882","2026-07-26 11:54:54","A3E13C506EADAEA079E3144CB968BAD56DC0990D04B8CF0C597B93607C9FAA75","2026-07-31_V4与external归档\V4整合\modules\4.3_source\README.md"
"2026-07-31_V4与external归档","V4整合","run_all_tests_4_3_v3.m",".m","3744","2026-07-20 21:49:48","EDF957C66DE083E48F8084AC1FB7DF266D3BA906C501B7C57403D7AA115A302A","2026-07-31_V4与external归档\V4整合\modules\4.3_source\tests\run_all_tests_4_3_v3.m"
"2026-07-31_V4与external归档","V4整合","4.4公共母线功率平衡说明.md",".md","2263","2026-07-26 14:46:04","9A2A526886C09FFB795DC6128C64A2AA604B07C60CAA9C6B4DE1A7E4EE1B22C4","2026-07-31_V4与external归档\V4整合\modules\4.4_bus\docs\4.4公共母线功率平衡说明.md"
"2026-07-31_V4与external归档","V4整合","figure_4_4_v4_hourly_balance.png",".png","94331","2026-07-26 14:30:46","9A5DA4557224EB43436DB7BA37A074D809FB3996318330F8AFB6871C82E63A4B","2026-07-31_V4与external归档\V4整合\modules\4.4_bus\docs\assets\figure_4_4_v4_hourly_balance.png"
"2026-07-31_V4与external归档","V4整合","build_current_report.py",".py","8542","2026-07-26 14:50:27","94EC35B3ED3C5334EE61B4B4E723314F13BE20E3A2BC8AB16A4FEDA9F4F26F11","2026-07-31_V4与external归档\V4整合\modules\4.4_bus\docs\build_current_report.py"
"2026-07-31_V4与external归档","V4整合","v4_bus_ledger.m",".m","1489","2026-07-20 23:09:44","5F7F6E2B2BF3B576E8DAC7B4CB47FD3AFA7DDD4E35004FB02CDB190F73850671","2026-07-31_V4与external归档\V4整合\modules\4.4_bus\integration\v4_bus_ledger.m"
"2026-07-31_V4与external归档","V4整合","README.md",".md","1209","2026-07-25 22:16:49","B7CA93E6640B5160FDDEA3D613490C18BB0D76A8703AF68C4CB24B0DD40C1E52","2026-07-31_V4与external归档\V4整合\modules\4.4_bus\README.md"
"2026-07-31_V4与external归档","V4整合","__init__.py",".py","664","2026-07-20 16:32:05","0291B8CAD751324766BA736D06A8473ABE4D3B746052D231B06B87BAE913C03C","2026-07-31_V4与external归档\V4整合\modules\4.4_bus\reference_model\core\__init__.py"
"2026-07-31_V4与external归档","V4整合","components.py",".py","14400","2026-07-20 16:32:05","15C15EBF7DD9838E5D281F3B45A8D3C40C93264B91F0952D5AE9D8888407C3E3","2026-07-31_V4与external归档\V4整合\modules\4.4_bus\reference_model\core\components.py"
"2026-07-31_V4与external归档","V4整合","losses.py",".py","2926","2026-07-20 16:32:05","6E1FF5EEDEF081589A49CCF583BF4FCE9CCC778385DC6DFECE22AB58CCA23EB0","2026-07-31_V4与external归档\V4整合\modules\4.4_bus\reference_model\core\losses.py"
"2026-07-31_V4与external归档","V4整合","ports.py",".py","3933","2026-07-20 16:32:05","56409970EB3B1A15FF62F62354C74E3F12C50F97C40B3FE52F0E9BD3BA036DEC","2026-07-31_V4与external归档\V4整合\modules\4.4_bus\reference_model\core\ports.py"
"2026-07-31_V4与external归档","V4整合","power_balance.py",".py","8928","2026-07-20 16:32:05","367C607290E8E2D2BD23DABACC32A0A8CA3FF9058EC540BD5D5403C96E815C41","2026-07-31_V4与external归档\V4整合\modules\4.4_bus\reference_model\core\power_balance.py"
"2026-07-31_V4与external归档","V4整合","reserve.py",".py","2341","2026-07-20 16:32:05","F881682622C00580B88403D38EA8ED087658381999A89CA2D282B32643E3DD6C","2026-07-31_V4与external归档\V4整合\modules\4.4_bus\reference_model\core\reserve.py"
"2026-07-31_V4与external归档","V4整合","main.py",".py","2523","2026-07-20 16:32:05","EFFE34CD209B8FF8DCC76D70F0B16119C267EDFBDB1ECF4A1C3F5E942E291970","2026-07-31_V4与external归档\V4整合\modules\4.4_bus\reference_model\main.py"
"2026-07-31_V4与external归档","V4整合","__init__.py",".py","204","2026-07-20 16:32:06","E17A81BE7FD2C5C37B10FC7B0F8857E574EE430FABB9E7CB35FAC5BDAEF79F5B","2026-07-31_V4与external归档\V4整合\modules\4.4_bus\reference_model\scenarios\__init__.py"
"2026-07-31_V4与external归档","V4整合","base_scenarios.py",".py","2165","2026-07-20 16:32:06","496279A4C814973A216C2732E35C4F2051590F0B858188F9AE08A7092B935635","2026-07-31_V4与external归档\V4整合\modules\4.4_bus\reference_model\scenarios\base_scenarios.py"
"2026-07-31_V4与external归档","V4整合","test_plots.py",".py","2805","2026-07-20 16:32:05","374094B102DEFBD53795E75A248AEEE4D2CF107613285A2F056D4A9C47B20E7B","2026-07-31_V4与external归档\V4整合\modules\4.4_bus\reference_model\test_plots.py"
"2026-07-31_V4与external归档","V4整合","__init__.py",".py","165","2026-07-20 16:32:06","F51E631F1D5266D0614D931456AF49077B5C7A2168C15E94C4DB863A632280D0","2026-07-31_V4与external归档\V4整合\modules\4.4_bus\reference_model\visualization\__init__.py"
"2026-07-31_V4与external归档","V4整合","plots.py",".py","5606","2026-07-20 16:32:06","5907BF16C4CB7EE12616972E5F452D345E621598CA4B7E638A989D6B799517D0","2026-07-31_V4与external归档\V4整合\modules\4.4_bus\reference_model\visualization\plots.py"
"2026-07-31_V4与external归档","V4整合","报告.pdf",".pdf","287880","2026-07-26 14:50:47","8FAB78AF964FDF00DD65399D1A566E1ECCF1A92130BFFC5140EE8A22CA2652E7","2026-07-31_V4与external归档\V4整合\modules\4.4_bus\报告.pdf"
"2026-07-31_V4与external归档","V4整合","4.5多时标接口语义增补_V4.md",".md","4506","2026-07-26 16:48:19","68AD408E61DCD1CD876F9D3A4F9226794BECF38D6E04A4208B26300379A49739","2026-07-31_V4与external归档\V4整合\modules\4.5_storage_hydrogen\docs\4.5多时标接口语义增补_V4.md"
"2026-07-31_V4与external归档","V4整合","4.5公开数据替代与接口审查.md",".md","12220","2026-07-26 19:05:52","E249E2308BCA8E6CE0F745DBF0E02643BD4711F3D8D154EF0AC56C7CB5B3E2D4","2026-07-31_V4与external归档\V4整合\modules\4.5_storage_hydrogen\docs\4.5公开数据替代与接口审查.md"
"2026-07-31_V4与external归档","V4整合","blue_hub_24h_results.csv",".csv","4278","2026-07-25 20:41:59","C5388A0BFE18BFE05DCAF5E9CFD59E2336EB0C503665EDB7FBDC4B0FB1EFE999","2026-07-31_V4与external归档\V4整合\modules\4.5_storage_hydrogen\docs\assets\blue_hub_24h_results.csv"
"2026-07-31_V4与external归档","V4整合","blue_hub_scenario_kpi.csv",".csv","589","2026-07-25 20:42:01","9CADA76D5FCB004A443FAB8DEE789003CFEE313B7094E18E221D8B938FA1FB1D","2026-07-31_V4与external归档\V4整合\modules\4.5_storage_hydrogen\docs\assets\blue_hub_scenario_kpi.csv"
"2026-07-31_V4与external归档","V4整合","blue_hub_sensitivity_table.csv",".csv","2814","2026-07-25 20:42:01","43C25BBB33902AFB7F886E01B91158C00925BF0BAAC33C80D7C4741753BC53DF","2026-07-31_V4与external归档\V4整合\modules\4.5_storage_hydrogen\docs\assets\blue_hub_sensitivity_table.csv"
"2026-07-31_V4与external归档","V4整合","blue_hub_summary_table.csv",".csv","773","2026-07-25 20:41:59","C606E1409D1DC3A31B24C5DBBCED73D1AD50B38E709BB90D9CED799DBECE15EB","2026-07-31_V4与external归档\V4整合\modules\4.5_storage_hydrogen\docs\assets\blue_hub_summary_table.csv"
"2026-07-31_V4与external归档","V4整合","blue_hub_timeseries_input_template.csv",".csv","689","2026-07-25 20:41:57","96013D44072C89425081F3041F0ADF930345859425E833126254D48D9E6C625E","2026-07-31_V4与external归档\V4整合\modules\4.5_storage_hydrogen\docs\assets\blue_hub_timeseries_input_template.csv"
"2026-07-31_V4与external归档","V4整合","fig01_system_coupling.png",".png","161432","2026-07-25 20:42:21","580FE86A38A3E9AF2D1F8941A86515E0FDC39DA396D0B861DBCB274754D3BC7F","2026-07-31_V4与external归档\V4整合\modules\4.5_storage_hydrogen\docs\assets\fig01_system_coupling.png"
"2026-07-31_V4与external归档","V4整合","fig02_electrolyzer_envelope.png",".png","322087","2026-07-25 20:42:34","D72BFFD22AEE3DA111394CFA554EFD91C25DF89212508B47BDF5E9045DD4BC2C","2026-07-31_V4与external归档\V4整合\modules\4.5_storage_hydrogen\docs\assets\fig02_electrolyzer_envelope.png"
"2026-07-31_V4与external归档","V4整合","fig03_24h_power_dispatch.png",".png","202972","2026-07-25 20:42:43","18935202F2EC91DAACAAAE5141C675B45F73E33FDBCDC161DE491C715D4026BF","2026-07-31_V4与external归档\V4整合\modules\4.5_storage_hydrogen\docs\assets\fig03_24h_power_dispatch.png"
"2026-07-31_V4与external归档","V4整合","fig04_hydrogen_inventory.png",".png","305135","2026-07-25 20:42:52","9D7F2A054802AAACF1555F0B98E92EFCA13269B5BEB3FACBEBC0EDC7FF2EB272","2026-07-31_V4与external归档\V4整合\modules\4.5_storage_hydrogen\docs\assets\fig04_hydrogen_inventory.png"
"2026-07-31_V4与external归档","V4整合","fig05_scenario_comparison.png",".png","304692","2026-07-25 20:43:01","90ED5772592BDE0B54E6C55F611996AF42DD85E1135082D5624B8A6F8A88821C","2026-07-31_V4与external归档\V4整合\modules\4.5_storage_hydrogen\docs\assets\fig05_scenario_comparison.png"
"2026-07-31_V4与external归档","V4整合","fig06_economic_heatmap.png",".png","416636","2026-07-25 20:43:11","38A5C0CB3395891313782C2C50C7AC104D451802E7199152B3FB173874A00A70","2026-07-31_V4与external归档\V4整合\modules\4.5_storage_hydrogen\docs\assets\fig06_economic_heatmap.png"
"2026-07-31_V4与external归档","V4整合","fig07_multiscale_validation.png",".png","249267","2026-07-27 10:50:17","72A2DD710034DF26AA83E0B56D976557C6349BAE4384998570770B2D0891621C","2026-07-31_V4与external归档\V4整合\modules\4.5_storage_hydrogen\docs\assets\fig07_multiscale_validation.png"
"2026-07-31_V4与external归档","V4整合","fig08_operational_72h.png",".png","119152","2026-07-27 10:50:21","5F9CA2BEEECFEA449A473E175F672E6FD61F0770026442122032979B94C7F3C7","2026-07-31_V4与external归档\V4整合\modules\4.5_storage_hydrogen\docs\assets\fig08_operational_72h.png"
"2026-07-31_V4与external归档","V4整合","fig09_gfm_step_seconds.png",".png","131173","2026-07-27 10:50:24","B2F77F877D3378A24D560A5759656C1BF8EA6EBC0474D8787F290F5AF8C749BD","2026-07-31_V4与external归档\V4整合\modules\4.5_storage_hydrogen\docs\assets\fig09_gfm_step_seconds.png"
"2026-07-31_V4与external归档","V4整合","fig10_black_start_seconds.png",".png","152383","2026-07-27 10:50:26","565C65DBFA412034BAA949C505409D52CE24C9FA09BF846733832DF059BA4D86","2026-07-31_V4与external归档\V4整合\modules\4.5_storage_hydrogen\docs\assets\fig10_black_start_seconds.png"
"2026-07-31_V4与external归档","V4整合","fig11_seasonal_8760h.png",".png","150365","2026-07-27 10:50:29","F6C836C064BEE407A8B2505144E4DB2F2DBD5572913A557B5E1A952D718FA104","2026-07-31_V4与external归档\V4整合\modules\4.5_storage_hydrogen\docs\assets\fig11_seasonal_8760h.png"
"2026-07-31_V4与external归档","V4整合","电能制氢建模.md",".md","39183","2026-07-27 15:07:54","0DD86C59B115B427DB50B5BE6D33F21D881B6253D2AF3A0F18D25228F8831DE0","2026-07-31_V4与external归档\V4整合\modules\4.5_storage_hydrogen\docs\电能制氢建模.md"
"2026-07-31_V4与external归档","V4整合","v4_apply_4_5_parameter_overlay.m",".m","2237","2026-07-26 14:02:35","5170BF2F95BCE96D1DFD35E77A00312C6D1BD3E05F16159D8E941D91DB67BB51","2026-07-31_V4与external归档\V4整合\modules\4.5_storage_hydrogen\integration\v4_apply_4_5_parameter_overlay.m"
"2026-07-31_V4与external归档","V4整合","v4_finalize_4_5_packet.m",".m","3151","2026-07-26 14:35:24","62CD3DDFC425EEE22A58D0D8ADA545551257E154149ADCA7E61DB2E523D85BBE","2026-07-31_V4与external归档\V4整合\modules\4.5_storage_hydrogen\integration\v4_finalize_4_5_packet.m"
"2026-07-31_V4与external归档","V4整合","v4_storage_hydrogen_boundary_4_5.m",".m","6369","2026-07-26 14:02:37","265FC3B4589BD686BFB51619DBAA1645F4954E6E9F2FC1669345834A1A79B97D","2026-07-31_V4与external归档\V4整合\modules\4.5_storage_hydrogen\integration\v4_storage_hydrogen_boundary_4_5.m"
"2026-07-31_V4与external归档","V4整合","v4_storage_hydrogen_response.m",".m","2548","2026-07-26 13:45:36","1CD8843241C03E2937FB8F3DDCAF9FF27067AF961A475B3B1E7C4614FDA8376E","2026-07-31_V4与external归档\V4整合\modules\4.5_storage_hydrogen\integration\v4_storage_hydrogen_response.m"
"2026-07-31_V4与external归档","V4整合","v4_gfm_parameters_4_5.m",".m","1790","2026-07-26 13:58:48","97861CEDBFC34DF6F415A6A742703816120FDFDBCB212E73E59900088CDEBCE5","2026-07-31_V4与external归档\V4整合\modules\4.5_storage_hydrogen\model\v4_gfm_parameters_4_5.m"
"2026-07-31_V4与external归档","V4整合","v4_gfm_regfm_b1_dynamic_4_5.m",".m","15164","2026-07-26 16:39:34","C7A56AEB74A417421727204BFC0334221252EA618BF247D3F60392BCFA135E53","2026-07-31_V4与external归档\V4整合\modules\4.5_storage_hydrogen\model\v4_gfm_regfm_b1_dynamic_4_5.m"
"2026-07-31_V4与external归档","V4整合","v4_seasonal_hydrogen_storage_4_5.m",".m","4719","2026-07-26 12:55:47","390526E7FF100594E71AA85FEB1710C803B7207FE9514C33EDBBB38BEC080744","2026-07-31_V4与external归档\V4整合\modules\4.5_storage_hydrogen\model\v4_seasonal_hydrogen_storage_4_5.m"
"2026-07-31_V4与external归档","V4整合","v4_storage_hydrogen_core_4_5.m",".m","13758","2026-07-26 14:04:33","BF946C389FAC454516BEBB647EB50D46846DC98B5E589B51333563DCBEB2B83B","2026-07-31_V4与external归档\V4整合\modules\4.5_storage_hydrogen\model\v4_storage_hydrogen_core_4_5.m"
"2026-07-31_V4与external归档","V4整合","4_5_black_start_proxy.csv",".csv","662027","2026-07-27 10:50:09","7A0FB5155E2BDD508BA81EB9B3544A41323866FF900405E6E84BF986E7AE9202","2026-07-31_V4与external归档\V4整合\modules\4.5_storage_hydrogen\outputs\multiscale_validation\4_5_black_start_proxy.csv"
"2026-07-31_V4与external归档","V4整合","4_5_black_start_seconds.png",".png","152383","2026-07-27 10:50:26","565C65DBFA412034BAA949C505409D52CE24C9FA09BF846733832DF059BA4D86","2026-07-31_V4与external归档\V4整合\modules\4.5_storage_hydrogen\outputs\multiscale_validation\4_5_black_start_seconds.png"
"2026-07-31_V4与external归档","V4整合","4_5_gfm_step_seconds.csv",".csv","1053250","2026-07-27 10:50:09","40D959A95F4C1F133324C2601B6FCB6834798E8F20D35E0548FAEE1F3E57A629","2026-07-31_V4与external归档\V4整合\modules\4.5_storage_hydrogen\outputs\multiscale_validation\4_5_gfm_step_seconds.csv"
"2026-07-31_V4与external归档","V4整合","4_5_gfm_step_seconds.png",".png","131173","2026-07-27 10:50:24","B2F77F877D3378A24D560A5759656C1BF8EA6EBC0474D8787F290F5AF8C749BD","2026-07-31_V4与external归档\V4整合\modules\4.5_storage_hydrogen\outputs\multiscale_validation\4_5_gfm_step_seconds.png"
"2026-07-31_V4与external归档","V4整合","4_5_multiscale_result.mat",".mat","3695276","2026-07-27 10:50:30","22D33246DD23E66BC183F0B2E5D4E96680120024C87005CAFA85A576CF25DA34","2026-07-31_V4与external归档\V4整合\modules\4.5_storage_hydrogen\outputs\multiscale_validation\4_5_multiscale_result.mat"
"2026-07-31_V4与external归档","V4整合","4_5_multiscale_summary.csv",".csv","252","2026-07-27 10:50:09","E7239153D76FB0325664E2F35C50EBB97A8B343B5C330EB28333C9D2F234C05B","2026-07-31_V4与external归档\V4整合\modules\4.5_storage_hydrogen\outputs\multiscale_validation\4_5_multiscale_summary.csv"
"2026-07-31_V4与external归档","V4整合","4_5_multiscale_test_report.csv",".csv","1889","2026-07-27 10:50:09","7DACBB5D8770B643DD07CE4FE56D3071E1F478C9BB6FEBC568F149F2DA4963A8","2026-07-31_V4与external归档\V4整合\modules\4.5_storage_hydrogen\outputs\multiscale_validation\4_5_multiscale_test_report.csv"
"2026-07-31_V4与external归档","V4整合","4_5_multiscale_validation.png",".png","249267","2026-07-27 10:50:17","72A2DD710034DF26AA83E0B56D976557C6349BAE4384998570770B2D0891621C","2026-07-31_V4与external归档\V4整合\modules\4.5_storage_hydrogen\outputs\multiscale_validation\4_5_multiscale_validation.png"
"2026-07-31_V4与external归档","V4整合","4_5_operational_72h.csv",".csv","2985","2026-07-27 10:50:09","4AA3E1EAE92E0C94B7EF0142BBB41C4E215A5F3BB2D37B937755B94E3234F653","2026-07-31_V4与external归档\V4整合\modules\4.5_storage_hydrogen\outputs\multiscale_validation\4_5_operational_72h.csv"
"2026-07-31_V4与external归档","V4整合","4_5_operational_72h.png",".png","119152","2026-07-27 10:50:21","5F9CA2BEEECFEA449A473E175F672E6FD61F0770026442122032979B94C7F3C7","2026-07-31_V4与external归档\V4整合\modules\4.5_storage_hydrogen\outputs\multiscale_validation\4_5_operational_72h.png"
"2026-07-31_V4与external归档","V4整合","4_5_seasonal_8760h.csv",".csv","704292","2026-07-27 10:50:09","46231409003EC8BAB18839A4661087C6753D19F6626C43C3D793C1081C1A6690","2026-07-31_V4与external归档\V4整合\modules\4.5_storage_hydrogen\outputs\multiscale_validation\4_5_seasonal_8760h.csv"
"2026-07-31_V4与external归档","V4整合","4_5_seasonal_8760h.png",".png","150365","2026-07-27 10:50:29","F6C836C064BEE407A8B2505144E4DB2F2DBD5572913A557B5E1A952D718FA104","2026-07-31_V4与external归档\V4整合\modules\4.5_storage_hydrogen\outputs\multiscale_validation\4_5_seasonal_8760h.png"
"2026-07-31_V4与external归档","V4整合","README.md",".md","5815","2026-07-26 16:48:14","7051712B45ADA9C74A395042EE22F21B279C127E399A7474F964F58480E462F0","2026-07-31_V4与external归档\V4整合\modules\4.5_storage_hydrogen\README.md"
"2026-07-31_V4与external归档","V4整合","blue_hub_demo_and_figures.m",".m","25812","2026-07-25 19:59:34","26A83174D229390BB3C05CE2EB2CD39541C3B99188C6D835BBAFEFA9EE9CD520","2026-07-31_V4与external归档\V4整合\modules\4.5_storage_hydrogen\reference_model\blue_hub_demo_and_figures.m"
"2026-07-31_V4与external归档","V4整合","电能制氢建模 修改版1.docx",".docx","1284521","2026-07-25 15:46:56","841E5A2DAC83DCD0D04E9338F83D453E05398A155D31A6E7C886E3F46D0F8682","2026-07-31_V4与external归档\V4整合\modules\4.5_storage_hydrogen\reference_model\电能制氢建模 修改版1.docx"
"2026-07-31_V4与external归档","V4整合","电能制氢模型多表合一.xlsx",".xlsx","40387","2026-07-17 09:56:52","242873A436540B4AA495DA4051A6830818C3B311B5786C0E4AB0FDA295F609C8","2026-07-31_V4与external归档\V4整合\modules\4.5_storage_hydrogen\reference_model\电能制氢模型多表合一.xlsx"
"2026-07-31_V4与external归档","V4整合","run_4_5_standalone_validation.m",".m","24800","2026-07-26 16:38:46","EDE233E49A4A999E3CF89AC64148A5685BB93D3D23CA3A74A2F22836903AF8F0","2026-07-31_V4与external归档\V4整合\modules\4.5_storage_hydrogen\run_4_5_standalone_validation.m"
"2026-07-31_V4与external归档","V4整合","run_all_tests_4_5.m",".m","305","2026-07-26 13:08:38","9D9DB028EC5F5B936D84883D90C3B00E5ADE5CC968DDDAD14E1DD2F4E64AA229","2026-07-31_V4与external归档\V4整合\modules\4.5_storage_hydrogen\tests\run_all_tests_4_5.m"
"2026-07-31_V4与external归档","V4整合","default.json",".json","1034","2026-07-25 17:04:12","ECD31A903639281E0FB8067F2D1102EFAAD780F380898E0A55516E636B8496DC","2026-07-31_V4与external归档\V4整合\modules\4.6_compute\DC_model_v2_1\config\default.json"
"2026-07-31_V4与external归档","V4整合","power_shortage_test.json",".json","1045","2026-07-25 17:11:01","806975681A5026742EA45FAAF90C7207A9D1CF520FE3FFBACEB1D098A795146B","2026-07-31_V4与external归档\V4整合\modules\4.6_compute\DC_model_v2_1\config\power_shortage_test.json"
"2026-07-31_V4与external归档","V4整合","raw_power_following.json",".json","826","2026-07-23 23:11:50","D1C4AA33EC9E73DD3C5BD50144DB793C6DA074ACC5ED19EA84EBE185577F29D1","2026-07-31_V4与external归档\V4整合\modules\4.6_compute\DC_model_v2_1\config\raw_power_following.json"
"2026-07-31_V4与external归档","V4整合","CURRENT_UDC_DATA_CHECK.md",".md","1547","2026-07-25 17:11:04","992AC5CF3D660842FBF2A1BCE49D1A39A1FA4AB4A8B8EBF246602572BD493E9A","2026-07-31_V4与external归档\V4整合\modules\4.6_compute\DC_model_v2_1\CURRENT_UDC_DATA_CHECK.md"
"2026-07-31_V4与external归档","V4整合","DATA_UPDATE_GUIDE.md",".md","3476","2026-07-25 17:11:06","C9E1976D5E42AA22B43085E04266468E4159C30B68549F6F1BCE7C3E0E30C1CF","2026-07-31_V4与external归档\V4整合\modules\4.6_compute\DC_model_v2_1\DATA_UPDATE_GUIDE.md"
"2026-07-31_V4与external归档","V4整合","README.md",".md","1089","2026-07-24 10:39:21","DF81479332F9394117D367AF0D06A48D7C364A6F85EAF5A3504FA3DC21A9A5D3","2026-07-31_V4与external归档\V4整合\modules\4.6_compute\DC_model_v2_1\README.md"
"2026-07-31_V4与external归档","V4整合","requirements.txt",".txt","67","2026-07-23 23:11:50","425E872219B0C44920CB83C855C206241A5D373FA4C753B88B450CE081679232","2026-07-31_V4与external归档\V4整合\modules\4.6_compute\DC_model_v2_1\requirements.txt"
"2026-07-31_V4与external归档","V4整合","run_model.bat",".bat","361","2026-07-23 23:11:50","3034E906D1D2FF62A575F4C0EA0914772DF16A4876F23FF09E0F3C6860B716C8","2026-07-31_V4与external归档\V4整合\modules\4.6_compute\DC_model_v2_1\run_model.bat"
"2026-07-31_V4与external归档","V4整合","run_raw_model.bat",".bat","365","2026-07-23 23:11:50","6FB3AEA9FE2AE1E7122A9A99A45A3AA0FFBDAC4EAD605645034720DBF26C5F1C","2026-07-31_V4与external归档\V4整合\modules\4.6_compute\DC_model_v2_1\run_raw_model.bat"
"2026-07-31_V4与external归档","V4整合","check_data.py",".py","1072","2026-07-23 23:11:50","09B5936F42381FFACEAF4EB5763376FFD548ADBA9A680BD7B9915E125ABF7648","2026-07-31_V4与external归档\V4整合\modules\4.6_compute\DC_model_v2_1\scripts\check_data.py"
"2026-07-31_V4与external归档","V4整合","plot_results.py",".py","12576","2026-07-23 23:11:50","10B47BD88DB4F192140FCC9E4410F0D4B733883AE09218CBDC8DC4243ADB6A7F","2026-07-31_V4与external归档\V4整合\modules\4.6_compute\DC_model_v2_1\scripts\plot_results.py"
"2026-07-31_V4与external归档","V4整合","run_model.py",".py","1638","2026-07-23 23:11:50","B606A3C9F9CAA06C0F3D439A9329A91C3E6C60EA41A7FEEF68012113BEEE8742","2026-07-31_V4与external归档\V4整合\modules\4.6_compute\DC_model_v2_1\scripts\run_model.py"
"2026-07-31_V4与external归档","V4整合","run_raw_model.py",".py","1644","2026-07-23 23:11:50","01A65AF1EE5DC16BB37D48309A89251E22219900A9F68785CB623FC416022FC8","2026-07-31_V4与external归档\V4整合\modules\4.6_compute\DC_model_v2_1\scripts\run_raw_model.py"
"2026-07-31_V4与external归档","V4整合","__init__.py",".py","79","2026-07-23 23:11:50","19F7BA1E22F29BE4BCE74FF1C0401B3885748215396C38A1A10676875AF5D045","2026-07-31_V4与external归档\V4整合\modules\4.6_compute\DC_model_v2_1\src\udc_dc_only\__init__.py"
"2026-07-31_V4与external归档","V4整合","__init__.cpython-314.pyc",".pyc","322","2026-07-26 16:42:58","E392A1F801F72D6FDB6E578F0DF85579E91241082CC81FE5B18AC514397453A7","2026-07-31_V4与external归档\V4整合\modules\4.6_compute\DC_model_v2_1\src\udc_dc_only\__pycache__\__init__.cpython-314.pyc"
"2026-07-31_V4与external归档","V4整合","config.cpython-314.pyc",".pyc","2348","2026-07-26 16:42:58","57E3DCEE393E7EDEF8797FB3697C4176C14D4367A7B47333ADC8474BAD770262","2026-07-31_V4与external归档\V4整合\modules\4.6_compute\DC_model_v2_1\src\udc_dc_only\__pycache__\config.cpython-314.pyc"
"2026-07-31_V4与external归档","V4整合","data_loader.cpython-314.pyc",".pyc","29212","2026-07-26 16:42:58","3D1AC546D8B59414BFCC13ECF21BD7B6535EDBA8D8D45394F9E1965EDF075E21","2026-07-31_V4与external归档\V4整合\modules\4.6_compute\DC_model_v2_1\src\udc_dc_only\__pycache__\data_loader.cpython-314.pyc"
"2026-07-31_V4与external归档","V4整合","model.cpython-314.pyc",".pyc","32461","2026-07-26 16:42:58","0F7243F84915151C192FF33EBA50473FE7E7C175E61B382561CA7F74B82B5094","2026-07-31_V4与external归档\V4整合\modules\4.6_compute\DC_model_v2_1\src\udc_dc_only\__pycache__\model.cpython-314.pyc"
"2026-07-31_V4与external归档","V4整合","pue.cpython-314.pyc",".pyc","5692","2026-07-26 16:42:59","20D92FEBA61067FDB0608E2D96E4BF34D55FF83249088C4729724E3A2C3B1869","2026-07-31_V4与external归档\V4整合\modules\4.6_compute\DC_model_v2_1\src\udc_dc_only\__pycache__\pue.cpython-314.pyc"
"2026-07-31_V4与external归档","V4整合","raw_model.cpython-314.pyc",".pyc","18135","2026-07-26 16:43:04","54245842D6FE8861F483B2F0AED54241087D3CCC3EA099DC25DBB3704B48A5F7","2026-07-31_V4与external归档\V4整合\modules\4.6_compute\DC_model_v2_1\src\udc_dc_only\__pycache__\raw_model.cpython-314.pyc"
"2026-07-31_V4与external归档","V4整合","config.py",".py","1478","2026-07-23 23:11:50","2655C39B6B7CD2287FC1C9A0A7BBD5013500B0EAA308A73053EE3C5F22BE9844","2026-07-31_V4与external归档\V4整合\modules\4.6_compute\DC_model_v2_1\src\udc_dc_only\config.py"
"2026-07-31_V4与external归档","V4整合","data_loader.py",".py","19656","2026-07-23 23:11:50","AC3598FB57AFFFDEFB8CEC51B54BFDEB0901F3E7CFF08DCA26CA8F4AC69D13D0","2026-07-31_V4与external归档\V4整合\modules\4.6_compute\DC_model_v2_1\src\udc_dc_only\data_loader.py"
"2026-07-31_V4与external归档","V4整合","model.py",".py","23054","2026-07-26 10:46:01","25A275DCCE571AA53CF25C7B6ED12312E443078EA57F524600A94A3BCBF01C50","2026-07-31_V4与external归档\V4整合\modules\4.6_compute\DC_model_v2_1\src\udc_dc_only\model.py"
"2026-07-31_V4与external归档","V4整合","pue.py",".py","3288","2026-07-23 23:11:50","B484C29C6D2C94682A9CAF57ADDE733D4CD8DEB86FC3C39D8776BA52908284FC","2026-07-31_V4与external归档\V4整合\modules\4.6_compute\DC_model_v2_1\src\udc_dc_only\pue.py"
"2026-07-31_V4与external归档","V4整合","raw_model.py",".py","15031","2026-07-26 10:46:03","F445505FEB95DDF2744DE771AD21522CEACFF22792888936AFA3FBFC60C1BDE3","2026-07-31_V4与external归档\V4整合\modules\4.6_compute\DC_model_v2_1\src\udc_dc_only\raw_model.py"
"2026-07-31_V4与external归档","V4整合","reporting.py",".py","2832","2026-07-23 23:11:50","7CD8A8DDF9E2703C0C6C3E643FC2FF032C20EAF55EF808AA96F6B01506DDA0E7","2026-07-31_V4与external归档\V4整合\modules\4.6_compute\DC_model_v2_1\src\udc_dc_only\reporting.py"
"2026-07-31_V4与external归档","V4整合","test_smoke.py",".py","870","2026-07-25 17:08:24","7B064910B6CE535827ADDB578D3DDCB1B5E11B5FBC8F5BEDB3A4E31DFD072CC5","2026-07-31_V4与external归档\V4整合\modules\4.6_compute\DC_model_v2_1\tests\test_smoke.py"
"2026-07-31_V4与external归档","V4整合","green_compute_v1_168h.csv",".csv","19653","2026-07-23 23:11:50","A7C4CC5CCC17470BD105A381D37BE5736C4AA7CE7F22946836D7E44B385D87D9","2026-07-31_V4与external归档\V4整合\modules\4.6_compute\DC_model_v2_1\UDC_data\01_Workload\green_compute_v1_168h.csv"
"2026-07-31_V4与external归档","V4整合","task_type_parameters.csv",".csv","184","2026-07-23 23:11:50","F5DC588B109EACEF2A1AA76388AAB759C8304EC3F96D0135F3C43016692C385D","2026-07-31_V4与external归档\V4整合\modules\4.6_compute\DC_model_v2_1\UDC_data\01_Workload\task_type_parameters.csv"
"2026-07-31_V4与external归档","V4整合","it_system_parameters.csv",".csv","1019","2026-07-25 17:03:53","0639201603F593EAA07E5AB0F8375D60A9441792988EBE0DBB20E65FA0B43EE8","2026-07-31_V4与external归档\V4整合\modules\4.6_compute\DC_model_v2_1\UDC_data\02_IT_System\it_system_parameters.csv"
"2026-07-31_V4与external归档","V4整合","cmems_mod_glo_phy_my_0.083deg_P1D-m_1784401380657.nc",".nc","60449","2026-07-23 23:11:50","6CEFDD2861FB68DAF5BB703C01D6D972D36C36A4C68AD4A4336ED0D534E0C974","2026-07-31_V4与external归档\V4整合\modules\4.6_compute\DC_model_v2_1\UDC_data\03_Cooling_PUE\cmems_mod_glo_phy_my_0.083deg_P1D-m_1784401380657.nc"
"2026-07-31_V4与external归档","V4整合","cooling_parameters.csv",".csv","1646","2026-07-25 17:04:02","BF0C9962F6A9D448EABD08AABA18D3DA09AB4BDD5357283EA03F23F86E5D7B4C","2026-07-31_V4与external归档\V4整合\modules\4.6_compute\DC_model_v2_1\UDC_data\03_Cooling_PUE\cooling_parameters.csv"
"2026-07-31_V4与external归档","V4整合","compute_price.csv",".csv","820","2026-07-25 17:04:08","29A6A3807261874EADD19C0F906F40C948895330B777D3C76822D9087E48A81F","2026-07-31_V4与external归档\V4整合\modules\4.6_compute\DC_model_v2_1\UDC_data\04_Economics_Interface\compute_price.csv"
"2026-07-31_V4与external归档","V4整合","market_reference_scenarios.csv",".csv","1067","2026-07-25 17:08:21","4ACAF7DF2B804A507E6EC6F12482AE449C799288DA506FFE1553237BF0B353D3","2026-07-31_V4与external归档\V4整合\modules\4.6_compute\DC_model_v2_1\UDC_data\04_Economics_Interface\market_reference_scenarios.csv"
"2026-07-31_V4与external归档","V4整合","power_interface.csv",".csv","754","2026-07-23 23:11:50","885D192D04C8CC722E73C673A3DF773871FCFA6B23677FE20328EE683426E5DE","2026-07-31_V4与external归档\V4整合\modules\4.6_compute\DC_model_v2_1\UDC_data\04_Economics_Interface\power_interface.csv"
"2026-07-31_V4与external归档","V4整合","4.6公开数据替代与市场校准清单.md",".md","5670","2026-07-26 19:05:52","DFEC8B7F7894E11C54B9D7EDB387DD121475DD8ED6558AB7AA09D8685931743E","2026-07-31_V4与external归档\V4整合\modules\4.6_compute\docs\4.6公开数据替代与市场校准清单.md"
"2026-07-31_V4与external归档","V4整合","4.6绿色算力负荷模型与V4集成说明.md",".md","5401","2026-07-26 11:54:57","E7CBD6331E1E04D8BA16FCA90177E7D28C3A18BCF77C33E640D6E9B926A82478","2026-07-31_V4与external归档\V4整合\modules\4.6_compute\docs\4.6绿色算力负荷模型与V4集成说明.md"
"2026-07-31_V4与external归档","V4整合","README.md",".md","791","2026-07-24 10:39:18","6CBD800B41721628ADA77DF0986B992697677EE4B1D7E29B195C65C90A974766","2026-07-31_V4与external归档\V4整合\modules\4.6_compute\integration\README.md"
"2026-07-31_V4与external归档","V4整合","v4_compute_boundary_4_6.m",".m","1148","2026-07-24 10:37:38","3E153D0F67A2FEEECABFD43801612F9CA7DC7F8AE08ABD187830D28ECB969F38","2026-07-31_V4与external归档\V4整合\modules\4.6_compute\integration\v4_compute_boundary_4_6.m"
"2026-07-31_V4与external归档","V4整合","v4_compute_bridge.py",".py","7544","2026-07-27 10:07:36","3F15B073707BE0A91F83FBF7CD7CE3BD50DD30D36FB68104A35302A6C113BF16","2026-07-31_V4与external归档\V4整合\modules\4.6_compute\integration\v4_compute_bridge.py"
"2026-07-31_V4与external归档","V4整合","README.md",".md","2260","2026-07-27 10:28:16","23F22CEEBB7095E372D18A0FBF4EEB5F6708DB65CD622FD480D827DC4A64935D","2026-07-31_V4与external归档\V4整合\modules\4.6_compute\README.md"
"2026-07-31_V4与external归档","V4整合","parameters.yaml",".yaml","4389","2026-07-17 17:16:13","EFF72EB447EE7F9C6A27275A9AA6C426DF1DA8DEC91794D2BDAA4F8C1AA3EBDE","2026-07-31_V4与external归档\V4整合\modules\4.7_outputs\delivery_model\configs\parameters.yaml"
"2026-07-31_V4与external归档","V4整合","run_example.py",".py","1765","2026-07-17 17:16:13","DACF04757C08D6DD6B27C53EC2DA4C68C0AC95B7320D66353811C9578AB7B828","2026-07-31_V4与external归档\V4整合\modules\4.7_outputs\delivery_model\examples\run_example.py"
"2026-07-31_V4与external归档","V4整合","pyproject.toml",".toml","479","2026-07-17 17:16:13","2ADE356122C3EEA684A9594D008A0CA9D058B35FA25B97323CC8F61FBEDB2EAD","2026-07-31_V4与external归档\V4整合\modules\4.7_outputs\delivery_model\pyproject.toml"
"2026-07-31_V4与external归档","V4整合","README.md",".md","4148","2026-07-25 22:20:38","A7E4E39F1F32BA068975C38A4CA6B862C31D55F03692906F6E491956B47265FB","2026-07-31_V4与external归档\V4整合\modules\4.7_outputs\delivery_model\README.md"
"2026-07-31_V4与external归档","V4整合","__init__.py",".py","1531","2026-07-17 17:16:13","2E672AF66020B78F446F0A6EDE391F1745788E90FDE2A2050942F7E67AF4D118","2026-07-31_V4与external归档\V4整合\modules\4.7_outputs\delivery_model\src\bluehub_submodules\__init__.py"
"2026-07-31_V4与external归档","V4整合","__init__.cpython-314.pyc",".pyc","1460","2026-07-26 16:43:01","E326FBCA09C0FEBF367D17F626D5F8006A57E77035D78E8D724C3CDFC99173DB","2026-07-31_V4与external归档\V4整合\modules\4.7_outputs\delivery_model\src\bluehub_submodules\__pycache__\__init__.cpython-314.pyc"
"2026-07-31_V4与external归档","V4整合","balance.cpython-314.pyc",".pyc","9319","2026-07-26 16:43:01","C7AD323C4A38111BDCDFBB74EF81F1104EA9E4806452872F4221281518A2A41C","2026-07-31_V4与external归档\V4整合\modules\4.7_outputs\delivery_model\src\bluehub_submodules\__pycache__\balance.cpython-314.pyc"
"2026-07-31_V4与external归档","V4整合","compute_load.cpython-314.pyc",".pyc","5231","2026-07-26 16:43:01","AFC84897845DFD69A9CD2B058D4C30AD63228622CBD02D5E3A7698D03B707786","2026-07-31_V4与external归档\V4整合\modules\4.7_outputs\delivery_model\src\bluehub_submodules\__pycache__\compute_load.cpython-314.pyc"
"2026-07-31_V4与external归档","V4整合","hydrogen_output.cpython-314.pyc",".pyc","8013","2026-07-26 16:43:01","F97BEB799515EB8158052D7AEF13993DD43992FDDD919964EEDE8A8B7D19D823","2026-07-31_V4与external归档\V4整合\modules\4.7_outputs\delivery_model\src\bluehub_submodules\__pycache__\hydrogen_output.cpython-314.pyc"
"2026-07-31_V4与external归档","V4整合","marine_load.cpython-314.pyc",".pyc","5176","2026-07-26 16:43:01","5164B61623B2032D06A8E060E28295FBDC3A816DE584E8F249F349383CF5881F","2026-07-31_V4与external归档\V4整合\modules\4.7_outputs\delivery_model\src\bluehub_submodules\__pycache__\marine_load.cpython-314.pyc"
"2026-07-31_V4与external归档","V4整合","objectives.cpython-314.pyc",".pyc","4474","2026-07-26 16:43:01","92BC07BEB671DBF45B8A772762066F73FF504423EDF5F932E882D6B42CAFE373","2026-07-31_V4与external归档\V4整合\modules\4.7_outputs\delivery_model\src\bluehub_submodules\__pycache__\objectives.cpython-314.pyc"
"2026-07-31_V4与external归档","V4整合","parameters.cpython-314.pyc",".pyc","7369","2026-07-26 16:43:01","58A9F8F98148EE719E81980B70BB8A3D161EC5118E4D40153CF78DA290381925","2026-07-31_V4与external归档\V4整合\modules\4.7_outputs\delivery_model\src\bluehub_submodules\__pycache__\parameters.cpython-314.pyc"
"2026-07-31_V4与external归档","V4整合","power_export.cpython-314.pyc",".pyc","5781","2026-07-26 16:43:01","5491814F093DBF665CDCA2809EB819E803C9E1704A83D49C9991C94C2ADC049F","2026-07-31_V4与external归档\V4整合\modules\4.7_outputs\delivery_model\src\bluehub_submodules\__pycache__\power_export.cpython-314.pyc"
"2026-07-31_V4与external归档","V4整合","scenario.cpython-314.pyc",".pyc","4995","2026-07-26 16:43:01","69E09439402EBF1307434DE65FAD9859FF21DB04539188AC3C6D935322FF1B28","2026-07-31_V4与external归档\V4整合\modules\4.7_outputs\delivery_model\src\bluehub_submodules\__pycache__\scenario.cpython-314.pyc"
"2026-07-31_V4与external归档","V4整合","balance.py",".py","5935","2026-07-17 17:16:13","655BCCC76625A6CA278EC66E0A5D3B7C6AB98F1098F85612B92B7432C4538C26","2026-07-31_V4与external归档\V4整合\modules\4.7_outputs\delivery_model\src\bluehub_submodules\balance.py"
"2026-07-31_V4与external归档","V4整合","compute_load.py",".py","3824","2026-07-17 17:16:13","84F21CB3098F6C0997FA011A609318057D8B52A7B48A2B272157AD5A549B2B91","2026-07-31_V4与external归档\V4整合\modules\4.7_outputs\delivery_model\src\bluehub_submodules\compute_load.py"
"2026-07-31_V4与external归档","V4整合","constraints.py",".py","4811","2026-07-17 17:16:13","B9D9BF4D13956C8F48E89ED05D366B70F4E3C2F179AE04081186CBCE50C9EA35","2026-07-31_V4与external归档\V4整合\modules\4.7_outputs\delivery_model\src\bluehub_submodules\constraints.py"
"2026-07-31_V4与external归档","V4整合","hydrogen_output.py",".py","6465","2026-07-17 17:16:13","46F52FE352D3C820A19229AC9D5F61067985112F01F15193D08BD87226DE3EB0","2026-07-31_V4与external归档\V4整合\modules\4.7_outputs\delivery_model\src\bluehub_submodules\hydrogen_output.py"
"2026-07-31_V4与external归档","V4整合","marine_load.py",".py","3018","2026-07-17 17:16:13","20A3CE235DD069ACE23E11396D279C2021EB755A6E2B8470783D46D0F8FAD66D","2026-07-31_V4与external归档\V4整合\modules\4.7_outputs\delivery_model\src\bluehub_submodules\marine_load.py"
"2026-07-31_V4与external归档","V4整合","objectives.py",".py","3022","2026-07-17 17:16:13","5DEF181C53527CF147F781EDF865C308BBA72DD590C7C1BB24A971D3137D609B","2026-07-31_V4与external归档\V4整合\modules\4.7_outputs\delivery_model\src\bluehub_submodules\objectives.py"
"2026-07-31_V4与external归档","V4整合","parameters.py",".py","4581","2026-07-17 17:16:13","CA1D75F28AF5309384838CDA1079D31FF726B4D98B810E9B781B22C887A80286","2026-07-31_V4与external归档\V4整合\modules\4.7_outputs\delivery_model\src\bluehub_submodules\parameters.py"
"2026-07-31_V4与external归档","V4整合","power_export.py",".py","4007","2026-07-17 17:16:13","BCCC111556311094E90338457EF98906E3A21BC00B75C3F7045847D60C9939A0","2026-07-31_V4与external归档\V4整合\modules\4.7_outputs\delivery_model\src\bluehub_submodules\power_export.py"
"2026-07-31_V4与external归档","V4整合","scenario.py",".py","3248","2026-07-17 17:16:13","E5931033522AC85A2E4990D175DB059C04DC16256383FDC87C7F2B4A57CF073A","2026-07-31_V4与external归档\V4整合\modules\4.7_outputs\delivery_model\src\bluehub_submodules\scenario.py"
"2026-07-31_V4与external归档","V4整合","test_compute_load.py",".py","1685","2026-07-17 17:16:13","A05592A5F97CA9F3A06DA4A28C6E50276E599F48B8579BF760CE6E2A6C3FE5CC","2026-07-31_V4与external归档\V4整合\modules\4.7_outputs\delivery_model\tests\test_compute_load.py"
"2026-07-31_V4与external归档","V4整合","test_constraints.py",".py","898","2026-07-17 17:16:13","340A3C31181FECFC238E901C5A673734293A6B65066CB4340887939CB5EBDFC3","2026-07-31_V4与external归档\V4整合\modules\4.7_outputs\delivery_model\tests\test_constraints.py"
"2026-07-31_V4与external归档","V4整合","test_hydrogen_output.py",".py","1859","2026-07-17 17:16:13","273120646B10A001E40ECAEBEC051B0B882DCA41825AC9A608BF27041B4E8881","2026-07-31_V4与external归档\V4整合\modules\4.7_outputs\delivery_model\tests\test_hydrogen_output.py"
"2026-07-31_V4与external归档","V4整合","test_integrated_balance.py",".py","2681","2026-07-17 17:16:13","3F5B3F27703BE106A48F8572FE04C0C094E2420F6D7CB0919B1701F9C86DA52D","2026-07-31_V4与external归档\V4整合\modules\4.7_outputs\delivery_model\tests\test_integrated_balance.py"
"2026-07-31_V4与external归档","V4整合","test_marine_load.py",".py","1044","2026-07-17 17:16:13","6949EBB4080DFD6919EB98682D2F7C7CB472A6A712ECB0C669B54D25E673F8F9","2026-07-31_V4与external归档\V4整合\modules\4.7_outputs\delivery_model\tests\test_marine_load.py"
"2026-07-31_V4与external归档","V4整合","test_parameters.py",".py","1977","2026-07-17 17:16:13","CD78DB5F0069BF2D492788B32A3111B2065DA9C88988F5ADB72B98415E5B4070","2026-07-31_V4与external归档\V4整合\modules\4.7_outputs\delivery_model\tests\test_parameters.py"
"2026-07-31_V4与external归档","V4整合","test_power_export.py",".py","1114","2026-07-17 17:16:13","2FBC2DD61CD40DE771F2CD74A97114D64995F7DB20222C49CDE95E576F5DAD36","2026-07-31_V4与external归档\V4整合\modules\4.7_outputs\delivery_model\tests\test_power_export.py"
"2026-07-31_V4与external归档","V4整合","uv.lock",".lock","15872","2026-07-17 17:16:13","5A95C6DA871E400E6F428A8C32C41B849923BB98655717D78419D041F164EB47","2026-07-31_V4与external归档\V4整合\modules\4.7_outputs\delivery_model\uv.lock"
"2026-07-31_V4与external归档","V4整合","目标函数与约束条件.md",".md","4174","2026-07-25 22:16:52","12310B3E4D88BFCB69D5DBFAE7C5EE56C5A746ACD964C7C3A2274B9BDAA40998","2026-07-31_V4与external归档\V4整合\modules\4.7_outputs\delivery_model\目标函数与约束条件.md"
"2026-07-31_V4与external归档","V4整合","工程使用说明.md",".md","4204","2026-07-25 22:20:39","BF763F97673F1B88A995EF9802B3ED5F493949E85154CD39A3C8E53A458CDBB4","2026-07-31_V4与external归档\V4整合\modules\4.7_outputs\docs\工程使用说明.md"
"2026-07-31_V4与external归档","V4整合","v4_output_bridge.py",".py","3242","2026-07-26 10:16:18","F43A972C8D639581526F0CEC5B4712A1203CCC6C1C0559834CBE69D0702AB695","2026-07-31_V4与external归档\V4整合\modules\4.7_outputs\integration\v4_output_bridge.py"
"2026-07-31_V4与external归档","V4整合","README.md",".md","1602","2026-07-26 11:37:06","90A56D3B3379CF4C453E5B5FED348E3310BAB72691B6645996646285D522FDA8","2026-07-31_V4与external归档\V4整合\modules\4.7_outputs\README.md"
"2026-07-31_V4与external归档","V4整合","08_4.8-4.9目标架构.md",".md","16848","2026-07-25 10:45:49","BF4EFA6A67FF65815430F4DE77C0E6F99B487C4F998B18E8CD0BB1A8BE0BA7FF","2026-07-31_V4与external归档\V4整合\modules\4.8_objectives\docs\08_4.8-4.9目标架构.md"
"2026-07-31_V4与external归档","V4整合","4.8多目标评价说明.md",".md","9350","2026-07-26 19:04:25","1F6FA869E2892DD2016F8C850338DFE6B05132B3330C14AB111297FC2B09018C","2026-07-31_V4与external归档\V4整合\modules\4.8_objectives\docs\4.8多目标评价说明.md"
"2026-07-31_V4与external归档","V4整合","4.8全生命周期经济性参数与重算结果.md",".md","10932","2026-07-27 10:48:11","0B5FBAF645A2312C0F89CF4028CF573EC4E18831BC83AA7A4EA01F23A82389D9","2026-07-31_V4与external归档\V4整合\modules\4.8_objectives\docs\4.8全生命周期经济性参数与重算结果.md"
"2026-07-31_V4与external归档","V4整合","4.8容量统一与资产开关审计.md",".md","4352","2026-07-27 10:49:20","6E96817C7CE0D2298F630C0461EB03EA643A856D04C4E2C9A9CF3E9B1A020B4B","2026-07-31_V4与external归档\V4整合\modules\4.8_objectives\docs\4.8容量统一与资产开关审计.md"
"2026-07-31_V4与external归档","V4整合","v4_capacity_audit_4_8.m",".m","5662","2026-07-27 10:45:29","D6DA22AF15F0DF9E26517AC1AE80DA1503EF300E84B0AE52B33A873D01088186","2026-07-31_V4与external归档\V4整合\modules\4.8_objectives\model\v4_capacity_audit_4_8.m"
"2026-07-31_V4与external归档","V4整合","v4_evaluate_objectives_4_8.m",".m","13693","2026-07-27 10:45:29","6678D5FA244088FA6302CD7ADFEC2AF5ADE2883B03A9B2B6C2345DD27742FCEA","2026-07-31_V4与external归档\V4整合\modules\4.8_objectives\model\v4_evaluate_objectives_4_8.m"
"2026-07-31_V4与external归档","V4整合","v4_hydrogen_storage_sizing_4_8.m",".m","1924","2026-07-27 10:45:29","440A1AB70986A45DF081DE9C8DF5B800210B61F97C98F08CD2063D1F8C5691F1","2026-07-31_V4与external归档\V4整合\modules\4.8_objectives\model\v4_hydrogen_storage_sizing_4_8.m"
"2026-07-31_V4与external归档","V4整合","v4_levelized_source_cost_4_8.m",".m","2456","2026-07-25 10:43:12","A51CCBB45935C59C55BDB1AE0503FA79AD394485466E266D3ACA11EFE0004071","2026-07-31_V4与external归档\V4整合\modules\4.8_objectives\model\v4_levelized_source_cost_4_8.m"
"2026-07-31_V4与external归档","V4整合","v4_lifecycle_economics_4_8.m",".m","13118","2026-07-27 10:21:58","4986E8DDC560AA4D393686A8B7EA22844C974B6198C06EEB345AFEE60024DCF8","2026-07-31_V4与external归档\V4整合\modules\4.8_objectives\model\v4_lifecycle_economics_4_8.m"
"2026-07-31_V4与external归档","V4整合","v4_objective_parameters_4_8.m",".m","5641","2026-07-27 10:15:16","D4D10AADB13647DA8497E2AF3F6AEE02AB9F7AEAC5EA21FD7922F6B963C92CAA","2026-07-31_V4与external归档\V4整合\modules\4.8_objectives\model\v4_objective_parameters_4_8.m"
"2026-07-31_V4与external归档","V4整合","v4_public_generation_cost_benchmarks_4_8.m",".m","2384","2026-07-25 10:43:08","9E8E183F00D6360DE972A90158F6B50EA5F40C78C9B8E41CCA42E9B897B1550C","2026-07-31_V4与external归档\V4整合\modules\4.8_objectives\model\v4_public_generation_cost_benchmarks_4_8.m"
"2026-07-31_V4与external归档","V4整合","v4_validate_evaluation_4_8.m",".m","4084","2026-07-26 18:57:13","FE94C801AA172950A4D4C8F9D1CA5F328D6D633411ED71696856F7F05572ADD0","2026-07-31_V4与external归档\V4整合\modules\4.8_objectives\model\v4_validate_evaluation_4_8.m"
"2026-07-31_V4与external归档","V4整合","README.md",".md","2929","2026-07-27 10:49:20","B6E976BEE3816EFD25877A0BE514E0C54A3DBE73EDC66E0B5206D0003DEB2B50","2026-07-31_V4与external归档\V4整合\modules\4.8_objectives\README.md"
"2026-07-31_V4与external归档","V4整合","4.9调度与求解说明.md",".md","9853","2026-07-26 14:35:36","79636B6B927C2537A1D42FA56DBB01ED333FB21300F0C8BB60AFBD6CDA943C45","2026-07-31_V4与external归档\V4整合\modules\4.9_dispatch\docs\4.9调度与求解说明.md"
"2026-07-31_V4与external归档","V4整合","test_v4_dispatch_scenarios_4_9.m",".m","2730","2026-07-26 13:45:13","7E69506CE0C431CA2A9178300678D0C35CC6E979DAE9D8CCB3D0F68C9847368C","2026-07-31_V4与external归档\V4整合\modules\4.9_dispatch\model\test_v4_dispatch_scenarios_4_9.m"
"2026-07-31_V4与external归档","V4整合","test_v4_post_compute_redispatch_4_9.m",".m","3351","2026-07-26 14:20:28","A2F9A0AD98A137F6418EAC58F67E72E6BB84CA1B27D7B185F6AE2E696C8E2F81","2026-07-31_V4与external归档\V4整合\modules\4.9_dispatch\model\test_v4_post_compute_redispatch_4_9.m"
"2026-07-31_V4与external归档","V4整合","test_v4_terminal_path_rules_4_9.m",".m","4351","2026-07-26 14:32:32","749871908142B736CA606CBD105A7B9EF7EDCBA442F658835E8D610EBE96C58A","2026-07-31_V4与external归档\V4整合\modules\4.9_dispatch\model\test_v4_terminal_path_rules_4_9.m"
"2026-07-31_V4与external归档","V4整合","v4_dispatch_4_9.m",".m","22929","2026-07-27 10:08:38","97FC8B06BFAB82599ABB92B1B6297B1ECB089060BB5D5BF0277FA668DCF7FCAE","2026-07-31_V4与external归档\V4整合\modules\4.9_dispatch\model\v4_dispatch_4_9.m"
"2026-07-31_V4与external归档","V4整合","v4_reconcile_actuals_4_9.m",".m","1501","2026-07-24 10:37:46","7EA7DDB21F23A5638D789C1CACE5E3B699FD1A6B999E35BB1430DCFEF852E752","2026-07-31_V4与external归档\V4整合\modules\4.9_dispatch\model\v4_reconcile_actuals_4_9.m"
"2026-07-31_V4与external归档","V4整合","v4_redispatch_after_compute_4_9.m",".m","4010","2026-07-27 10:08:59","8930543B9671C9E3936DB598145914E2093CBB8320C5EB582980F8386B36F58A","2026-07-31_V4与external归档\V4整合\modules\4.9_dispatch\model\v4_redispatch_after_compute_4_9.m"
"2026-07-31_V4与external归档","V4整合","v4_validate_dispatch_4_9.m",".m","6561","2026-07-26 14:08:36","C62F4C5ACC538CB187C77D2C0F61F82BDA9EAC6A725669F4861459B3D6BEA5A3","2026-07-31_V4与external归档\V4整合\modules\4.9_dispatch\model\v4_validate_dispatch_4_9.m"
"2026-07-31_V4与external归档","V4整合","README.md",".md","3507","2026-07-26 14:39:11","A79E6D8C6AD9AFAFAC6012982D5033235ABC099A42EA8345A2C8B0827EFFEEA2","2026-07-31_V4与external归档\V4整合\modules\4.9_dispatch\README.md"
"2026-07-31_V4与external归档","V4整合","README.md",".md","843","2026-07-20 22:15:41","2DBFCE3C488E61839D079338EE6855A99F13A371B0AD5B1BD384975C7DDF7767","2026-07-31_V4与external归档\V4整合\modules\README.md"
"2026-07-31_V4与external归档","V4整合","figure_manifest.csv",".csv","468","2026-07-26 17:00:51","4E64BBD7447936F9386F15129A3F7AD5F40055F3770C686C2EBBE7296C4A5606","2026-07-31_V4与external归档\V4整合\outputs\24h_figures\figure_manifest.csv"
"2026-07-31_V4与external归档","V4整合","01_最终KPI汇总.png",".png","313083","2026-07-26 17:00:48","B1027DE71A34FCC82F5FFB276C99315E8E3575AFEFA31A5CD097D0260A8E9CCB","2026-07-31_V4与external归档\V4整合\outputs\24h_figures\final_kpi\01_最终KPI汇总.png"
"2026-07-31_V4与external归档","V4整合","02_经济收支分项.png",".png","73412","2026-07-26 17:00:48","71AF240BD96460CB3EF6E4D59AB46908F6AF629B70ABFC1E7676BA2F8B12AC01","2026-07-31_V4与external归档\V4整合\outputs\24h_figures\final_kpi\02_经济收支分项.png"
"2026-07-31_V4与external归档","V4整合","03_环境与可靠性分项.png",".png","66027","2026-07-26 17:00:49","57E245E011C74947BF574A75C8D250E5DA0411C4ADEDBC16A78BFF6FECF2380B","2026-07-31_V4与external归档\V4整合\outputs\24h_figures\final_kpi\03_环境与可靠性分项.png"
"2026-07-31_V4与external归档","V4整合","01_多源供能时序.png",".png","89962","2026-07-26 17:00:49","97266117F5D9B91AC86EE9BE595CF9BC3BE2C138B8FA3B595432E838B95F7BE4","2026-07-31_V4与external归档\V4整合\outputs\24h_figures\timeseries\01_多源供能时序.png"
"2026-07-31_V4与external归档","V4整合","02_功率分配与供需状态.png",".png","93859","2026-07-26 17:00:49","3C5FC0210ECAED7D002B4C546F8513FD924EF6E65B319AB72959D955348F29B4","2026-07-31_V4与external归档\V4整合\outputs\24h_figures\timeseries\02_功率分配与供需状态.png"
"2026-07-31_V4与external归档","V4整合","03_电池功率与SOC时序.png",".png","66868","2026-07-26 17:00:50","602E643642E85FC403E8CEAA16098EF639E1918D2AC1009ECD4FF0B6B1E8BFA5","2026-07-31_V4与external归档\V4整合\outputs\24h_figures\timeseries\03_电池功率与SOC时序.png"
"2026-07-31_V4与external归档","V4整合","04_制氢储氢交付时序.png",".png","91363","2026-07-26 17:00:50","67CCCF588FE3985A9DED553809F97F72179C45E9F7BBFB351BAB924CF215EF18","2026-07-31_V4与external归档\V4整合\outputs\24h_figures\timeseries\04_制氢储氢交付时序.png"
"2026-07-31_V4与external归档","V4整合","05_算力功率队列收益时序.png",".png","129589","2026-07-26 17:00:50","C43FA03AF616F2966449854DF648D7FD3928E6F6D92EBAC1D75E7E901687F0FF","2026-07-31_V4与external归档\V4整合\outputs\24h_figures\timeseries\05_算力功率队列收益时序.png"
"2026-07-31_V4与external归档","V4整合","06_多形态产品交付时序.png",".png","108803","2026-07-26 17:00:51","DB1570A62DCF83D10B981B09A5135F1EAB8B2AA1C4FB09C4963650B010BBC4BC","2026-07-31_V4与external归档\V4整合\outputs\24h_figures\timeseries\06_多形态产品交付时序.png"
"2026-07-31_V4与external归档","V4整合","07_响应后再调度时序.png",".png","69683","2026-07-26 17:00:51","87AFFA85D094ED76A6B40CF0CEB2CC77845FA8BD758D6BC88D03ACC2C589891F","2026-07-31_V4与external归档\V4整合\outputs\24h_figures\timeseries\07_响应后再调度时序.png"
"2026-07-31_V4与external归档","V4整合","08_母线残差时序.png",".png","66533","2026-07-26 17:00:51","AB2F1230EC7C92D992AA757E5E557B058F14AB1BCD201978522818E9AC5D9D02","2026-07-31_V4与external归档\V4整合\outputs\24h_figures\timeseries\08_母线残差时序.png"
"2026-07-31_V4与external归档","V4整合","v4_capacity_audit.csv",".csv","1975","2026-07-27 10:51:43","67922C41869785CFE389419A7B707850632BD041A2260E6FF9290D76DABB2D0D","2026-07-31_V4与external归档\V4整合\outputs\asset_switch_C\v4_capacity_audit.csv"
"2026-07-31_V4与external归档","V4整合","v4_compute_audit.json",".json","1837","2026-07-27 10:51:42","0C675C8628B7923C12A437F2492DE04918471ABE8CAE134DFC8FB1769172665F","2026-07-31_V4与external归档\V4整合\outputs\asset_switch_C\v4_compute_audit.json"
"2026-07-31_V4与external归档","V4整合","v4_compute_request.csv",".csv","153","2026-07-27 10:51:40","F965083A17974F4C06563D6BBBE7E0D1FD10CAD5CDC3C6DB0A474EDC08455ADC","2026-07-31_V4与external归档\V4整合\outputs\asset_switch_C\v4_compute_request.csv"
"2026-07-31_V4与external归档","V4整合","v4_compute_response.csv",".csv","5543","2026-07-27 10:51:42","C22A110159EA0AD4DF4710E2B6C9BCAAB3D7CC6CF260B6E81B118D5E659B2CF6","2026-07-31_V4与external归档\V4整合\outputs\asset_switch_C\v4_compute_response.csv"
"2026-07-31_V4与external归档","V4整合","v4_economic_breakdown.csv",".csv","2047","2026-07-27 10:51:43","5B134DD948D358A129E7C100DF4DA8F299D5EE8F456A853309609773B8D3FCEC","2026-07-31_V4与external归档\V4整合\outputs\asset_switch_C\v4_economic_breakdown.csv"
"2026-07-31_V4与external归档","V4整合","v4_environment_breakdown.csv",".csv","572","2026-07-27 10:51:43","C28FF07F761F8D7C1FC374BCEF657D57C5DC49D6BBDE5B02E4157DD6C553F2FC","2026-07-31_V4与external归档\V4整合\outputs\asset_switch_C\v4_environment_breakdown.csv"
"2026-07-31_V4与external归档","V4整合","v4_hourly_detail.csv",".csv","12116","2026-07-27 10:51:43","F5FC58A291DAFDD518D83E04792635EFCDB1A7FBC88F83F0561D82D3DDC88B32","2026-07-31_V4与external归档\V4整合\outputs\asset_switch_C\v4_hourly_detail.csv"
"2026-07-31_V4与external归档","V4整合","v4_hourly_summary.csv",".csv","2601","2026-07-27 10:51:43","453467CC8C3864058E33AEAFEF6AE847032D923C0B42EDCF82301C286C139CAC","2026-07-31_V4与external归档\V4整合\outputs\asset_switch_C\v4_hourly_summary.csv"
"2026-07-31_V4与external归档","V4整合","v4_integration_result.mat",".mat","37810","2026-07-27 10:51:43","18C66104BBC591E8B9D0F992BDFD81BFD2B06E6DF500C9774112626A47BB1310","2026-07-31_V4与external归档\V4整合\outputs\asset_switch_C\v4_integration_result.mat"
"2026-07-31_V4与external归档","V4整合","v4_kpi_summary.csv",".csv","5535","2026-07-27 10:51:43","8391602D2191C85DBE127BB706484715EC20054403955E6DE725519946E67F62","2026-07-31_V4与external归档\V4整合\outputs\asset_switch_C\v4_kpi_summary.csv"
"2026-07-31_V4与external归档","V4整合","v4_lifecycle_asset_ledger.csv",".csv","3217","2026-07-27 10:51:43","F8CFB5502FD07FCCF01AE0E05A98824AAD555EDB8B5537AA6AF460BF01897B42","2026-07-31_V4与external归档\V4整合\outputs\asset_switch_C\v4_lifecycle_asset_ledger.csv"
"2026-07-31_V4与external归档","V4整合","v4_lifecycle_summary.csv",".csv","1706","2026-07-27 10:51:43","AA1F6C1A62B62B9CAAFE9AA99975CA68B7BF622A9F49CFD06FB1D059ED798BA7","2026-07-31_V4与external归档\V4整合\outputs\asset_switch_C\v4_lifecycle_summary.csv"
"2026-07-31_V4与external归档","V4整合","v4_objective_summary.csv",".csv","214","2026-07-27 10:51:43","FCA661B3B01C87CC4E407C11ECEA560BCC796D6A20BBA3378BB37371B4AE2CF3","2026-07-31_V4与external归档\V4整合\outputs\asset_switch_C\v4_objective_summary.csv"
"2026-07-31_V4与external归档","V4整合","v4_output_request.csv",".csv","946","2026-07-27 10:51:42","74E7E506DF63501658599E44E3F84FFE397C08D4A0E8F22467408412A874EED2","2026-07-31_V4与external归档\V4整合\outputs\asset_switch_C\v4_output_request.csv"
"2026-07-31_V4与external归档","V4整合","v4_output_response.csv",".csv","1863","2026-07-27 10:51:43","C808E2A997296B9B7A73ACF3BEB5E6447F39328760CC851AAE2996B0A25621C1","2026-07-31_V4与external归档\V4整合\outputs\asset_switch_C\v4_output_response.csv"
"2026-07-31_V4与external归档","V4整合","v4_capacity_audit.csv",".csv","1912","2026-07-27 10:51:37","C1A5458EC361DD12FCEF86FA5D98D8B9EDB611D6CC3543C70992323222022A6C","2026-07-31_V4与external归档\V4整合\outputs\asset_switch_E\v4_capacity_audit.csv"
"2026-07-31_V4与external归档","V4整合","v4_compute_request.csv",".csv","94","2026-07-27 10:51:34","5C38A0A80D842B55B45D4E11C9BCDF057EA3A858E3E703783DC35390A33D03AC","2026-07-31_V4与external归档\V4整合\outputs\asset_switch_E\v4_compute_request.csv"
"2026-07-31_V4与external归档","V4整合","v4_compute_response.csv",".csv","1147","2026-07-27 10:51:35","8108EACE9222F68C497802BB4E16C24948DB7A9BDB565187251D0745F6EB71B0","2026-07-31_V4与external归档\V4整合\outputs\asset_switch_E\v4_compute_response.csv"
"2026-07-31_V4与external归档","V4整合","v4_economic_breakdown.csv",".csv","2031","2026-07-27 10:51:37","6EB1054A2C6CCF4009C9634FC893A126A64E0B4D5B13D9497000DDB29FE1AED2","2026-07-31_V4与external归档\V4整合\outputs\asset_switch_E\v4_economic_breakdown.csv"
"2026-07-31_V4与external归档","V4整合","v4_environment_breakdown.csv",".csv","572","2026-07-27 10:51:37","F4D50947426D37F89AB63AB4224AB0241E5EF020C10759C41292794E69E83CB6","2026-07-31_V4与external归档\V4整合\outputs\asset_switch_E\v4_environment_breakdown.csv"
"2026-07-31_V4与external归档","V4整合","v4_hourly_detail.csv",".csv","9061","2026-07-27 10:51:37","06ACA2E3B03D2C7A406B9FDC713CCE19C53DE6EA31C07FE8E267FB89F0742D0F","2026-07-31_V4与external归档\V4整合\outputs\asset_switch_E\v4_hourly_detail.csv"
"2026-07-31_V4与external归档","V4整合","v4_hourly_summary.csv",".csv","2318","2026-07-27 10:51:37","1DBDEC896830B873C36D9728595D54F92ECB1B495B15B6AB2EABD041CBE4617E","2026-07-31_V4与external归档\V4整合\outputs\asset_switch_E\v4_hourly_summary.csv"
"2026-07-31_V4与external归档","V4整合","v4_integration_result.mat",".mat","36396","2026-07-27 10:51:37","F561A42B3B0621A7D3FDC5044F122CE8F46EFC9A1E5F429C39333B91ECBA5DF9","2026-07-31_V4与external归档\V4整合\outputs\asset_switch_E\v4_integration_result.mat"
"2026-07-31_V4与external归档","V4整合","v4_kpi_summary.csv",".csv","5511","2026-07-27 10:51:37","CE2D5BA6E0D591857335BC1B01BD53AE79BAA176EAB592EA705E71951E7D2921","2026-07-31_V4与external归档\V4整合\outputs\asset_switch_E\v4_kpi_summary.csv"
"2026-07-31_V4与external归档","V4整合","v4_lifecycle_asset_ledger.csv",".csv","3165","2026-07-27 10:51:37","CE5674FCCC55A3FE5A173F956D0C04085BF69EF05D1B95D5E60A8FB73E70B529","2026-07-31_V4与external归档\V4整合\outputs\asset_switch_E\v4_lifecycle_asset_ledger.csv"
"2026-07-31_V4与external归档","V4整合","v4_lifecycle_summary.csv",".csv","1709","2026-07-27 10:51:37","155BB6481898F294B40A7852E9D3197D8DD37D4D0FA449BA5BCB17F6E1C172CD","2026-07-31_V4与external归档\V4整合\outputs\asset_switch_E\v4_lifecycle_summary.csv"
"2026-07-31_V4与external归档","V4整合","v4_objective_summary.csv",".csv","214","2026-07-27 10:51:37","30D71EF71CFC4B2D84A1E68CFAA9C76F8F1AF56901B80BAD1D7821742143E39A","2026-07-31_V4与external归档\V4整合\outputs\asset_switch_E\v4_objective_summary.csv"
"2026-07-31_V4与external归档","V4整合","v4_output_request.csv",".csv","660","2026-07-27 10:51:35","175A64D8DA5D9D7D3C4E7A672800AEED666601EFDF483CF483B74393F6D11E26","2026-07-31_V4与external归档\V4整合\outputs\asset_switch_E\v4_output_request.csv"
"2026-07-31_V4与external归档","V4整合","v4_output_response.csv",".csv","1716","2026-07-27 10:51:35","6222347AA5B0EF0843661A605FA0BF0A62D3A6D3298CA7E694DD259AC1ECE7BC","2026-07-31_V4与external归档\V4整合\outputs\asset_switch_E\v4_output_response.csv"
"2026-07-31_V4与external归档","V4整合","v4_capacity_audit.csv",".csv","1873","2026-07-27 10:51:39","24D3BCDF31383502EFF203413C3551BE9A55B894E5C0DFE1D2D646D38C9AA02E","2026-07-31_V4与external归档\V4整合\outputs\asset_switch_H\v4_capacity_audit.csv"
"2026-07-31_V4与external归档","V4整合","v4_compute_request.csv",".csv","94","2026-07-27 10:51:38","5C38A0A80D842B55B45D4E11C9BCDF057EA3A858E3E703783DC35390A33D03AC","2026-07-31_V4与external归档\V4整合\outputs\asset_switch_H\v4_compute_request.csv"
"2026-07-31_V4与external归档","V4整合","v4_compute_response.csv",".csv","1147","2026-07-27 10:51:38","8108EACE9222F68C497802BB4E16C24948DB7A9BDB565187251D0745F6EB71B0","2026-07-31_V4与external归档\V4整合\outputs\asset_switch_H\v4_compute_response.csv"
"2026-07-31_V4与external归档","V4整合","v4_economic_breakdown.csv",".csv","2065","2026-07-27 10:51:39","CC600E01B567326DE40C79D69332693148984A706BE48EEB5B6043430CAEC49D","2026-07-31_V4与external归档\V4整合\outputs\asset_switch_H\v4_economic_breakdown.csv"
"2026-07-31_V4与external归档","V4整合","v4_environment_breakdown.csv",".csv","587","2026-07-27 10:51:39","D636FAF4F0C173CDD40708DF5705E2793D7F7B5C599DAF463B9884F3CCE4D1EF","2026-07-31_V4与external归档\V4整合\outputs\asset_switch_H\v4_environment_breakdown.csv"
"2026-07-31_V4与external归档","V4整合","v4_hourly_detail.csv",".csv","10586","2026-07-27 10:51:39","3DD205D3528D22102E5634C3FF86FFC35AA82E7474BDC7DA0BE563B0579A6DC4","2026-07-31_V4与external归档\V4整合\outputs\asset_switch_H\v4_hourly_detail.csv"
"2026-07-31_V4与external归档","V4整合","v4_hourly_summary.csv",".csv","2985","2026-07-27 10:51:39","73E11736E5113FAF17C04FFBB9E599AB10BA400C5E301106C4E9BF57E879D796","2026-07-31_V4与external归档\V4整合\outputs\asset_switch_H\v4_hourly_summary.csv"
"2026-07-31_V4与external归档","V4整合","v4_integration_result.mat",".mat","37017","2026-07-27 10:51:39","7ACFB412F20F136407ADBF560A768C7E61E2AAA2D202C63C264D1E2BDE1477DC","2026-07-31_V4与external归档\V4整合\outputs\asset_switch_H\v4_integration_result.mat"
"2026-07-31_V4与external归档","V4整合","v4_kpi_summary.csv",".csv","5528","2026-07-27 10:51:39","5492DBDAF02F15B232B778F4BDC7901AAEFA42C660AFC0FEEBF8FF2C4DB0D549","2026-07-31_V4与external归档\V4整合\outputs\asset_switch_H\v4_kpi_summary.csv"
"2026-07-31_V4与external归档","V4整合","v4_lifecycle_asset_ledger.csv",".csv","3196","2026-07-27 10:51:39","786FEFC8AF01F1018B96C58D6C121A32598E45BD9FEB5AF4D0FA3317A91A04A3","2026-07-31_V4与external归档\V4整合\outputs\asset_switch_H\v4_lifecycle_asset_ledger.csv"
"2026-07-31_V4与external归档","V4整合","v4_lifecycle_summary.csv",".csv","1724","2026-07-27 10:51:39","5690333F2309D164ABD687376DFF03FE45028520500C4FAD0D57E8C562ABE76B","2026-07-31_V4与external归档\V4整合\outputs\asset_switch_H\v4_lifecycle_summary.csv"
"2026-07-31_V4与external归档","V4整合","v4_objective_summary.csv",".csv","214","2026-07-27 10:51:39","71C8913580EE2CE617DC1784E92A03080AD9C0E2AB66138270A2D236F58EC391","2026-07-31_V4与external归档\V4整合\outputs\asset_switch_H\v4_objective_summary.csv"
"2026-07-31_V4与external归档","V4整合","v4_output_request.csv",".csv","1247","2026-07-27 10:51:38","5708CA5C727875BF8AA4343D4569EBE15FAFA5F144EAD0F641A97DCB75A7456A","2026-07-31_V4与external归档\V4整合\outputs\asset_switch_H\v4_output_request.csv"
"2026-07-31_V4与external归档","V4整合","v4_output_response.csv",".csv","2808","2026-07-27 10:51:39","72FE191171EF5EA9669CD8AC035C21D322A1A4707FEF6AFF3FC5A58E25FBBDC4","2026-07-31_V4与external归档\V4整合\outputs\asset_switch_H\v4_output_response.csv"
"2026-07-31_V4与external归档","V4整合","all_channel_summary.csv",".csv","274","2026-07-27 10:50:39","EF095A01644E4ACBE27AFF9B2C12F2F90F7EF2C89F586704AEA15298F18ACE3B","2026-07-31_V4与external归档\V4整合\outputs\chapter5_all_channel_48h\all_channel_summary.csv"
"2026-07-31_V4与external归档","V4整合","all_channel_validation_report.csv",".csv","804","2026-07-27 10:50:39","7A256B5895DC9BE1CAD298402426E18BBD178EEC86BFBA7930CA8A7648E0F535","2026-07-31_V4与external归档\V4整合\outputs\chapter5_all_channel_48h\all_channel_validation_report.csv"
"2026-07-31_V4与external归档","V4整合","figure_manifest.csv",".csv","468","2026-07-27 10:51:06","4E64BBD7447936F9386F15129A3F7AD5F40055F3770C686C2EBBE7296C4A5606","2026-07-31_V4与external归档\V4整合\outputs\chapter5_all_channel_48h\figures\figure_manifest.csv"
"2026-07-31_V4与external归档","V4整合","01_最终KPI汇总.png",".png","494611","2026-07-27 10:51:02","3CF68BDE5F5953A1B03D9E2E9609197BCDB93393B83C77A16C11A0611140F540","2026-07-31_V4与external归档\V4整合\outputs\chapter5_all_channel_48h\figures\final_kpi\01_最终KPI汇总.png"
"2026-07-31_V4与external归档","V4整合","02_经济收支分项.png",".png","95833","2026-07-27 10:51:03","546AA64F340024830CCAA10C038E97ED8FA66CF7A33A93A7A6EB48D42907289F","2026-07-31_V4与external归档\V4整合\outputs\chapter5_all_channel_48h\figures\final_kpi\02_经济收支分项.png"
"2026-07-31_V4与external归档","V4整合","03_环境与可靠性分项.png",".png","67230","2026-07-27 10:51:03","2F82AC3B52103508D714AAC6736E87F869246F554FEFC6E9F4785D3C37AA0375","2026-07-31_V4与external归档\V4整合\outputs\chapter5_all_channel_48h\figures\final_kpi\03_环境与可靠性分项.png"
"2026-07-31_V4与external归档","V4整合","01_多源供能时序.png",".png","102866","2026-07-27 10:51:03","B60EB1B92865694DE762C8B52B399902403249C621BD8B78D4E8EAE7B5708BC9","2026-07-31_V4与external归档\V4整合\outputs\chapter5_all_channel_48h\figures\timeseries\01_多源供能时序.png"
"2026-07-31_V4与external归档","V4整合","02_功率分配与供需状态.png",".png","113013","2026-07-27 10:51:04","AD39BB1D9DE7ADB10B989965DEA430AB5395D6E6FF333029287418DCF3441D99","2026-07-31_V4与external归档\V4整合\outputs\chapter5_all_channel_48h\figures\timeseries\02_功率分配与供需状态.png"
"2026-07-31_V4与external归档","V4整合","03_电池功率与SOC时序.png",".png","72262","2026-07-27 10:51:04","E5FBA8A9D6129EC63817E5F8702BCEBFC05502FD82E2D1FB9877B065E363DFBB","2026-07-31_V4与external归档\V4整合\outputs\chapter5_all_channel_48h\figures\timeseries\03_电池功率与SOC时序.png"
"2026-07-31_V4与external归档","V4整合","04_制氢储氢交付时序.png",".png","98470","2026-07-27 10:51:04","B86EFEF34B1D68C1D954D2A54189B616CAB5B537AC60DB0FA54A2FD3AA065AD1","2026-07-31_V4与external归档\V4整合\outputs\chapter5_all_channel_48h\figures\timeseries\04_制氢储氢交付时序.png"
"2026-07-31_V4与external归档","V4整合","05_算力功率队列收益时序.png",".png","130062","2026-07-27 10:51:05","1194BE2A4339DB0AADA627705711A9E1F4E2D5697BDD1BFD3D050712E3DC5710","2026-07-31_V4与external归档\V4整合\outputs\chapter5_all_channel_48h\figures\timeseries\05_算力功率队列收益时序.png"
"2026-07-31_V4与external归档","V4整合","06_多形态产品交付时序.png",".png","116956","2026-07-27 10:51:05","582284020AEE770011814AF130D9A1BC4CA7CBA5D7EED420413DD8CA7E9BCDEF","2026-07-31_V4与external归档\V4整合\outputs\chapter5_all_channel_48h\figures\timeseries\06_多形态产品交付时序.png"
"2026-07-31_V4与external归档","V4整合","07_响应后再调度时序.png",".png","75176","2026-07-27 10:51:06","06BB4FD2A853040FC48FE88D938260D960CF0AD3628EA0A36560645A8AF1881F","2026-07-31_V4与external归档\V4整合\outputs\chapter5_all_channel_48h\figures\timeseries\07_响应后再调度时序.png"
"2026-07-31_V4与external归档","V4整合","08_母线残差时序.png",".png","66598","2026-07-27 10:51:06","C03055984EDB63A0BDA47EC6A9988C8B2A2B47E86D48C39EEE1FF75BF2BC03B2","2026-07-31_V4与external归档\V4整合\outputs\chapter5_all_channel_48h\figures\timeseries\08_母线残差时序.png"
"2026-07-31_V4与external归档","V4整合","v4_capacity_audit.csv",".csv","2365","2026-07-27 10:50:39","0E768E79E942FFFCB9E32ACF52D8CC9A41511D0F4F0BD5AC0D5DC41A9EFF7DFB","2026-07-31_V4与external归档\V4整合\outputs\chapter5_all_channel_48h\v4_capacity_audit.csv"
"2026-07-31_V4与external归档","V4整合","v4_compute_audit.json",".json","1304","2026-07-27 10:50:38","8589B26D8D01613FB12097AF55F39A8D83F4AFC2ECCE22B3A861952159FFEE69","2026-07-31_V4与external归档\V4整合\outputs\chapter5_all_channel_48h\v4_compute_audit.json"
"2026-07-31_V4与external归档","V4整合","v4_compute_request.csv",".csv","296","2026-07-27 10:50:37","84116BE3DF355E6F599CF03D81B41271ED214B0A9BE83CB6CE2D494B172815F1","2026-07-31_V4与external归档\V4整合\outputs\chapter5_all_channel_48h\v4_compute_request.csv"
"2026-07-31_V4与external归档","V4整合","v4_compute_response.csv",".csv","7730","2026-07-27 10:50:38","8C495D037DC636F73F842F24AB2C37EE9EE5E2F65D1524A8DF37D93738144A84","2026-07-31_V4与external归档\V4整合\outputs\chapter5_all_channel_48h\v4_compute_response.csv"
"2026-07-31_V4与external归档","V4整合","v4_economic_breakdown.csv",".csv","2311","2026-07-27 10:50:39","5432EAEFA5FC508A351969499A3EE7ECBA308C513E1AA563E5B36B5C79C41609","2026-07-31_V4与external归档\V4整合\outputs\chapter5_all_channel_48h\v4_economic_breakdown.csv"
"2026-07-31_V4与external归档","V4整合","v4_environment_breakdown.csv",".csv","638","2026-07-27 10:50:39","FB0F863219DEBAC83E5457E2FFC55262F4F780B821799815817C403C23F149F5","2026-07-31_V4与external归档\V4整合\outputs\chapter5_all_channel_48h\v4_environment_breakdown.csv"
"2026-07-31_V4与external归档","V4整合","v4_hourly_detail.csv",".csv","24600","2026-07-27 10:50:39","18FC77B8DC6A7586E392C40346FA40FC1810068969D4611A318FB89117A0ACD0","2026-07-31_V4与external归档\V4整合\outputs\chapter5_all_channel_48h\v4_hourly_detail.csv"
"2026-07-31_V4与external归档","V4整合","v4_hourly_summary.csv",".csv","5838","2026-07-27 10:50:39","B67D2FE701EC8A580793886C70A16F05D209683E0FA50ED040CAD349406042CB","2026-07-31_V4与external归档\V4整合\outputs\chapter5_all_channel_48h\v4_hourly_summary.csv"
"2026-07-31_V4与external归档","V4整合","v4_integration_result.mat",".mat","45731","2026-07-27 10:50:39","86D99BE10DE09BFFC3CE2C31176D0C92FBED742B8C41874B7AE97A67169CD713","2026-07-31_V4与external归档\V4整合\outputs\chapter5_all_channel_48h\v4_integration_result.mat"
"2026-07-31_V4与external归档","V4整合","v4_kpi_summary.csv",".csv","6102","2026-07-27 10:50:39","37BF0E0F3092B0954C8D82324623E95FFC2850EB2746B69904256FD1F4409331","2026-07-31_V4与external归档\V4整合\outputs\chapter5_all_channel_48h\v4_kpi_summary.csv"
"2026-07-31_V4与external归档","V4整合","v4_lifecycle_asset_ledger.csv",".csv","3580","2026-07-27 10:50:39","CABEBCB0F28199262EBB085014C362B5EFFE4793736881174D5E708E6EF93337","2026-07-31_V4与external归档\V4整合\outputs\chapter5_all_channel_48h\v4_lifecycle_asset_ledger.csv"
"2026-07-31_V4与external归档","V4整合","v4_lifecycle_summary.csv",".csv","1729","2026-07-27 10:50:39","09ED0D8A71769C9913D4057A2F268A31E391255BEBA3C50D2AE60FE62765A2E7","2026-07-31_V4与external归档\V4整合\outputs\chapter5_all_channel_48h\v4_lifecycle_summary.csv"
"2026-07-31_V4与external归档","V4整合","v4_objective_summary.csv",".csv","227","2026-07-27 10:50:39","C293930F2620254E2A781D3E80A0D87689D5E09F3A5DD2F127BF9FF7F4D6A401","2026-07-31_V4与external归档\V4整合\outputs\chapter5_all_channel_48h\v4_objective_summary.csv"
"2026-07-31_V4与external归档","V4整合","v4_output_request.csv",".csv","2701","2026-07-27 10:50:38","1FA1E95254BEEDA4EFC1AE1B60D0CFE79A3A72E08CADC03A59EFB1B7C59EC77C","2026-07-31_V4与external归档\V4整合\outputs\chapter5_all_channel_48h\v4_output_request.csv"
"2026-07-31_V4与external归档","V4整合","v4_output_response.csv",".csv","5822","2026-07-27 10:50:39","E65962F82950688F471C1627ED59FF88F05EB372C6654C605BADD4D3D2843354","2026-07-31_V4与external归档\V4整合\outputs\chapter5_all_channel_48h\v4_output_response.csv"
"2026-07-31_V4与external归档","V4整合","figure_manifest.csv",".csv","468","2026-07-27 10:51:02","4E64BBD7447936F9386F15129A3F7AD5F40055F3770C686C2EBBE7296C4A5606","2026-07-31_V4与external归档\V4整合\outputs\figures\figure_manifest.csv"
"2026-07-31_V4与external归档","V4整合","01_最终KPI汇总.png",".png","493934","2026-07-27 10:50:58","9942804AC5D6A52F91E72474E570741EB5B2C60C8544C1E66413CCAEE3FDC0E4","2026-07-31_V4与external归档\V4整合\outputs\figures\final_kpi\01_最终KPI汇总.png"
"2026-07-31_V4与external归档","V4整合","02_经济收支分项.png",".png","98033","2026-07-27 10:50:59","2B54250E447AA1999A6D9E9A185BE1CFF4852C7CBB8E389E7B622BB6E7047153","2026-07-31_V4与external归档\V4整合\outputs\figures\final_kpi\02_经济收支分项.png"
"2026-07-31_V4与external归档","V4整合","03_环境与可靠性分项.png",".png","66986","2026-07-27 10:50:59","415463DA7FAA90011CF277B5F708D43C56218B345531DC255ECDE49B62C05B3F","2026-07-31_V4与external归档\V4整合\outputs\figures\final_kpi\03_环境与可靠性分项.png"
"2026-07-31_V4与external归档","V4整合","01_多源供能时序.png",".png","98848","2026-07-27 10:50:59","D5514627DC9A5A3B591D97C789FB84DAE2E5466558F8B5DBA3427F21BECC26ED","2026-07-31_V4与external归档\V4整合\outputs\figures\timeseries\01_多源供能时序.png"
"2026-07-31_V4与external归档","V4整合","02_功率分配与供需状态.png",".png","114372","2026-07-27 10:51:00","A07BB2BC1FC949F6A94F78D6C3BEE43C34EFC50DDFD32FF868414E7F8DCDBFB2","2026-07-31_V4与external归档\V4整合\outputs\figures\timeseries\02_功率分配与供需状态.png"
"2026-07-31_V4与external归档","V4整合","03_电池功率与SOC时序.png",".png","60977","2026-07-27 10:51:00","0B2F7F029658F4C8847CAD33D89FBB7F1179296A41734794E976ADD5A7170AFF","2026-07-31_V4与external归档\V4整合\outputs\figures\timeseries\03_电池功率与SOC时序.png"
"2026-07-31_V4与external归档","V4整合","04_制氢储氢交付时序.png",".png","94634","2026-07-27 10:51:00","4063EE64B28AA637D3BC4C17627A57C0CB42FBABDD46350BD1645BC7DB720037","2026-07-31_V4与external归档\V4整合\outputs\figures\timeseries\04_制氢储氢交付时序.png"
"2026-07-31_V4与external归档","V4整合","05_算力功率队列收益时序.png",".png","138605","2026-07-27 10:51:01","236B3331DEC827E39442AFB502BFCA0E74210404959433F1028E4E1126C2ED0B","2026-07-31_V4与external归档\V4整合\outputs\figures\timeseries\05_算力功率队列收益时序.png"
"2026-07-31_V4与external归档","V4整合","06_多形态产品交付时序.png",".png","114397","2026-07-27 10:51:01","14C0D90756DD904D75407D0663D8D273EFA0BA7CE36E9CB4E076CC38BB571120","2026-07-31_V4与external归档\V4整合\outputs\figures\timeseries\06_多形态产品交付时序.png"
"2026-07-31_V4与external归档","V4整合","07_响应后再调度时序.png",".png","83316","2026-07-27 10:51:02","DA7DEC13124A49CBC05D91DA719763B3F81E157ECD4949F8273A0A3E5ECD9177","2026-07-31_V4与external归档\V4整合\outputs\figures\timeseries\07_响应后再调度时序.png"
"2026-07-31_V4与external归档","V4整合","08_母线残差时序.png",".png","66533","2026-07-27 10:51:02","AB2F1230EC7C92D992AA757E5E557B058F14AB1BCD201978522818E9AC5D9D02","2026-07-31_V4与external归档\V4整合\outputs\figures\timeseries\08_母线残差时序.png"
"2026-07-31_V4与external归档","V4整合","test_compute_power_following.csv",".csv","3076","2026-07-24 10:42:58","D87E3C76AC8AE2968ED80101F9305FCC2E5CAC841FB6901BAA57805FBED6B488","2026-07-31_V4与external归档\V4整合\outputs\test_compute_power_following.csv"
"2026-07-31_V4与external归档","V4整合","test_compute_sla.csv",".csv","3190","2026-07-24 10:42:57","64B05391C1D066EE18E0E9D789DF2222561F74B85FEAAA83965F89F742E13B21","2026-07-31_V4与external归档\V4整合\outputs\test_compute_sla.csv"
"2026-07-31_V4与external归档","V4整合","v4_capacity_audit.csv",".csv","2359","2026-07-27 10:50:35","476D6AD48D7DF4A1FBEECF6AC965B422982921F1BF32ADCE1FC0346093A99A84","2026-07-31_V4与external归档\V4整合\outputs\v4_capacity_audit.csv"
"2026-07-31_V4与external归档","V4整合","v4_compute_audit.json",".json","1837","2026-07-27 10:50:32","0C675C8628B7923C12A437F2492DE04918471ABE8CAE134DFC8FB1769172665F","2026-07-31_V4与external归档\V4整合\outputs\v4_compute_audit.json"
"2026-07-31_V4与external归档","V4整合","v4_compute_request.csv",".csv","153","2026-07-27 10:50:31","F965083A17974F4C06563D6BBBE7E0D1FD10CAD5CDC3C6DB0A474EDC08455ADC","2026-07-31_V4与external归档\V4整合\outputs\v4_compute_request.csv"
"2026-07-31_V4与external归档","V4整合","v4_compute_response.csv",".csv","5543","2026-07-27 10:50:32","C22A110159EA0AD4DF4710E2B6C9BCAAB3D7CC6CF260B6E81B118D5E659B2CF6","2026-07-31_V4与external归档\V4整合\outputs\v4_compute_response.csv"
"2026-07-31_V4与external归档","V4整合","v4_economic_breakdown.csv",".csv","2170","2026-07-27 10:50:35","2B9EBB11AF42E4CE0BD493E9164E3C26451152F2EB5D37D505E0DBFE477B2255","2026-07-31_V4与external归档\V4整合\outputs\v4_economic_breakdown.csv"
"2026-07-31_V4与external归档","V4整合","v4_environment_breakdown.csv",".csv","602","2026-07-27 10:50:35","56D2F223DAC58EA0B357779A2AC01B9CB067C69AA83E8F2F43CF8DB3A5ED637C","2026-07-31_V4与external归档\V4整合\outputs\v4_environment_breakdown.csv"
"2026-07-31_V4与external归档","V4整合","v4_hourly_detail.csv",".csv","14578","2026-07-27 10:50:35","B592CEA854B01F183D61E5F0778572B9ACE84D2B58EE131B75F704BE1730F346","2026-07-31_V4与external归档\V4整合\outputs\v4_hourly_detail.csv"
"2026-07-31_V4与external归档","V4整合","v4_hourly_summary.csv",".csv","3450","2026-07-27 10:50:35","D7243D9B18391986CE4E1BA9E0B482028436974974A4184A58EBB9CBE1EFD90A","2026-07-31_V4与external归档\V4整合\outputs\v4_hourly_summary.csv"
"2026-07-31_V4与external归档","V4整合","v4_integration_result.mat",".mat","39530","2026-07-27 10:50:35","47C103F19752F44CEC7AF275EA1A55EA95C3A9DECC6EC61A69E9A6B5D5D6D533","2026-07-31_V4与external归档\V4整合\outputs\v4_integration_result.mat"
"2026-07-31_V4与external归档","V4整合","v4_kpi_summary.csv",".csv","5748","2026-07-27 10:50:35","FB014274DFED9B7CDFB56D331313DA442D46A26A87FB3ED4654E72DC45AD5965","2026-07-31_V4与external归档\V4整合\outputs\v4_kpi_summary.csv"
"2026-07-31_V4与external归档","V4整合","v4_lifecycle_asset_ledger.csv",".csv","3580","2026-07-27 10:50:35","CABEBCB0F28199262EBB085014C362B5EFFE4793736881174D5E708E6EF93337","2026-07-31_V4与external归档\V4整合\outputs\v4_lifecycle_asset_ledger.csv"
"2026-07-31_V4与external归档","V4整合","v4_lifecycle_summary.csv",".csv","1727","2026-07-27 10:50:35","979BB1F596438D4445A135325569C03A8585E7F327BF6259DA350FCB6A07EABC","2026-07-31_V4与external归档\V4整合\outputs\v4_lifecycle_summary.csv"
"2026-07-31_V4与external归档","V4整合","v4_objective_summary.csv",".csv","211","2026-07-27 10:50:35","25A6BB2D474858D65714DAAAEB630F1782FB7A0F88D42F89C27C3BD68177DBF5","2026-07-31_V4与external归档\V4整合\outputs\v4_objective_summary.csv"
"2026-07-31_V4与external归档","V4整合","v4_output_request.csv",".csv","1689","2026-07-27 10:50:34","DC42C47FF6A71DDA60B8C447186191D4B20BAF27702966D94557733F27727791","2026-07-31_V4与external归档\V4整合\outputs\v4_output_request.csv"
"2026-07-31_V4与external归档","V4整合","v4_output_response.csv",".csv","3398","2026-07-27 10:50:34","EE7490371B1481D8FE335824CDDDD607A7A91921CDF01A1DCE3165CA4848D8DA","2026-07-31_V4与external归档\V4整合\outputs\v4_output_response.csv"
"2026-07-31_V4与external归档","V4整合","v4_test_report.mat",".mat","1281","2026-07-26 17:00:02","865B5659193B446E687A857EEE581A44E02D2351661AFF4A95D5DFBE353F54B0","2026-07-31_V4与external归档\V4整合\outputs\v4_test_report.mat"
"2026-07-31_V4与external归档","V4整合","README.md",".md","9187","2026-07-27 10:48:11","1839DFE26CBA2EC6028D168B5462B861CC1886B262E0659FC642F7667D1605EA","2026-07-31_V4与external归档\V4整合\README.md"
"2026-07-31_V4与external归档","V4整合","run_all_tests_v4.m",".m","10202","2026-07-27 10:46:19","939382DD132B701ECB0CA2B13645CE803553803ED50AD2389427249E5DDC9E37","2026-07-31_V4与external归档\V4整合\run_all_tests_v4.m"
"2026-07-31_V4与external归档","V4整合","run_v4_integration.m",".m","24230","2026-07-27 10:14:12","6F58FCFDDB165DFF9153775DC78706E31E6A9E49DE5135C33DE8A1CFADF3D0D6","2026-07-31_V4与external归档\V4整合\run_v4_integration.m"
"2026-07-31_V4与external归档","V4整合","V4第四章整体章节文案.md",".md","35412","2026-07-27 10:49:44","D4265D85356C109B517790BA5470AD2E3CA7A74F408E49FF3E5C807397DD903B","2026-07-31_V4与external归档\V4整合\V4第四章整体章节文案.md"
"2026-07-31_V4与external归档","V4整合","V4模块任务完成度与去重审查.md",".md","25576","2026-07-27 10:49:20","83BC555BEBDFA4BEF0E0AE665DE90BCD3FF56DCF305B8A075BE7B744BDE0D239","2026-07-31_V4与external归档\V4整合\V4模块任务完成度与去重审查.md"
"2026-07-31_V4与external归档","V4整合","V4文档代码图像一致性检查报告.md",".md","8518","2026-07-27 10:48:11","D93FEBA8A9EE894C280FDFBD1E43370CC26EC9AA53323013DAAC12FAD3F480F9","2026-07-31_V4与external归档\V4整合\V4文档代码图像一致性检查报告.md"
"2026-07-31_V4与external归档","V4整合","V4整合说明与验收清单.md",".md","6240","2026-07-26 14:46:00","AEB7599C697066B1BC9F9492566A8C3695256E898171730665B2480AA28C2591","2026-07-31_V4与external归档\V4整合\V4整合说明与验收清单.md"
"2026-07-31_V4与external归档","","归档清单.csv",".csv","66893","2026-07-31 15:26:57","DA05D646526AB14FFE0326713379E243D8EB3A34F5B5348A1C2E184FFA40AB29","2026-07-31_V4与external归档\归档清单.csv"
"ROOT_INDEX","","归档整理记录_20260723.md",".md","2450","2026-07-23 09:48:50","82AA4D331F5FD32C9DC8F38B5EDB8F6B0354E9C3E9F533D3AEAF10E33426D868","归档整理记录_20260723.md"
"ROOT_INDEX","","快速查找说明.md",".md","1079","2026-07-23 09:42:02","5BBF942F241961B9D3C85D4D51A5470625DDF8BA9A036E53FC8618A42B8D048C","快速查找说明.md"
"ROOT_INDEX","","历史资料索引.md",".md","2542","2026-07-23 09:42:01","B01164B69F3CE4A7E316889E5A90FE3C0355694F8A35EB343858ACF357ECAFA9","历史资料索引.md"
